subject_id,group,condition,channel,delta,theta,alpha,beta,gamma
1,nonMD,EC,AFz,71889.56,28898.29,20615.7,7869.028,2401.802
1,nonMD,EC,Fp1,117148.3,35863.45,25963.33,11153.56,4619.788
1,nonMD,EC,Fp2,90588.95,37870.13,26172.59,12593.82,3882.257
1,nonMD,EC,AF3,75084.15,28391.36,20780.13,8105.555,2479.715
1,nonMD,EC,AF4,88281.61,33660.27,22823.22,10143.8,4285.433
1,nonMD,EC,F7,58435.72,19533.93,14333.78,6853.458,2432.472
1,nonMD,EC,F3,74009.8,28414.83,21029.51,7883.464,2241.369
1,nonMD,EC,Fz,71296.66,29892.39,22943.9,7797.701,2145.942
1,nonMD,EC,F4,48097.29,21050.35,13526.29,5888.167,2263.707
1,nonMD,EC,F8,98850.47,29529.12,18735.48,10446.88,3969.368
1,nonMD,EC,FC5,33668.99,13706.11,9925.689,4741.145,1272.875
1,nonMD,EC,FC1,70705.1,28091.77,19886,7096.782,1818.824
1,nonMD,EC,FC2,53901.32,21689.01,13913.44,5573.796,1693.265
1,nonMD,EC,FC6,33357.15,13728.99,8809.381,4541.186,1929.399
1,nonMD,EC,T7,45601.81,18769.4,11884.43,6135.446,2161.216
1,nonMD,EC,C3,38577.17,16563.07,11337.16,5861.28,1675.873
1,nonMD,EC,Cz,63941.55,28094.07,14116.39,5550.854,1633.32
1,nonMD,EC,C4,26169.76,12354.28,8139.26,4116.486,1210.856
1,nonMD,EC,T8,44266.63,16169,9944.859,4716.71,1755.433
1,nonMD,EC,CP5,37516.12,18233.27,13262.17,5867.278,1608.754
1,nonMD,EC,CP1,37104.62,17417.75,13580.47,5064.027,1197.437
1,nonMD,EC,CP2,40211.33,18393.28,12179.41,5458.549,1306.152
1,nonMD,EC,CP6,177073.7,65717.98,55637.59,23642.75,7972.284
1,nonMD,EC,P7,50455.45,22618.28,19119.46,7136.769,2393.302
1,nonMD,EC,P3,43838.51,22047.81,25119.77,7278.811,1625.888
1,nonMD,EC,Pz,57812.27,27796.43,29642.24,8630.612,1771.338
1,nonMD,EC,P4,42675.3,19670.14,19259.86,6896.327,1477.369
1,nonMD,EC,P8,45743.58,18695.43,14906.33,5477.167,1344.87
1,nonMD,EC,PO3,61856.49,25666.86,33385.26,8576.099,2082.475
1,nonMD,EC,PO4,47467.05,18854.34,19491.62,6569.526,1490.638
1,nonMD,EC,O1,66184.56,23215.48,21769.25,10105.17,3298.894
1,nonMD,EC,O2,53429.19,20472.89,19192.9,9371.202,2779.904
1,nonMD,EC,AF7,117101.1,36373.86,26008.71,12031.14,5546.079
1,nonMD,EC,AF8,144315,54371.3,35700.79,17473.37,6018.785
1,nonMD,EC,F5,58608.34,21834.81,16275.96,6949.371,2307.988
1,nonMD,EC,F1,85632.92,34290.87,25612.93,8997.33,2385.385
1,nonMD,EC,F2,58259.47,25324.62,18009.12,6633.896,2205.07
1,nonMD,EC,F6,47410.99,19182.46,12865,6288.081,2068.327
1,nonMD,EC,FT7,49578.46,18568,12041.61,6210.99,2356.557
1,nonMD,EC,FC3,40643.41,17040.85,12931.81,5129.55,1369.791
1,nonMD,EC,FCz,88551.06,35062.84,22360.2,7673.444,2147.424
1,nonMD,EC,FC4,31464.08,14165,9398.912,4341.841,1608.254
1,nonMD,EC,FT8,37609.08,12220.97,7969.199,4650.006,1696.212
1,nonMD,EC,C5,35488.49,15364.76,10086.89,5293.586,1416.205
1,nonMD,EC,C1,42993.67,18917.16,12000.7,4836.945,1261.543
1,nonMD,EC,C2,43159.14,19027.1,11271.19,5517.399,1429.724
1,nonMD,EC,C6,26433.18,11810.48,7603.48,3888.531,1311.745
1,nonMD,EC,TP7,42260.94,19124.21,12821.51,5883.994,2093.355
1,nonMD,EC,CP3,29207.47,14573.08,11011.47,5281.843,1265.734
1,nonMD,EC,CPz,45292.09,19774.92,13670.77,5144.108,1267.351
1,nonMD,EC,CP4,28092.58,14416.18,10632.33,5007.695,1122.674
1,nonMD,EC,TP8,46606.25,18606.51,12392.09,5299.913,1607.287
1,nonMD,EC,P5,42319.48,20737.3,21488.82,6717.974,1661.626
1,nonMD,EC,P1,52640.52,26064.49,31326.21,8546.562,1920.719
1,nonMD,EC,P2,58053.97,25411.22,27865.26,8758.507,1904.383
1,nonMD,EC,P6,41644.25,18259.05,18151.85,6500.896,1654.84
1,nonMD,EC,PO7,55179.36,22837.7,21902.03,7709.146,1945.721
1,nonMD,EC,POz,54160.2,22886.91,26681.15,7997.958,2090.531
1,nonMD,EC,PO8,49992.68,19392.87,16306.72,6316.745,1576.934
1,nonMD,EC,Oz,53522.67,19849.18,19402.55,8117.061,2279.606
1,nonMD,EC,P9,57953.33,20738.96,14901.03,6574.526,2150.37
1,nonMD,EC,P10,71015.24,26491.9,16188.03,7814.994,2526.951
1,nonMD,EC,TP9,21044.92,8395.183,5636.177,2665.367,860.6018
1,nonMD,EO,AFz,43802.45,15249.79,10533.5,5501.768,1645.73
1,nonMD,EO,Fp1,89019.25,21209.47,13458.47,7375.44,3336.877
1,nonMD,EO,Fp2,64439.66,21449.15,15550.65,7673.138,3201.1
1,nonMD,EO,AF3,44796.71,17021.48,11791.51,6388.68,1885.745
1,nonMD,EO,AF4,127761.6,38395.73,23220.13,12792.27,4957.888
1,nonMD,EO,F7,32220.63,12446.67,9486.738,4424.875,1382.949
1,nonMD,EO,F3,33849.38,13955.46,9596.701,5208.195,1472.794
1,nonMD,EO,Fz,43120.4,15899.4,10864.95,5720.068,1658.007
1,nonMD,EO,F4,44676.18,16448.61,10462.58,5734.929,1877.164
1,nonMD,EO,F8,51288.12,17506.59,11171.63,5991.037,2581.552
1,nonMD,EO,FC5,20102.37,8210.436,6025.41,3165.514,982.5762
1,nonMD,EO,FC1,44206.07,18620.26,11739.13,5959.091,1603.698
1,nonMD,EO,FC2,37643.93,15216.44,9581.627,4548.992,1288.841
1,nonMD,EO,FC6,26983.37,10827.21,6871.985,3538.124,1190.597
1,nonMD,EO,T7,43893.92,12895.38,9660.321,6252.017,3168.491
1,nonMD,EO,C3,24319.78,9885.673,5635.055,3527.289,1160.148
1,nonMD,EO,Cz,39906.73,16128.34,8660.125,3800.76,1186.787
1,nonMD,EO,C4,19445.98,6628.241,4088.166,2050.824,760.5456
1,nonMD,EO,T8,26500.9,9974.921,5307.348,2771.344,1045.02
1,nonMD,EO,CP5,29082.57,10608.67,7388.175,3947.8,1299.339
1,nonMD,EO,CP1,27847.24,9223.142,5586.509,2548.017,808.3478
1,nonMD,EO,CP2,26512.74,8976.972,6587.479,2835.548,987.2487
1,nonMD,EO,CP6,47002.8,12947.95,7712.074,4638.245,2185.719
1,nonMD,EO,P7,37453.22,15933.2,11472.08,5922.647,1540.006
1,nonMD,EO,P3,41938.62,15339.93,13598.84,5762.821,1502.978
1,nonMD,EO,Pz,48686.34,15915.72,17546.59,6274.134,1691.002
1,nonMD,EO,P4,31491.93,9981.523,10828.11,4426.716,1475.865
1,nonMD,EO,P8,34097.3,11484.36,6665.207,3488.909,1504.243
1,nonMD,EO,PO3,45865.65,17552.06,15893.42,6790.995,1576.031
1,nonMD,EO,PO4,30037.66,11175.47,10094.03,4535.478,1381.354
1,nonMD,EO,O1,28915.81,12162.2,8975.857,4221.886,1114.322
1,nonMD,EO,O2,38416.11,14156.11,10378.72,5284.289,1614.616
1,nonMD,EO,AF7,65282.46,21586.33,16769.01,7407.71,2411.291
1,nonMD,EO,AF8,85270.4,26050.34,17903.11,9905.811,3948.292
1,nonMD,EO,F5,32115.03,13545.12,10081.26,5203.132,1633.052
1,nonMD,EO,F1,43416.92,16890.39,12050.59,6286.977,1731.286
1,nonMD,EO,F2,54677.12,21173.49,14368.46,7610.923,2156.248
1,nonMD,EO,F6,38969.64,14791.26,9047.324,4886.155,1613.426
1,nonMD,EO,FT7,27467.79,9586.104,7897.762,3523.562,1126.831
1,nonMD,EO,FC3,24034.61,10882.75,7387.32,3968.068,1144.174
1,nonMD,EO,FCz,51411.84,21166.1,12791.71,6072.262,1750.806
1,nonMD,EO,FC4,23546.2,9645.448,6163.229,3023.325,950.7343
1,nonMD,EO,FT8,19716.62,7725.085,4508.465,2443.315,929.9239
1,nonMD,EO,C5,17614.46,6994.766,4678.794,2604.021,825.8824
1,nonMD,EO,C1,39147.2,15302.75,7542.567,3891.876,1254.955
1,nonMD,EO,C2,29749.59,11063.53,6609.692,2910.755,910.3375
1,nonMD,EO,C6,21550.61,7189.578,4265.337,2350.057,900.5845
1,nonMD,EO,TP7,38203.77,15370.26,10737.02,5728.248,1818.596
1,nonMD,EO,CP3,27224.65,9581.382,5763.461,3043.164,961.4213
1,nonMD,EO,CPz,31803.16,10438.24,7255.127,2991.594,928.9168
1,nonMD,EO,CP4,17246.17,5046.611,4349.409,1826.838,644.5479
1,nonMD,EO,TP8,32067.26,10221.29,5510.465,3181.579,1287.119
1,nonMD,EO,P5,30244.53,12582.56,9970.31,4793.377,1349.693
1,nonMD,EO,P1,53909.76,17921.21,18317.06,6712.605,1743.157
1,nonMD,EO,P2,37076.94,12141.1,13992.91,5332.8,1577.321
1,nonMD,EO,P6,30084.76,10301.04,7827.07,3841.024,1304.855
1,nonMD,EO,PO7,36128.97,15563.2,11025.84,5282.356,1364.496
1,nonMD,EO,POz,48707.23,16904.99,17230.5,6536.331,1659.446
1,nonMD,EO,PO8,23506.41,9069.577,7200.713,3336.555,1006.242
1,nonMD,EO,Oz,28800.94,11968.34,9392.628,4296.352,1093.89
1,nonMD,EO,P9,30773.57,12364.03,7739.54,4017.599,1204.75
1,nonMD,EO,P10,29778.75,11774.93,7380.603,3793.331,1021.751
1,nonMD,EO,TP9,17293.14,5998.358,4096.294,2503.219,1031.552
10,nonMD,EC,AFz,72368.23,29109.62,80969.86,7186.906,1791.557
10,nonMD,EC,Fp1,125549,40829.88,89958.58,11355.76,3874.527
10,nonMD,EC,Fp2,82893.9,24093.97,73965.14,7171.352,2580.405
10,nonMD,EC,AF3,79024.72,34100.11,83864.4,8584.529,1945.111
10,nonMD,EC,AF4,75911.4,23477.99,72854.86,6887.24,2263.094
10,nonMD,EC,F7,125745,47597.21,82132.09,11108.87,3639.742
10,nonMD,EC,F3,82684.59,41731.41,81324.05,9227.121,2179.185
10,nonMD,EC,Fz,89244.71,36896.04,80934.58,8246.349,2129.937
10,nonMD,EC,F4,83504.39,28776.79,78383.51,7753.607,2398.287
10,nonMD,EC,F8,121524.6,31366.76,63060.49,8539.682,3169.626
10,nonMD,EC,FC5,59353.21,28961.79,54426.79,6941.362,1803.699
10,nonMD,EC,FC1,71156.47,29969.96,71012.08,7120.645,1536.804
10,nonMD,EC,FC2,63023.5,24718.93,77076.66,6436.674,1558.459
10,nonMD,EC,FC6,71651.88,26837.85,67100.39,7544.663,2252.725
10,nonMD,EC,T7,43490.33,21537.8,50396.77,5975.172,1974.121
10,nonMD,EC,C3,63400.9,27909.53,62710.48,7707.853,1811.386
10,nonMD,EC,Cz,46348.74,18350.13,95944.16,6409.122,1149.355
10,nonMD,EC,C4,46083.7,22563.25,94811.21,7661.886,1544.152
10,nonMD,EC,T8,74502.04,30636.92,53295.56,8476.802,3298.568
10,nonMD,EC,CP5,36781.89,18054.81,65922.73,7506.882,2312.406
10,nonMD,EC,CP1,62640.54,23124.31,216678.9,13264.07,1901.219
10,nonMD,EC,CP2,59428.74,24699.72,192157.6,13225.17,1707.177
10,nonMD,EC,CP6,60077.07,28636.57,72790.29,9522.775,1988.367
10,nonMD,EC,P7,60133.66,26046.33,146712.2,9035.11,2558.418
10,nonMD,EC,P3,100399.4,32753.95,348312.8,25299.42,3660.049
10,nonMD,EC,Pz,82743.67,27982.43,184599.2,13017.28,1874.728
10,nonMD,EC,P4,88361.39,38662.29,408044.5,33623.06,2324.329
10,nonMD,EC,P8,63642.57,31688.29,99472.73,9361.324,2023.315
10,nonMD,EC,PO3,69219.6,27166.05,154406.5,10073.9,2169.105
10,nonMD,EC,PO4,72015.15,30554.79,164716.7,13496.61,2012.924
10,nonMD,EC,O1,74839.53,33258.34,156227.8,9370.518,2471.058
10,nonMD,EC,O2,71997.1,32879.52,144937.5,8966.794,1997.739
10,nonMD,EC,AF7,196304.7,67112.83,102050.2,15843.98,5841.349
10,nonMD,EC,AF8,124765,31167.19,81485.83,9023.288,3403.359
10,nonMD,EC,F5,81579.81,36600.48,73132.98,8852.781,2233.446
10,nonMD,EC,F1,81200.54,38054.76,82058.45,8370.484,1886.906
10,nonMD,EC,F2,104543.3,38324.57,84753.16,8602.244,2852.8
10,nonMD,EC,F6,54794.61,16645.2,53312.19,5297.797,1773.234
10,nonMD,EC,FT7,78020.77,34628.72,65084.37,8243.403,2818.464
10,nonMD,EC,FC3,60365.54,29808,59532.53,6833.847,1605.364
10,nonMD,EC,FCz,71142.38,28163.25,81514.77,7222.693,1623.876
10,nonMD,EC,FC4,64145.08,27604.61,84083.73,8081.643,2058.004
10,nonMD,EC,FT8,71705.29,32138.85,152302.5,9009.727,2364.267
10,nonMD,EC,C5,45850.45,25855.46,41788.68,6566.667,2312.156
10,nonMD,EC,C1,44811.09,19450.45,72229.64,5819.868,1174.848
10,nonMD,EC,C2,42002.22,17091.09,89389.09,6133.78,1246.107
10,nonMD,EC,C6,48667.3,23237.04,66827.15,6971.13,1552.28
10,nonMD,EC,TP7,60783.15,24319.45,79106.97,6834.956,2323.356
10,nonMD,EC,CP3,50674.88,21414.2,145480.5,11525.72,1652.309
10,nonMD,EC,CPz,85178.26,31968.51,205931.6,14983,2349.559
10,nonMD,EC,CP4,48301.53,25217.3,144277.5,12943.55,1648.126
10,nonMD,EC,TP8,57110.12,27134.31,55900.41,7501.9,1932.397
10,nonMD,EC,P5,65172.14,24581.95,180779.7,13368.35,2758.02
10,nonMD,EC,P1,99104.82,30826.81,230449.5,16116.45,2367.424
10,nonMD,EC,P2,110752,39001.8,373155.2,26592.07,2593.022
10,nonMD,EC,P6,65194.08,31608.82,128766.2,15360.95,1897.963
10,nonMD,EC,PO7,74980.69,33213.13,170245.5,10261.81,2822.46
10,nonMD,EC,POz,68908.1,27462.02,127577.7,8722.267,1876.339
10,nonMD,EC,PO8,66675.8,31333.07,135868.9,9138.907,2216.415
10,nonMD,EC,Oz,76489.74,34502.27,151639,9142.964,2292.337
10,nonMD,EC,P9,67715.82,23982.93,77575.91,7525.499,2195.184
10,nonMD,EC,P10,35594.48,17230.57,51121.11,4606.667,1262.143
10,nonMD,EC,TP9,77697.84,28596.57,111667.3,8489.214,2761.362
10,nonMD,EO,AFz,190756.3,82698.18,64376.25,10125.46,2959.002
10,nonMD,EO,Fp1,291100.3,77292.41,65358.12,15221.31,7021.955
10,nonMD,EO,Fp2,284432.1,81141.4,65862.62,13964.83,6214.987
10,nonMD,EO,AF3,181758.4,64906.8,61650.26,12431.28,4683.718
10,nonMD,EO,AF4,180103.8,75373.21,58641.95,10229.63,3224.599
10,nonMD,EO,F7,167746.3,58707.28,52255.36,11311.27,5370.174
10,nonMD,EO,F3,143878.3,54374.51,51703.29,9336.355,2827.156
10,nonMD,EO,Fz,198102.5,107709.1,65312.93,9951.891,2548.742
10,nonMD,EO,F4,182889.6,80355.87,58638.02,10989.61,3141.301
10,nonMD,EO,F8,165979.8,54795.68,45979.89,10617.75,5205.619
10,nonMD,EO,FC5,75050.93,37423.98,39778.15,11011.13,5481.125
10,nonMD,EO,FC1,102113.9,46924.02,34268.48,7074.841,1628.415
10,nonMD,EO,FC2,459652.6,87349.23,47882.28,10014.97,2293.947
10,nonMD,EO,FC6,89441.41,35627.71,43500.26,7870.573,2671.866
10,nonMD,EO,T7,98088.67,50219.38,53047.48,99180.18,71111
10,nonMD,EO,C3,81590.09,40863.02,51833.71,11115.52,3531.451
10,nonMD,EO,Cz,262233.3,58859.2,45698.93,9504.345,1966.766
10,nonMD,EO,C4,309885.2,52441.1,71994.57,9171.254,1926.595
10,nonMD,EO,T8,106623.4,49871.89,47445.7,20546.2,13474.96
10,nonMD,EO,CP5,83363.12,41210.46,51689.83,31745.6,27033.93
10,nonMD,EO,CP1,98391.82,39343.92,68859.38,13054.99,1725.924
10,nonMD,EO,CP2,97233.05,40153.81,68384.84,11592.8,1602.667
10,nonMD,EO,CP6,150541.8,49739.57,62408.78,12659.62,4472.743
10,nonMD,EO,P7,131934.8,52403.49,47273.58,19685.13,12486.13
10,nonMD,EO,P3,114423,44441.12,67382.67,20620.64,3388.421
10,nonMD,EO,Pz,134030.2,41687.11,62256.16,12430.97,1731.588
10,nonMD,EO,P4,122273.5,51779.27,101724.5,24885.09,2296.997
10,nonMD,EO,P8,113350.3,49372.09,51800.51,14965.32,7661.144
10,nonMD,EO,PO3,154772.6,45385.39,38485.04,9163.741,2604.639
10,nonMD,EO,PO4,180883.2,54644.68,53919.89,14488.29,4048.531
10,nonMD,EO,O1,191550.3,59273.93,44787.22,10544.66,3307.704
10,nonMD,EO,O2,150809.8,54131.56,43889.84,12669.21,6406.032
10,nonMD,EO,AF7,257252.6,69123.33,58941.93,16410.31,8424.494
10,nonMD,EO,AF8,263385.2,74465.33,58440.6,15926.17,9591.254
10,nonMD,EO,F5,157529.1,48564.26,46700.38,10335.44,4614.944
10,nonMD,EO,F1,164867.4,74963.23,55069.37,9092.311,2332.287
10,nonMD,EO,F2,192641,98733.65,61123.31,10306.1,2675.585
10,nonMD,EO,F6,141412.7,53793.11,47575.57,10517.85,4248.88
10,nonMD,EO,FT7,127911.5,55323.69,48317.11,15468,10933.44
10,nonMD,EO,FC3,70729.51,36274.49,40676.22,8527.305,2623.884
10,nonMD,EO,FCz,157519,73549.92,40571.65,8194.682,1931.946
10,nonMD,EO,FC4,81325.73,41060.09,50134.36,8450.204,2009.992
10,nonMD,EO,FT8,177453.9,58484.91,47796.16,11585.14,6301.894
10,nonMD,EO,C5,68443.61,40206.48,51598.13,40101.69,28345.64
10,nonMD,EO,C1,80743.41,35436.14,41010.71,7695.002,1527.001
10,nonMD,EO,C2,1642229,131058.6,69139.11,11503.54,2197.085
10,nonMD,EO,C6,569782.3,95537.51,71223.16,12456.22,3801.552
10,nonMD,EO,TP7,315339.2,51582.46,43655.35,25105.88,21374.45
10,nonMD,EO,CP3,68817.2,34930.06,57873.51,12251.74,2693.709
10,nonMD,EO,CPz,134145.8,51121.13,77242.95,15053.58,1979.35
10,nonMD,EO,CP4,83980.33,36526.8,70049.4,10307.88,1733.331
10,nonMD,EO,TP8,120594.7,52088.62,50731.73,12234.85,4699.93
10,nonMD,EO,P5,744755.3,128956.8,80583.19,39556.53,27117.99
10,nonMD,EO,P1,129283.3,42962.47,61499.82,13891.66,1834.243
10,nonMD,EO,P2,138337.2,46830.19,84571.13,18977.62,2204.587
10,nonMD,EO,P6,114455.1,48715.79,73556.38,15147.73,2686.769
10,nonMD,EO,PO7,138029.5,52555.34,43603.26,10689.5,4339.948
10,nonMD,EO,POz,152748.9,47817.68,39689.54,9271.061,2967.581
10,nonMD,EO,PO8,388589.4,136747.2,109247.4,37142.64,47865.96
10,nonMD,EO,Oz,140146.9,51567.14,42097.93,9115.884,2376.263
10,nonMD,EO,P9,602887.6,129150.1,78273.66,18957.44,42662.96
10,nonMD,EO,P10,79329.41,27714.92,22669.09,5289.892,2814.456
10,nonMD,EO,TP9,138223.1,52984.71,44560.24,15140.88,10593.31
11,MD,EC,AFz,89686.22,49778.54,528035.9,19254.23,3769.122
11,MD,EC,Fp1,182099.7,61506.14,406034.5,26759.34,11993.83
11,MD,EC,Fp2,168232.3,63446.45,409914.2,26971.01,10793.42
11,MD,EC,AF3,88380.46,45390.04,478490.8,18606.54,4637.207
11,MD,EC,AF4,79829.12,45571.44,478408.4,17435.71,3407.665
11,MD,EC,F7,54476.99,30090.62,216275.4,10499.13,2813.99
11,MD,EC,F3,61446.04,41265.05,476281.1,16509.06,2623.131
11,MD,EC,Fz,73322.88,51795.79,582692.3,18760.6,2847.45
11,MD,EC,F4,77027.31,46727.59,476928.7,17353.57,3490.418
11,MD,EC,F8,49987.58,28582.04,242872.3,10047.54,2362.754
11,MD,EC,FC5,42517.02,26213.07,180621.2,10254.17,2182.814
11,MD,EC,FC1,44527.3,37958.11,417910.9,12897.76,1786.698
11,MD,EC,FC2,57150.62,49077.09,525277.2,15897.76,2506.729
11,MD,EC,FC6,35574.65,25021.53,250491.5,9044.295,1634.57
11,MD,EC,T7,62352.4,38472.71,172790.2,13146.24,5076.437
11,MD,EC,C3,36188.18,27708.32,179301.4,9735.749,1671.903
11,MD,EC,Cz,57345.73,64731.52,524431.8,14704.79,2412.288
11,MD,EC,C4,35475.71,27704.39,258397.8,10667.13,1818.151
11,MD,EC,T8,30365.36,21668.13,122330.5,8424.661,1669.411
11,MD,EC,CP5,43236.95,36433.4,312663.1,14772.11,3413.102
11,MD,EC,CP1,58412.91,43076.55,367005.2,12631.6,2510.976
11,MD,EC,CP2,53156.63,35799.69,318249.9,12430.26,2489.542
11,MD,EC,CP6,33724.62,25908.73,177888.6,11902.47,2032.797
11,MD,EC,P7,122043.1,97944.45,1086135,36356.87,7983.383
11,MD,EC,P3,86632.57,85266.63,1208818,36796.06,4643.999
11,MD,EC,Pz,93477.9,67705.44,763939.3,22575.81,3613.31
11,MD,EC,P4,55365.38,48897.75,611901.8,23386.96,2792.463
11,MD,EC,P8,80123.44,58610.88,574157.8,24088.89,4104.428
11,MD,EC,PO3,104925.8,96357.41,1678597,47419.2,5433.352
11,MD,EC,PO4,127247.5,111681.9,1836780,60293.25,5560.323
11,MD,EC,O1,108199.8,74274.51,782098.8,25680.16,4587.783
11,MD,EC,O2,106309.6,76380.77,846819.2,29452.32,4605.822
11,MD,EC,AF7,121488.3,45401.69,348833.8,19931.68,7905.409
11,MD,EC,AF8,133235.5,51471.5,325104.3,20583.07,7703.583
11,MD,EC,F5,59222.42,33606.2,352767.3,13746.08,2710.317
11,MD,EC,F1,62089.41,41164.4,482098.7,16537.74,2634.027
11,MD,EC,F2,78436.33,53346.36,554109.5,19066.47,3151.198
11,MD,EC,F6,61276.86,36711.25,353709.2,13578.56,3055.736
11,MD,EC,FT7,40830.39,23552.63,112436.9,8089.144,2666.949
11,MD,EC,FC3,36649.19,26934.26,265042,10394.86,1575.648
11,MD,EC,FCz,60160.79,54516.36,571087.7,16883.4,2561.27
11,MD,EC,FC4,51833.69,37958.92,386207.6,13173.47,2283.997
11,MD,EC,FT8,126129.9,85787.64,623305.2,27418.81,7207.049
11,MD,EC,C5,34736.02,23970.55,120838.5,8988.373,2019.466
11,MD,EC,C1,46171.46,39531.68,314418.5,11287.42,1940.201
11,MD,EC,C2,45364.27,42248.55,391530.5,12057.8,2055.127
11,MD,EC,C6,32047.1,23233.89,163540.3,10752.26,1895.771
11,MD,EC,TP7,66431.87,52221.89,384902.4,18090.2,5037.575
11,MD,EC,CP3,40116.14,36267.49,291892.8,13228.84,2264.548
11,MD,EC,CPz,65516.99,51877.62,452065.1,14239.01,2907.626
11,MD,EC,CP4,35388.89,26786.1,219801.5,10984.46,1880.554
11,MD,EC,TP8,44539.01,31102.61,211017.2,13027.03,3005.219
11,MD,EC,P5,105979.4,106070.7,1622942,49673.22,7447.713
11,MD,EC,P1,88732.43,75848.88,1007603,27903.62,3645.774
11,MD,EC,P2,66816.62,53975.19,638936.6,22303.71,3066.585
11,MD,EC,P6,56696.31,50026.17,635755.1,24091.86,2886.181
11,MD,EC,PO7,111425.6,87154.13,1216130,35075.42,5779.881
11,MD,EC,POz,88334.87,64790.11,880214.3,31803.56,3428.581
11,MD,EC,PO8,115773.2,92740.27,1243571,41630.2,6319.876
11,MD,EC,Oz,109815.2,73917.08,742996.1,26179.97,4500.468
11,MD,EC,P9,45535.62,26748.82,172335.4,8968.951,2473.258
11,MD,EC,P10,87870.18,65225.56,447317.3,21397.8,4139.631
11,MD,EC,TP9,93635.41,69576.8,401256,21675.73,6624.692
11,MD,EO,AFz,54205.86,24549.34,65294.98,10266.32,3695.67
11,MD,EO,Fp1,29423.85,12373.59,54843.86,5410.592,2017.491
11,MD,EO,Fp2,36028.07,15722.14,57339.83,6408.774,3052.643
11,MD,EO,AF3,52506.42,22593.82,62032.59,9717.686,3480.088
11,MD,EO,AF4,38456.51,17953.81,52202.18,7588.455,2803.357
11,MD,EO,F7,48836.53,23923.81,70422.05,7515.56,3025.096
11,MD,EO,F3,52440.55,24465.53,68277.35,9585.556,3084.493
11,MD,EO,Fz,51941.09,27031.46,66855.45,10017.26,3206.655
11,MD,EO,F4,35213.15,17968.45,46602.9,7527.541,3098.772
11,MD,EO,F8,36561.16,14940.34,48736.31,5577.659,3206.652
11,MD,EO,FC5,31516.61,16649.9,55062.77,6607.939,2158.825
11,MD,EO,FC1,38471.23,20755.21,75338.93,6591.708,1907.419
11,MD,EO,FC2,46371.43,28164.72,68143.3,9297.729,3283.452
11,MD,EO,FC6,17904.92,10245.7,35213.1,4493.292,1977.307
11,MD,EO,T7,48254.19,25432.29,73396.52,10625.59,5912.924
11,MD,EO,C3,29786.38,16076.25,69370.23,6335.091,1879.694
11,MD,EO,Cz,53175.29,32437.77,162498.7,8525.113,2580.528
11,MD,EO,C4,33151.75,19404.83,75156.66,9105.509,2506.858
11,MD,EO,T8,18919.65,10687.98,48497.31,5292.915,1480.05
11,MD,EO,CP5,29976.71,18434.17,58293.63,8229.219,3645.381
11,MD,EO,CP1,43462.54,21249.07,145453.9,6957.105,2365.159
11,MD,EO,CP2,42523.51,21777.73,130352.5,7657.375,2010.648
11,MD,EO,CP6,24425.99,14521.34,77090.31,8295.457,1766.698
11,MD,EO,P7,51213.68,26489.09,92756.2,9179.925,4220.285
11,MD,EO,P3,54782.4,27192.15,195777.8,12531.32,4439.891
11,MD,EO,Pz,78380.33,38527.43,373785.5,14603.72,2730.644
11,MD,EO,P4,38246.71,22413.16,133261.5,9449.174,1691.518
11,MD,EO,P8,56956.5,28191.35,112130.6,9387.373,2826.215
11,MD,EO,PO3,53274.81,26814.74,178856.6,13270.36,6235.679
11,MD,EO,PO4,74976.34,41204.73,220514.3,13792.38,3017.263
11,MD,EO,O1,63179.22,30238.04,113301.2,10550.87,5529.463
11,MD,EO,O2,57088.87,27973.34,107995.2,7876.695,3160.12
11,MD,EO,AF7,30170.51,12590.93,54873.54,5244.448,2221.191
11,MD,EO,AF8,33620.3,14682.89,47171.47,5667.454,3104.036
11,MD,EO,F5,44921.03,20034.72,68412.21,8749.912,3130.03
11,MD,EO,F1,52416.35,24461.95,70183.62,9575.407,3029.927
11,MD,EO,F2,48920.86,25742.36,60239.07,9710.369,3283.189
11,MD,EO,F6,23360.17,11474.06,35529.52,4794.36,2164.474
11,MD,EO,FT7,33481.86,17594.25,47063.65,5937.23,2546.085
11,MD,EO,FC3,32988.72,16967.32,69213.54,7296.115,2050.521
11,MD,EO,FCz,51723.7,30830.17,98372.35,9789.324,3238.838
11,MD,EO,FC4,30871.45,17941.03,46699.14,6950.192,2699.813
11,MD,EO,FT8,83896.56,39145.29,119485.5,11370.15,5388.078
11,MD,EO,C5,29587.77,17568.74,57765.19,6846.124,2170.54
11,MD,EO,C1,38215.34,20421.78,96697.03,6174.861,1870.178
11,MD,EO,C2,40387.68,23622.68,91938.52,7064.418,2503.453
11,MD,EO,C6,21830.78,13337.97,66538.35,9101.193,2471.356
11,MD,EO,TP7,37412.22,21681.01,68015.85,7720.642,3420.681
11,MD,EO,CP3,33882.61,17103.36,83586.53,6948.641,2548.843
11,MD,EO,CPz,50466.58,26064.89,186149.1,8024.834,2318.412
11,MD,EO,CP4,29257.24,16377.13,90794.95,7672.677,1761.866
11,MD,EO,TP8,27350.92,15695.25,72203.83,6860.016,1637.808
11,MD,EO,P5,41150.11,23934.51,100005.3,10851.95,4903.56
11,MD,EO,P1,69814.02,33222.99,307517,14264.56,3926.502
11,MD,EO,P2,51222.88,26567.18,187399.1,10555.47,1865.119
11,MD,EO,P6,40703.53,23472.29,134498.6,9781.521,1889.356
11,MD,EO,PO7,58965.71,29834.46,119540.7,12881.95,7486.763
11,MD,EO,POz,53302.5,26191.05,177806.7,10588.45,3693.644
11,MD,EO,PO8,71414.77,36144.83,154161.8,10482.38,3171.932
11,MD,EO,Oz,62707.6,29973.91,110473.8,8368.66,3772.614
11,MD,EO,P9,24948.79,11465.09,41182.93,4052.978,1685.461
11,MD,EO,P10,71118.71,33720.43,109760.9,9068.813,3681.296
11,MD,EO,TP9,63480.52,31169.65,108936.1,8205.413,2985.748
12,MD,EC,AFz,143121.8,93699.56,256137.4,24511.35,3982.556
12,MD,EC,Fp1,210760.1,109650.1,246355.2,29479.49,8501.139
12,MD,EC,Fp2,250401.9,133637.9,288516.6,35056.87,9063.577
12,MD,EC,AF3,136621.1,82312.88,222163.6,22769.58,4819.26
12,MD,EC,AF4,145292.2,93761.41,264059.9,25556.98,4606.494
12,MD,EC,F7,97298.84,65237.13,187109.8,19059.48,6239.369
12,MD,EC,F3,86077.88,65612.1,221104.6,19775.2,2633.059
12,MD,EC,Fz,104024,81087.87,261972.7,23021.74,2771.107
12,MD,EC,F4,94093.94,70988.96,253372,20964.68,2802.125
12,MD,EC,F8,142093.5,79187.07,259606.5,27443.32,12830.67
12,MD,EC,FC5,59211.48,47751.67,141669.9,14297.6,4072.717
12,MD,EC,FC1,59828.52,49225.56,162903.8,14832.03,1907.214
12,MD,EC,FC2,72444.29,58194.07,211363.6,17818.01,1961.433
12,MD,EC,FC6,55636.44,39155.21,179054,13487.77,3019.156
12,MD,EC,T7,108376.6,102717.3,234195.9,28282.58,7251.787
12,MD,EC,C3,40940.97,40758.22,121851.2,12089.08,2060.198
12,MD,EC,Cz,69595.85,50235.63,151006.9,15548.67,2062.148
12,MD,EC,C4,39452.06,28191.72,120178.5,9407.434,2340.838
12,MD,EC,T8,102715.2,80192.71,238709.2,22837.16,6337.445
12,MD,EC,CP5,58627.85,55615.39,213123.2,20045.46,3399.423
12,MD,EC,CP1,67292.7,51311.18,164678.4,15913.3,2271.643
12,MD,EC,CP2,53872.8,39027.61,130327.2,12819.91,1980.429
12,MD,EC,CP6,86378.47,74196.14,194684.1,22260.5,5704.421
12,MD,EC,P7,124848.2,81963.38,493344.4,32165.66,5211.426
12,MD,EC,P3,84073.87,58563.51,299031.4,22122.33,2917.904
12,MD,EC,Pz,94354.58,64396.46,299137.1,23685.87,3323.106
12,MD,EC,P4,68542.98,52313.88,230228.8,19936.84,3309.515
12,MD,EC,P8,90235.9,76080.1,283292,26425.71,5991.888
12,MD,EC,PO3,170496.4,104597.4,789856.9,43984.5,6270.006
12,MD,EC,PO4,151234.2,125925.9,833879.6,48249.88,7738.365
12,MD,EC,O1,174350.2,106487.4,787821.8,44111.23,6239.825
12,MD,EC,O2,159562.9,133018,888467.4,50708.17,8231.145
12,MD,EC,AF7,175319.8,88074.82,212681.4,26563.73,11430.33
12,MD,EC,AF8,173509.2,98659.05,263372.3,28811.84,7645.96
12,MD,EC,F5,94381.36,62097.66,184605.5,18654.48,5949.798
12,MD,EC,F1,87855.03,66984.96,224947.2,20077.56,2636.525
12,MD,EC,F2,96935.29,73958.53,253917.5,21518.84,2885.423
12,MD,EC,F6,114274.5,74066.08,250705.8,23557.34,5981.983
12,MD,EC,FT7,108580.5,102503.4,232082.9,27943.57,7268.903
12,MD,EC,FC3,42598.19,37194.49,132603.9,11279.42,1898.751
12,MD,EC,FCz,73882.58,59266.74,214822.1,18250.62,2031.816
12,MD,EC,FC4,55170.51,39570.3,177622.7,13520.79,2300.438
12,MD,EC,FT8,102543.8,72335.26,252714.5,22753.12,7018.45
12,MD,EC,C5,51085.34,57737.34,163182.7,17923.23,3606.439
12,MD,EC,C1,55221.91,42844.63,124937.5,12424.72,1690.285
12,MD,EC,C2,45822.99,32545.13,121742.1,10334.63,1430.59
12,MD,EC,C6,38403.5,28628.2,122534.9,9681.102,2435.415
12,MD,EC,TP7,103684.2,82174.27,352459.2,29621.3,5982.648
12,MD,EC,CP3,53028.27,47026.8,187575.1,16155.41,2223.438
12,MD,EC,CPz,77300.92,56736.21,180734.6,18155.17,2383.836
12,MD,EC,CP4,48202.71,35895.67,115014.1,12294.45,2640.592
12,MD,EC,TP8,90227.23,77762.19,203346.3,23233.85,5785.971
12,MD,EC,P5,90025.54,65056.11,389035.9,26834.71,3595.138
12,MD,EC,P1,83595.12,59087.05,303786,22278.43,2779.153
12,MD,EC,P2,72618.52,52969.75,244902.3,20230.6,3212.001
12,MD,EC,P6,78311.26,67442.74,288249.9,24519.58,4747.705
12,MD,EC,PO7,211146.8,126756.4,953495.6,50873.47,5749.425
12,MD,EC,POz,170294.9,106900.7,756677.4,45042.07,7248.548
12,MD,EC,PO8,159867.1,134304.4,895755.7,51196.86,8096.968
12,MD,EC,Oz,170483.8,121586.3,689509.2,42923.65,8160.309
12,MD,EC,P9,176527.5,117009.7,540606.7,39523.14,11520.73
12,MD,EC,P10,163567.5,142925.9,633449.6,44656.48,8221.798
12,MD,EC,TP9,181122,124827.1,560290.1,43782.86,13254.55
12,MD,EO,AFz,35398.18,25222.72,62629.3,10582.24,2501.851
12,MD,EO,Fp1,27827.81,15052.5,71308.92,7883.191,2365.225
12,MD,EO,Fp2,25580.47,14134.55,67529.25,8189.731,2571.742
12,MD,EO,AF3,30434.74,19701.86,54881.34,8747.132,2351.777
12,MD,EO,AF4,33514.05,22812.9,62318.88,10279.44,2538.36
12,MD,EO,F7,31350.86,17280.54,49663.2,8173.912,3537.77
12,MD,EO,F3,41061.27,30995.66,51705.33,10358.72,2392.45
12,MD,EO,Fz,49633.7,38104.8,62724.7,12954.63,3151.895
12,MD,EO,F4,40621.08,29942.41,61145.46,12025.58,3395.885
12,MD,EO,F8,31960.22,16710.5,67437.39,10211.32,5575.608
12,MD,EO,FC5,32646.07,20034.34,40872.59,8013.888,2898.73
12,MD,EO,FC1,40235.82,29419.4,36856.24,8591.904,2289.689
12,MD,EO,FC2,49959.8,38516.09,55429.83,12129.92,3092.717
12,MD,EO,FC6,22244.92,13818.05,41791.64,7952.652,3627.796
12,MD,EO,T7,49401.82,32861.26,77468,14469.66,5240.579
12,MD,EO,C3,25211.99,16711.68,52456.59,7831.514,2069.069
12,MD,EO,Cz,32236.11,22819.04,40896.69,7851.591,1990.465
12,MD,EO,C4,18606.56,11166.31,30714.46,5863.101,2189.712
12,MD,EO,T8,94500.82,54862.29,123810,29677.87,20775.02
12,MD,EO,CP5,25019.96,19653.44,74398.34,11487.34,2890.606
12,MD,EO,CP1,35027.41,21350.8,70887.32,8993.643,2718.685
12,MD,EO,CP2,30770.81,18772.41,56271.43,7891.528,2014.426
12,MD,EO,CP6,62212.57,39702.97,72875.3,14771.26,5461.032
12,MD,EO,P7,41667.64,27334.96,105522.3,18124.2,5178.492
12,MD,EO,P3,36472.68,22158.1,101910.3,11634.4,2822.167
12,MD,EO,Pz,45433.31,26203.69,101628.8,12479.09,3162.087
12,MD,EO,P4,37647.36,23184.53,74054.93,10640.54,2490.491
12,MD,EO,P8,58460.3,37968.91,71605.46,14755.2,4456.149
12,MD,EO,PO3,61851.68,35314.51,145355.4,21286.61,4701.038
12,MD,EO,PO4,68027.12,45130.16,130117.4,21000.63,4871.123
12,MD,EO,O1,63577.2,36925.97,143550.1,21456.04,4720.962
12,MD,EO,O2,72892.34,48599.8,136781.3,22455.46,5261.521
12,MD,EO,AF7,43325.02,22593.24,74077.68,11340.5,5085.093
12,MD,EO,AF8,26623.94,13589.38,65447.28,7944.146,2701.219
12,MD,EO,F5,31964.23,18161.32,48013.66,8891.135,4053.37
12,MD,EO,F1,42464.32,32075,52634.75,10680.36,2444.398
12,MD,EO,F2,40279.66,29865.33,61281.88,12026.39,3263.618
12,MD,EO,F6,26010.77,16501.82,56802.23,9488.969,3607.382
12,MD,EO,FT7,50363.64,33514.01,79341.66,14772.72,5490.958
12,MD,EO,FC3,29784.58,19642.7,32116.73,6403.663,1754.858
12,MD,EO,FCz,49791.02,38547.47,55082.13,12082.93,3066.226
12,MD,EO,FC4,23772.11,15941.24,39621.98,7818.226,2828.855
12,MD,EO,FT8,40935.5,23247.19,80391.68,11599.09,5870.895
12,MD,EO,C5,31206.87,22565.42,68179.07,12224.04,3614.385
12,MD,EO,C1,31578.81,21521.23,35879.19,6958.747,1993.52
12,MD,EO,C2,23495.81,16492.42,33193.16,6182.446,1542.529
12,MD,EO,C6,17887.79,10788.37,30118.46,5826.181,2346.562
12,MD,EO,TP7,55265.8,34340.36,82219.72,19767.77,8558.137
12,MD,EO,CP3,27439.09,18569.46,79029.47,9831.002,2578.268
12,MD,EO,CPz,41388,24031.06,70289.54,9871.731,2982.4
12,MD,EO,CP4,27022.46,16381.79,44866.15,7333.7,1833.991
12,MD,EO,TP8,64776.48,41599.98,76485.77,14965.98,5210.073
12,MD,EO,P5,34756.03,23777.7,100475.8,15057.37,3738.92
12,MD,EO,P1,36644.19,22122.05,100135.1,11804.6,3118.132
12,MD,EO,P2,41737.53,24260.97,93142.82,11509.71,2762.28
12,MD,EO,P6,45387.05,29978.46,67828.55,12451.93,3132.075
12,MD,EO,PO7,72120.92,44322.93,182592,28840.2,5648.342
12,MD,EO,POz,70714.84,38763.79,163788.8,20837.95,4140.069
12,MD,EO,PO8,73378.15,49048.94,134214.4,22495.3,5369.23
12,MD,EO,Oz,67943.05,42439.68,96152.32,18303.58,5559.766
12,MD,EO,P9,29801.13,18841.09,64113.84,12584.84,4401.946
12,MD,EO,P10,124146.9,82809.55,149654.5,28391.72,10495.17
12,MD,EO,TP9,77580.4,49510.88,96153.75,22730.25,8964.555
13,MD,EC,AFz,100463.5,63141.4,557204,14659.09,2295.075
13,MD,EC,Fp1,66558.58,38341.93,452209.7,10951.74,1462.122
13,MD,EC,Fp2,75834.47,41648.68,473670.3,11749.69,1851.626
13,MD,EC,AF3,97609.09,58112.75,483885.1,14041.88,2358.375
13,MD,EC,AF4,102551.3,63278.5,572687.3,15683.7,2495.175
13,MD,EC,F7,48257.26,25114.66,268970.3,8843.271,1608.651
13,MD,EC,F3,87846.45,55103.21,388359.8,12579.21,2358.757
13,MD,EC,Fz,110900.8,78581.45,575712.2,17216.81,3224.094
13,MD,EC,F4,105262.9,72590.73,561073.9,18620.68,3063.35
13,MD,EC,F8,61090.46,33922.54,363325.8,10841.02,1672.224
13,MD,EC,FC5,38553.88,20953.14,163218.2,6965.777,1146.96
13,MD,EC,FC1,72385.77,47832.68,241826.9,10549.96,2634.499
13,MD,EC,FC2,65674.18,48204.18,280055.2,10855.86,2329.549
13,MD,EC,FC6,46147.11,28627.22,277767.9,8888.098,1491.951
13,MD,EC,T7,30026.69,16500.67,108085.9,5989.417,1049.44
13,MD,EC,C3,54801.1,32136.3,219886.8,13037.48,1976.486
13,MD,EC,Cz,65508.43,40330.77,127917.9,10415.73,2475.135
13,MD,EC,C4,45415.39,29912.35,199246.8,12084.88,2233.407
13,MD,EC,T8,76458.95,40672.57,187845.2,11550.12,3381.597
13,MD,EC,CP5,50069.95,36656.7,362081.7,12872.69,1546.947
13,MD,EC,CP1,79292.07,45175.14,559206.6,18295.46,2120.069
13,MD,EC,CP2,83054.64,49319.55,463914.7,16986.12,1976.712
13,MD,EC,CP6,57822.15,41686.86,231431.2,12790.15,2779.627
13,MD,EC,P7,80009.34,57337.39,383835.6,13984.38,2350.635
13,MD,EC,P3,179115.6,125844.8,1906805,43786.05,4626.528
13,MD,EC,Pz,121571,67801.7,987778.4,22207.42,2172.154
13,MD,EC,P4,191494.6,127996.9,1291203,35509.73,4057.297
13,MD,EC,P8,94874.91,69668.62,352565.2,16789.58,3163.427
13,MD,EC,PO3,108609.3,72303.5,873659.4,20192.8,2835.306
13,MD,EC,PO4,135683.5,85853.46,741909.2,19946.54,2746.44
13,MD,EC,O1,63728.63,40259.18,272258.9,9328.344,2065.011
13,MD,EC,O2,74760.01,43564.28,224120.6,9225.257,2081.059
13,MD,EC,AF7,48264.61,27408.04,355731.3,8624.471,1075.257
13,MD,EC,AF8,57363.62,34942.85,418898,11001.3,1352.721
13,MD,EC,F5,62621.68,35805.12,302233.9,9761.832,1720.52
13,MD,EC,F1,96777.5,64381.93,463921,13990.9,2605.89
13,MD,EC,F2,95039.48,68602.23,551786.9,16505.85,2729.626
13,MD,EC,F6,71853.33,44962.55,438885,12656.67,1892.016
13,MD,EC,FT7,34764.01,18246.05,170283,6725.917,1084.11
13,MD,EC,FC3,56220.83,33925.32,203192.7,9716.125,1771.012
13,MD,EC,FCz,80509.64,57602,286983.1,12229.13,3138.25
13,MD,EC,FC4,53028.91,38475.78,286966.8,10377.01,1816.896
13,MD,EC,FT8,60184.38,37457.41,133675.7,8874.707,2059.951
13,MD,EC,C5,33122.69,20572.69,148161.7,8098.661,1142.301
13,MD,EC,C1,61393.1,37895.71,189900.5,12868.3,2148.937
13,MD,EC,C2,59536.04,37909.47,157388.7,10754.77,2401.561
13,MD,EC,C6,41256.66,26964.99,188811.4,9918.876,2094.872
13,MD,EC,TP7,41550.43,28080.46,141676.5,7759.729,1321.079
13,MD,EC,CP3,64530.45,42832.39,553463.5,17654.01,1939.09
13,MD,EC,CPz,92808.12,50373.17,488720.2,17881.7,2225.653
13,MD,EC,CP4,62635.97,40863.16,333591.1,15058.54,2238.33
13,MD,EC,TP8,79842.12,52179.89,209579.9,13712.77,3707.12
13,MD,EC,P5,150937.3,111938.7,1302120,33186.39,3986.562
13,MD,EC,P1,143436.2,89948.09,1525835,32852.73,3398.702
13,MD,EC,P2,191385.2,118231.2,1368270,33946.36,3562.309
13,MD,EC,P6,138147.2,101981.2,748110.7,25859.15,3713.56
13,MD,EC,PO7,83157.12,57284.15,444139.8,13631.74,2384.626
13,MD,EC,POz,83029.7,48228.59,529108.2,11976.08,1787.991
13,MD,EC,PO8,100771,67104.57,389123.6,15094.01,2660.333
13,MD,EC,Oz,62497.49,38070.24,203384,8076.554,1900.729
13,MD,EC,P9,49300.9,27433.13,256289.1,8669.478,1597.221
13,MD,EC,P10,69368.87,42589.04,154657.5,10150.06,2498.854
13,MD,EC,TP9,44576.53,26924.84,95007.26,6744.977,1469.183
13,MD,EO,AFz,100266.5,37313.11,128507.4,9022.364,2817.505
13,MD,EO,Fp1,64754.38,22082.53,77015.5,4828.405,1838.045
13,MD,EO,Fp2,128954.4,46696.29,120901.4,10883.03,4495.567
13,MD,EO,AF3,67936.79,26024.78,102912.6,6723.509,2078.827
13,MD,EO,AF4,104896.6,39312.24,116797.5,9189.053,3355.885
13,MD,EO,F7,39951.92,13819.12,59709.67,3761.16,1600.95
13,MD,EO,F3,63878.35,25234.42,100998.9,7026.986,2056.428
13,MD,EO,Fz,107492.1,39983.01,134123.6,9617.582,2849.695
13,MD,EO,F4,96724.01,36753.17,111673.6,8981.296,3166.124
13,MD,EO,F8,80622.52,29457.65,75194.67,6802.415,2774.523
13,MD,EO,FC5,26475.64,12393.7,54535,3635.269,1030.66
13,MD,EO,FC1,55424.57,22036.5,81542.29,7265.21,2238.276
13,MD,EO,FC2,40924.44,14943.27,61912.8,4183.521,1311.447
13,MD,EO,FC6,42300.11,16906.53,62455.18,3977.899,1308.989
13,MD,EO,T7,34315.31,13672.19,52003.28,4691.585,1961.095
13,MD,EO,C3,33072.34,17220.31,81264.77,6974.321,1543.355
13,MD,EO,Cz,47931.82,16276.87,39710.66,6078.713,2366.482
13,MD,EO,C4,27295.27,12405.73,75259.84,5406.075,1436.57
13,MD,EO,T8,40306.61,17070.53,49461.36,4951.556,1465.309
13,MD,EO,CP5,37039.58,16606.31,80094.91,5123.822,1282.062
13,MD,EO,CP1,46960.88,18928.74,75620.75,6848.82,2119.518
13,MD,EO,CP2,53610.51,23998.37,145310.5,8286.115,2206.041
13,MD,EO,CP6,40273.75,20746.17,92810.62,6866.837,1896.475
13,MD,EO,P7,59554.8,20519.68,92717.37,5873.689,2025.232
13,MD,EO,P3,119792.9,44084.91,313333.3,14858.95,4139.286
13,MD,EO,Pz,100192.4,38809.25,234772.4,10242.16,2806.361
13,MD,EO,P4,136143.3,66122.54,419806.1,15833.18,3461.615
13,MD,EO,P8,78041.41,36394.5,105048.2,11360.98,5595.915
13,MD,EO,PO3,82822.3,27054.56,172085.5,7472.362,2190.471
13,MD,EO,PO4,92516.08,43082.36,237078.2,9048.788,2586.021
13,MD,EO,O1,65473.39,21489.14,94196.36,5441.699,2087.905
13,MD,EO,O2,71045.25,26575.37,105517.5,6395.847,2685.632
13,MD,EO,AF7,48067.64,16283.21,69222.12,3891.214,1346.073
13,MD,EO,AF8,125743.5,45193.16,96066.92,11039.93,4773.645
13,MD,EO,F5,43950.95,17337.25,74863.77,4713.988,1387.317
13,MD,EO,F1,77004.73,30077.01,113591,8085.598,2427.011
13,MD,EO,F2,91378.15,34112.09,119014.3,8455.229,2596.348
13,MD,EO,F6,82155.12,31103.43,90635.77,6992.968,2688.203
13,MD,EO,FT7,27111.73,10660.86,48847.32,3624.364,1464.925
13,MD,EO,FC3,38976.54,17984.21,93628.49,7317.863,1895.673
13,MD,EO,FCz,52818.84,20234.93,71101.9,5935.11,2088.14
13,MD,EO,FC4,34413.39,13304.03,63451.94,3444.558,1112.188
13,MD,EO,FT8,72981.86,24034.03,74685.09,7054.135,3214.906
13,MD,EO,C5,23714.85,12388.77,55946.26,4087.005,989.7726
13,MD,EO,C1,39741.04,17717.3,65565.41,7274.667,1866.909
13,MD,EO,C2,31494.66,11610.6,51634.7,4753.828,1285.039
13,MD,EO,C6,36380.02,17731.69,81615.01,6982.941,2466.497
13,MD,EO,TP7,35215.03,13293.61,49905.63,3998.019,1497.147
13,MD,EO,CP3,40827.14,18878.19,90495.48,6584.702,1579.218
13,MD,EO,CPz,58728.07,22998.04,97380.93,7983.896,2549.371
13,MD,EO,CP4,41118.24,21236.77,133775.5,7613.091,1707.882
13,MD,EO,TP8,40322.97,18902.73,61558.91,6242.953,1963.851
13,MD,EO,P5,82015.36,30509.99,200466.8,9627.44,2515.657
13,MD,EO,P1,110712,38988.29,262884.9,12501.96,3708.622
13,MD,EO,P2,135339.5,61706.68,396684.9,15084.19,3676.125
13,MD,EO,P6,89899.37,45637.48,235086.1,10912.53,2603.205
13,MD,EO,PO7,66443.8,21806.5,113662,6071.058,2008.949
13,MD,EO,POz,73694.09,27995.55,155404,6192.057,2016.093
13,MD,EO,PO8,67942.28,31249.88,130487.9,7434.942,2816.903
13,MD,EO,Oz,69816.55,24657.07,96847.14,6060.392,2635.49
13,MD,EO,P9,49825.17,20150.81,59903.08,5575.452,2764.197
13,MD,EO,P10,58942.94,21240.89,63300.57,6903.352,3209.395
13,MD,EO,TP9,49061.01,16404.89,52724.47,5301.079,2621.288
14,MD,EC,AFz,74896.27,51037.28,206464.5,10174.87,3003.329
14,MD,EC,Fp1,71283.95,45351.3,207687.8,9800.833,3779.6
14,MD,EC,Fp2,56724.42,37403.64,190828.4,7783.396,2238.364
14,MD,EC,AF3,50585.27,40447.41,202272,7369.904,2367.793
14,MD,EC,AF4,53779.53,38222.22,174521.2,7946.751,2231.465
14,MD,EC,F7,36939.83,23546.35,125717.7,5846.153,2607.89
14,MD,EC,F3,55387.64,38006.37,162414.6,7788.395,2671.042
14,MD,EC,Fz,62771.73,43503.64,175024.7,8344.317,2583.931
14,MD,EC,F4,44838.74,27868.22,117541.5,6645.119,2423.889
14,MD,EC,F8,52489.46,21651.71,89047.62,6627.326,3674.365
14,MD,EC,FC5,25210.84,15643.44,75971.24,4288.962,2347.575
14,MD,EC,FC1,46548.21,23750.84,85033.99,4691.815,1706.038
14,MD,EC,FC2,36579.72,18766.84,59952.82,3876.643,1423.007
14,MD,EC,FC6,11931.6,7416.957,31050.11,2170.243,989.0838
14,MD,EC,T7,26301.27,13361.21,38913.03,4468.429,1971.374
14,MD,EC,C3,28449.99,13613.52,46354.91,4050.131,1348.699
14,MD,EC,Cz,45893.4,19225.92,54456.74,4640.237,1236.156
14,MD,EC,C4,13281.6,7086.095,22912.25,2334.642,796.17
14,MD,EC,T8,16749.88,7325.648,16675.37,2133.808,769.4897
14,MD,EC,CP5,17850.17,11381.77,34161.18,3646.619,1102.258
14,MD,EC,CP1,40714.2,23458.49,94133.9,6094.671,1010.583
14,MD,EC,CP2,35006.93,27976.82,141135,6552.58,1012.7
14,MD,EC,CP6,19780.38,11449.64,42597.55,3197.754,1250.045
14,MD,EC,P7,55825.24,41884.86,118897.5,9312.225,4322.267
14,MD,EC,P3,45067.15,32883.06,156843.7,7195.143,1727.353
14,MD,EC,Pz,49733.86,39074.46,235351.5,8727.85,1970.533
14,MD,EC,P4,70457.34,55111.07,332247.4,12062.07,3411.387
14,MD,EC,P8,80922.47,43189.47,157168.9,9423.045,4048.722
14,MD,EC,PO3,66279.88,47558.17,219513,10076.72,3908.377
14,MD,EC,PO4,117210.8,69364.55,426091.6,16975.42,7442.419
14,MD,EC,O1,70947.88,39587.84,145739,8757.775,4054.178
14,MD,EC,O2,96184.3,46264.69,181397.6,11076.36,4922.589
14,MD,EC,AF7,68386.38,38991.02,182919.8,8624.545,3132.516
14,MD,EC,AF8,67429.53,33173.41,132865.8,8910.718,3920.51
14,MD,EC,F5,41773.49,28348.69,132573.1,6636.979,3291.888
14,MD,EC,F1,58563.3,40883.9,168185.1,7670.066,2448.578
14,MD,EC,F2,56446.68,37604.31,157048,7452.376,2606.117
14,MD,EC,F6,40146.97,23329.17,91456.02,5999.685,2213.008
14,MD,EC,FT7,23876.16,14523.51,66335.2,3908.738,1688.311
14,MD,EC,FC3,38533.1,20323.57,78788.77,5174.437,3123.672
14,MD,EC,FCz,56193.11,27873.41,92935.55,5647.664,2144.44
14,MD,EC,FC4,15602.46,9869.133,35092.07,2458.055,1077.716
14,MD,EC,FT8,8806.14,3809.22,12948.61,1347.331,746.9813
14,MD,EC,C5,17429.29,8969.451,31900.47,3179.258,1362.138
14,MD,EC,C1,38773.09,16918.79,52183.92,4282.53,1351.279
14,MD,EC,C2,25441.2,13350.69,43765.25,3673.791,985.9528
14,MD,EC,C6,11197.59,4897.521,9708.621,1887.117,1011.116
14,MD,EC,TP7,24001.64,16663.94,38743.01,4576.928,1968.544
14,MD,EC,CP3,29558.81,16994.34,60820.27,4839.068,1123.155
14,MD,EC,CPz,34664.6,25569.89,120043.5,6233.942,806.8655
14,MD,EC,CP4,22035.33,18223.53,95433.91,4720.038,1030.599
14,MD,EC,TP8,43552,20307.19,51506.16,5045.418,2503.113
14,MD,EC,P5,41743.68,31393.9,125904,6990.434,2800.093
14,MD,EC,P1,51579.72,38878.86,212299.8,8286.88,2002.026
14,MD,EC,P2,79114.86,60518.87,385124.2,13938.9,3965.656
14,MD,EC,P6,84372.57,57724.45,293833.9,11955.34,4478.083
14,MD,EC,PO7,70014.58,46334.41,150640.9,10147.8,5042.977
14,MD,EC,POz,69013.38,43659.88,263650.3,9559.524,3606.473
14,MD,EC,PO8,99177.49,50121.52,209045.3,11595.7,5281.882
14,MD,EC,Oz,81942.99,41204.63,157524.2,9512.203,4504.385
14,MD,EC,P9,21053.82,11511.45,42765.57,3616.072,1758.212
14,MD,EC,P10,107125.4,46778.76,105831.8,10565.21,5278.802
14,MD,EC,TP9,3457.214,1375.405,3973.044,650.4982,506.9091
14,MD,EO,AFz,21246.71,8641.91,29338.68,3582.058,861.1543
14,MD,EO,Fp1,18227.86,6422.035,21680.97,2280.346,581.4885
14,MD,EO,Fp2,19631.37,7367,27462.57,2659.778,621.2763
14,MD,EO,AF3,16173.36,6607.895,23102.2,2704.597,620.1011
14,MD,EO,AF4,22641.15,9294.645,32599.46,3787.495,930.7079
14,MD,EO,F7,15586.51,5653.729,14032.73,1976.377,692.7287
14,MD,EO,F3,12357.68,4980.319,17580.83,2039.844,477.952
14,MD,EO,Fz,18499.75,7354.969,23693.55,3138.261,839.4768
14,MD,EO,F4,19262.03,7892.124,24731.81,3251.606,954.7192
14,MD,EO,F8,11462.26,4385.706,16077.65,1511.626,392.5085
14,MD,EO,FC5,4235.299,2299.316,8092.478,895.9938,224.0144
14,MD,EO,FC1,15370.39,4705.336,11739.63,1944.035,687.4935
14,MD,EO,FC2,17222.36,5822.477,12908.21,2323.282,930.2903
14,MD,EO,FC6,10392.88,4675.182,14767.64,1606.032,495.5032
14,MD,EO,T7,12600.79,6226.91,14847.28,2488.289,1005.726
14,MD,EO,C3,15205.86,5306.524,15974.68,1997.576,559.4799
14,MD,EO,Cz,19847.18,5223.674,10541.99,1920.471,795.629
14,MD,EO,C4,18040.87,6832.91,12514.12,2375.712,1003.59
14,MD,EO,T8,21179.84,8522.463,15899.1,3188.896,1237.258
14,MD,EO,CP5,17325.86,8571.572,24595.56,3461.587,1257.446
14,MD,EO,CP1,25002.38,8059.139,25066.48,2935.19,798.5568
14,MD,EO,CP2,19922.61,6857.832,19772.58,2426.89,760.8471
14,MD,EO,CP6,15502.76,7241.862,15777.62,2799.838,844.5582
14,MD,EO,P7,25089.76,9663.994,23899.45,4109.592,1722.812
14,MD,EO,P3,22489.86,9956.264,33640.41,3799.683,987.6065
14,MD,EO,Pz,20722.37,8166.127,34969.87,2872.097,696.8022
14,MD,EO,P4,24177.53,10876.78,48766.26,4083.047,816.6038
14,MD,EO,P8,20922.52,8130.379,21545.36,3361.111,1023.667
14,MD,EO,PO3,18296.03,7434.644,22656.41,2898.623,947.6741
14,MD,EO,PO4,22335.17,9483.261,46520.8,3577.07,864.5255
14,MD,EO,O1,21429.15,6764.535,14301.03,2587.831,1105.28
14,MD,EO,O2,15995.92,5537.067,18535.82,2100.702,748.6739
14,MD,EO,AF7,15304.34,5434.453,16133.46,1907.922,558.7279
14,MD,EO,AF8,18732.39,6760.006,24259.16,2336.223,587.4844
14,MD,EO,F5,8623.185,3563.788,10828.05,1450.408,354.8983
14,MD,EO,F1,15919.25,6280.137,21290.64,2659.253,681.8242
14,MD,EO,F2,25618.61,9904.244,27153.45,4331.203,1324.215
14,MD,EO,F6,14683.27,6153.708,22488.57,2347.173,601.2931
14,MD,EO,FT7,9641.265,4246.671,10887.96,1651.516,547.3381
14,MD,EO,FC3,8715.539,3251.252,10192.99,1325.214,359.4268
14,MD,EO,FCz,20735.84,6849.436,16207.92,2853.859,1052.739
14,MD,EO,FC4,13397.64,5492.677,14686.67,2060.434,746.9733
14,MD,EO,FT8,6012.583,2671.586,7135.064,918.8805,318.5246
14,MD,EO,C5,9523.108,4871.297,14233.55,1915.319,657.323
14,MD,EO,C1,22169.74,6120.525,15505.89,2354.172,813.2654
14,MD,EO,C2,20852.55,6162.737,10841.76,2236.28,1014.822
14,MD,EO,C6,10975.18,5224.253,12081.57,1857.737,624.3168
14,MD,EO,TP7,20740.23,8731.131,21273.65,3705.867,1633.799
14,MD,EO,CP3,23091.23,9119,29264.58,3390.927,903.7763
14,MD,EO,CPz,20387.4,6274.507,18971.05,2276.175,712.0951
14,MD,EO,CP4,16891.43,6781.057,16741.41,2482.942,775.6857
14,MD,EO,TP8,24855.22,9194.641,15605.54,3758.956,1363.14
14,MD,EO,P5,19900.41,9161.847,27460.12,3631.219,1246.98
14,MD,EO,P1,21001.55,8574.665,31062.87,3163.031,768.7896
14,MD,EO,P2,33969.23,14627.71,71297.03,5161.082,1137.748
14,MD,EO,P6,19838.61,8944.562,34132.98,3637.375,791.4695
14,MD,EO,PO7,22048.01,7510.185,17125.33,3066.585,1238.563
14,MD,EO,POz,15683.86,6222.067,26910.56,2272.924,648.1066
14,MD,EO,PO8,19085.13,6921.734,22344.51,2682.815,949.5474
14,MD,EO,Oz,12479.42,4124.469,11510.65,1586.373,604.9508
14,MD,EO,P9,15450.38,5698.563,16510.46,1887.764,620.7332
14,MD,EO,P10,23476.05,7335.684,12394.84,2739.182,1322.727
14,MD,EO,TP9,1852.046,731.8192,1786.468,324.331,178.954
15,MD,EC,AFz,41459.73,18609.69,121025.4,4061.667,941.3965
15,MD,EC,Fp1,37673.62,14750.59,126156,4034.257,1429.735
15,MD,EC,Fp2,29359.51,12545.02,103221.9,3419.726,895.0622
15,MD,EC,AF3,40096.93,17531.84,123846.7,3856.683,835.2251
15,MD,EC,AF4,38618.72,16852.91,99091.66,3639.683,874.907
15,MD,EC,F7,34758.45,13510.51,109984.1,3836.913,1460.704
15,MD,EC,F3,41164.91,17341.15,112703.8,3878.868,1073.38
15,MD,EC,Fz,59441.27,28766.41,116480.6,5111.736,1476.725
15,MD,EC,F4,35146.19,15934.47,79071.2,3743.74,1367.774
15,MD,EC,F8,34713.02,12867.58,64737.27,4878.036,2700.387
15,MD,EC,FC5,30825.66,12398.57,92050.91,2899.431,576.9152
15,MD,EC,FC1,33037.56,16712.77,92528.59,3086.346,903.2105
15,MD,EC,FC2,34466.77,17128.84,76930.41,3508.958,1218.375
15,MD,EC,FC6,18434.25,8081.712,46234.61,2471.833,919.4421
15,MD,EC,T7,33812.79,14781.74,79771.13,3942.177,1450.07
15,MD,EC,C3,23454.7,10958.42,73640.73,2755.634,657.8552
15,MD,EC,Cz,30978.11,15607.22,76605.55,3260.125,1180.091
15,MD,EC,C4,25567.07,14029.33,86924.7,3982.014,891.3893
15,MD,EC,T8,48937.7,20486.97,79731.62,9461.47,6040.893
15,MD,EC,CP5,26204.64,13969.83,85928.72,4956.388,1777.62
15,MD,EC,CP1,36942.11,17913.79,159730,5647.814,1531.465
15,MD,EC,CP2,66898.06,29581.97,229566,8208.696,1389.318
15,MD,EC,CP6,46824.7,25403.96,159152.2,7904.191,2726.923
15,MD,EC,P7,72808.2,41874.93,148696.2,9991.927,3845.357
15,MD,EC,P3,64769.8,31222.37,289897.6,13164.1,5276.869
15,MD,EC,Pz,86443.19,32359.76,371763.9,9904.806,1644.182
15,MD,EC,P4,117491.6,61928.89,572015.9,17353.97,2427.518
15,MD,EC,P8,95651.16,49508.73,241514.3,13701.33,5240.577
15,MD,EC,PO3,67755.64,33547.93,268739.1,11327.79,4693.499
15,MD,EC,PO4,82559.59,37738.32,355279.8,10453.05,2468.364
15,MD,EC,O1,62084.71,39400.91,198473.1,11476.46,6395.115
15,MD,EC,O2,65828.55,33553.79,206538.8,6999.016,2377.996
15,MD,EC,AF7,40885.57,15674.98,123946.4,4128.316,1654.926
15,MD,EC,AF8,29430.7,11110.75,79351.49,3502.174,1292.539
15,MD,EC,F5,34510.05,14617.29,107489.9,3272.786,707.2397
15,MD,EC,F1,42792.33,20462.95,116636.8,3976.788,986.0044
15,MD,EC,F2,41564.65,20030.35,95690.4,3998.402,1252.589
15,MD,EC,F6,24939.79,10456.46,66491.36,3011.389,1159.008
15,MD,EC,FT7,24481.48,9474.173,58615.75,2459.25,844.1699
15,MD,EC,FC3,53174.05,20650.41,105511.7,4260.811,1139.104
15,MD,EC,FCz,38588.65,19331.76,88344.6,3622.006,1381.289
15,MD,EC,FC4,26001.22,12774.25,63702.96,3070.148,930.1569
15,MD,EC,FT8,14348.89,5662.455,22383.57,1991.966,1070.505
15,MD,EC,C5,27283.7,11967.91,76685.45,3220.739,724.6343
15,MD,EC,C1,26210.21,13300.08,75858.11,2841.332,918.7141
15,MD,EC,C2,46125.07,18980.17,96217.84,4635.776,1229.19
15,MD,EC,C6,16834.62,9278.833,62437.33,3088.648,902.705
15,MD,EC,TP7,49347.15,25118.23,86439.82,6635.364,3053.395
15,MD,EC,CP3,26704.46,13717.28,109385.2,5034.734,1649.796
15,MD,EC,CPz,84439.46,31436.55,229663.8,8184.547,2060.052
15,MD,EC,CP4,48295.6,27841.09,210140.6,7899.667,1325.512
15,MD,EC,TP8,38642.99,20788.85,118508.1,5686.136,1905.846
15,MD,EC,P5,71370.62,36240.83,255580.2,14931.91,7298.447
15,MD,EC,P1,77913,31878.8,399033,11553.58,1975.98
15,MD,EC,P2,100799.8,45829.43,472790.8,13429.25,2003.203
15,MD,EC,P6,130838.9,54779.12,423313.3,13575.99,2165.582
15,MD,EC,PO7,65351,40887.53,190951.9,12116.36,7123.752
15,MD,EC,POz,62345.92,27492.41,259362.4,7639.667,2203.729
15,MD,EC,PO8,74036.84,38043.38,245183.2,8111.386,2077.628
15,MD,EC,Oz,60093.55,35214.93,197289.3,9506.632,5146.627
15,MD,EC,P9,18054.59,6993.563,48399.33,2472.121,905.1483
15,MD,EC,P10,80999.39,38938.66,178150.2,10851.48,4043.007
15,MD,EC,TP9,2976.373,1125.711,5146.735,412.0301,245.2924
15,MD,EO,AFz,37626.38,16744.98,45661.54,3415.829,1383.867
15,MD,EO,Fp1,33101.68,14003.66,41234.28,2815.943,999.0302
15,MD,EO,Fp2,35995.08,14310.22,45575.54,3101.842,1330.586
15,MD,EO,AF3,36497.19,16037.37,44437.03,3277.241,1248.245
15,MD,EO,AF4,50899.59,19139.29,47125.23,4516.352,2232.491
15,MD,EO,F7,37034.52,15057.49,40320.54,3952.019,1986.419
15,MD,EO,F3,79498.25,35120.1,62753.52,5815.004,1909.458
15,MD,EO,Fz,49532.54,24289.21,49505.52,3992.272,1589.633
15,MD,EO,F4,30727.05,13538.71,32653.14,2522.008,1185.132
15,MD,EO,F8,41815.89,16817.38,37888.34,5588.861,3446.647
15,MD,EO,FC5,24231.53,10523.4,35386.43,2627.337,1001.376
15,MD,EO,FC1,41006.71,18275.8,39836.52,3585.892,1509.483
15,MD,EO,FC2,29833.57,13411.92,30313.81,2699.606,1351.035
15,MD,EO,FC6,17459.26,7012.442,23092.48,1718.517,835.2875
15,MD,EO,T7,21502.81,8402.668,38690.58,2533.174,1000.153
15,MD,EO,C3,38301.03,14983.32,46643.82,4240.892,1776.856
15,MD,EO,Cz,34149.51,12911.19,34889.02,3243.96,1578.766
15,MD,EO,C4,29313.21,12459.1,64295.8,4149.47,1659.343
15,MD,EO,T8,36188.73,12405.75,35001.69,3619.954,1969.513
15,MD,EO,CP5,18376.87,8918.02,37956.61,3239.874,1272.377
15,MD,EO,CP1,46535.31,15074.24,58206.72,4496.334,1471.28
15,MD,EO,CP2,58312.9,22118.47,123319.7,6396.968,1673.227
15,MD,EO,CP6,35854.71,17902.66,63257.77,4253.707,1343.715
15,MD,EO,P7,34908.21,15559.41,42797.45,3718.384,1590.084
15,MD,EO,P3,50748.51,20387.2,80012.3,6595.679,1967.671
15,MD,EO,Pz,97022.88,30762.9,188500.4,7615.988,1350.511
15,MD,EO,P4,95248.41,50544.98,241497.2,12546.21,2533.57
15,MD,EO,P8,73237.82,36136.66,73474.32,6545.085,2061.068
15,MD,EO,PO3,54999.44,21853.93,73663.66,5072.945,1832.476
15,MD,EO,PO4,68898.78,35393.55,129304,7633.515,2420.053
15,MD,EO,O1,56831.32,22487.25,58501.58,4594.196,2125.956
15,MD,EO,O2,70567.65,29097.13,77949.29,5497.943,2166.524
15,MD,EO,AF7,38703.7,15825.83,46181.04,3719.609,1522.758
15,MD,EO,AF8,95169.45,27654.85,73009.52,6578.662,2949.702
15,MD,EO,F5,26273.11,11779.08,40272.34,2640.884,872.0824
15,MD,EO,F1,42851.65,20497.1,46858.7,3531.759,1277.185
15,MD,EO,F2,39779.17,19005.4,39875.36,3279.018,1427.092
15,MD,EO,F6,26257.9,10338.23,29808.64,2301.518,1091.036
15,MD,EO,FT7,875749.8,256951.9,147114.1,69400.2,118518.4
15,MD,EO,FC3,47401.84,18575.06,46004.18,4441.037,1898.072
15,MD,EO,FCz,44633.9,20732.2,38443.7,3628.625,1602.715
15,MD,EO,FC4,25018.25,10369.32,33024.47,2704.166,1398.25
15,MD,EO,FT8,721202.9,194542.5,116142.8,59445.65,113758
15,MD,EO,C5,23552.05,10417.21,36196.2,3580.643,1634.188
15,MD,EO,C1,35471.28,13579.25,36424.71,3507.893,1599.35
15,MD,EO,C2,31209.16,11856.93,50794.75,3655.347,1646.271
15,MD,EO,C6,31946.3,12842.9,48264.87,3580.259,1519.175
15,MD,EO,TP7,21926.8,9197.239,34635.3,2528.97,1041.416
15,MD,EO,CP3,36003.8,13683.43,52313.76,4677.158,1677.332
15,MD,EO,CPz,90803.45,25442.09,95730.64,6140.321,1804.543
15,MD,EO,CP4,40902.5,19267.55,104145.7,5635.673,1513.083
15,MD,EO,TP8,53467.37,22644.26,44504.52,4640.653,2101.193
15,MD,EO,P5,45271.27,21893.37,71050.45,7026.169,2631.272
15,MD,EO,P1,74644.17,24482.91,121422.2,6800.465,1516.564
15,MD,EO,P2,106529.1,42101.2,298357.8,10538.15,1685.281
15,MD,EO,P6,80660.16,43377.89,121576.8,8777.479,2023.624
15,MD,EO,PO7,42657.96,17630.07,46316.75,3805.732,1584.624
15,MD,EO,POz,71323.07,26389.47,117041.8,5614.307,1771.483
15,MD,EO,PO8,71154.91,34531.09,75362.46,6241.179,2292.097
15,MD,EO,Oz,66504.27,26085.08,69321.53,5039.839,2171.497
15,MD,EO,P9,30492.6,10213.63,29074.52,2292.033,1001.144
15,MD,EO,P10,89928,31834.59,70867.59,6579.223,2785.954
15,MD,EO,TP9,736723.1,191269.4,94408.33,47992.93,106595.8
16,MD,EC,AFz,163793.5,37717.53,34018.4,10347.81,3985.249
16,MD,EC,Fp1,258989,43513.7,27825.72,14583.32,10041.14
16,MD,EC,Fp2,600794.6,87751.98,47651.91,56436.02,42812.62
16,MD,EC,AF3,279058.7,41682.19,37318.3,17000.12,10921.51
16,MD,EC,AF4,172987.5,35682.08,32777.8,26935.57,19175.73
16,MD,EC,F7,179396.1,38563.79,43307.66,36185.24,23917.62
16,MD,EC,F3,218191.9,54888.2,41753.55,14415.54,4588.361
16,MD,EC,Fz,103507.9,45913.63,37164.41,10593.11,2509.356
16,MD,EC,F4,122862.7,43504.21,37434,17364.16,6491.684
16,MD,EC,F8,245349.7,45546.99,41899.9,41641.48,26202.9
16,MD,EC,FC5,619354.8,109015.1,52753.11,23533.84,13377.16
16,MD,EC,FC1,149734.9,51328.95,37645.53,13318.47,9729.73
16,MD,EC,FC2,72058.16,40045.55,34637.29,11325.47,2836.842
16,MD,EC,FC6,252342.6,29506.78,26119.36,13199.2,5060.772
16,MD,EC,T7,159317.5,37640.46,42108.25,17930.58,12891.91
16,MD,EC,C3,57906.87,19586.21,17587.29,7208.391,2452.397
16,MD,EC,Cz,86829.06,47567.03,50887.57,17131.02,6793.705
16,MD,EC,C4,51228.39,21802.43,26517.78,9760.161,2714.442
16,MD,EC,T8,407146.4,83315.17,92374.73,54370.71,41108.16
16,MD,EC,CP5,49923.27,17598.62,27348.28,8513.248,2463.644
16,MD,EC,CP1,74890.77,24637.5,58968.71,10006.01,2318.919
16,MD,EC,CP2,69739.09,20899.76,55437.7,10272.38,2251.116
16,MD,EC,CP6,51777.05,17775.58,23757.33,9995.877,2529.865
16,MD,EC,P7,565237.6,123337.9,129694.8,37951.41,29968.82
16,MD,EC,P3,80015.05,25743.8,74379.29,13334.31,2338.239
16,MD,EC,Pz,236772.4,77327.87,164136.6,28222.29,13770.97
16,MD,EC,P4,404570.7,44850.24,74077.48,15888.22,2327.817
16,MD,EC,P8,711613.9,233382.7,84423.16,34381.44,33339.11
16,MD,EC,PO3,150670,38631.01,101637.3,17336.99,2763.927
16,MD,EC,PO4,1582836,198302.8,166399.1,41054.54,6720.068
16,MD,EC,O1,111924.1,43533.92,77084.3,14404.84,2626.161
16,MD,EC,O2,93100.45,36305.47,74327.27,17834.89,3109.278
16,MD,EC,AF7,408983.9,66068.45,45005.49,36335.06,30519.79
16,MD,EC,AF8,480808.8,75581.89,48845.95,72687.2,56732.8
16,MD,EC,F5,232935.2,47324.03,40765.8,20649.07,10234.54
16,MD,EC,F1,122712.5,43156.37,36524.91,10458.13,2680.445
16,MD,EC,F2,99087.48,43498.4,36977.19,11966.56,3096.348
16,MD,EC,F6,314615.7,65316.12,46434.15,49677.34,31388.77
16,MD,EC,FT7,127099.5,33959.89,46199.5,40206.68,32568.73
16,MD,EC,FC3,62603.92,23501.91,23174.72,8604.951,2716.472
16,MD,EC,FCz,87408.09,51698.43,40584.21,13113.08,3640.74
16,MD,EC,FC4,77698.98,30800.89,28980.38,12086.63,3504.128
16,MD,EC,FT8,224291.3,39869.14,34217.68,24911.77,11727.89
16,MD,EC,C5,190929.7,39749.47,27812.66,12853.68,7290.925
16,MD,EC,C1,83497.8,34997.89,29597.56,8794.664,2989.156
16,MD,EC,C2,64140.68,30861.24,37146.41,9929.917,3222.441
16,MD,EC,C6,62186.02,19243.43,19942.23,10087.91,4071.21
16,MD,EC,TP7,84771.9,29983.48,50425.11,16138.87,7588.066
16,MD,EC,CP3,52026.65,17051.25,24775.11,7702.981,2185.602
16,MD,EC,CPz,90646.34,29044.97,76875.44,11700.43,2866.898
16,MD,EC,CP4,48862.29,17243.21,33049.57,9917.992,2103.477
16,MD,EC,TP8,141900.9,39433.52,36342.86,18549.84,9173.756
16,MD,EC,P5,72839.41,25240.94,79196.63,14429.03,2428.034
16,MD,EC,P1,96526.03,34378.1,124784.9,17000.81,2496.193
16,MD,EC,P2,94573.57,24733.01,111474.2,17080.99,2390.116
16,MD,EC,P6,130728.6,26118.54,28452.14,8735.357,2562.673
16,MD,EC,PO7,141667.2,37506.39,77247.73,14168.82,4200.68
16,MD,EC,POz,157253.7,32216.24,106653.8,17342.75,2396.256
16,MD,EC,PO8,110343.3,41163.48,95621.47,28393.03,4709.003
16,MD,EC,Oz,120943.1,44039.77,66594.41,13604.88,2673.619
16,MD,EC,P9,190975.8,64181.14,106161.7,20890.15,5146.209
16,MD,EC,P10,117160.7,46571.83,76828.64,18804.9,4676.781
16,MD,EC,TP9,139345.6,48561.87,83217.15,17757.42,4518.741
16,MD,EO,AFz,12537.47,4683.403,5366.048,2225.279,801.8688
16,MD,EO,Fp1,11989.03,4796.074,5233.945,2349.514,842.6207
16,MD,EO,Fp2,10155.29,3570.618,4410.688,1645.845,573.8425
16,MD,EO,AF3,11903.02,4435.858,5093.951,2105.288,758.3024
16,MD,EO,AF4,8158.489,3356.393,3621.146,1663.279,590.6737
16,MD,EO,F7,2927.822,997.0272,1325.932,451.3906,147.0386
16,MD,EO,F3,13677.58,5449.28,5959.094,2664.915,956.7674
16,MD,EO,Fz,13781.45,5421.768,5970.908,2637.167,949.4204
16,MD,EO,F4,9972.203,4025.269,4374.377,1979.324,707.9449
16,MD,EO,F8,140.4683,60.90325,83.38596,30.65425,7.615396
16,MD,EO,FC5,2979.708,1093.356,1275.712,515.0542,184.7519
16,MD,EO,FC1,18762.41,7386.52,8131.266,3593.919,1293.698
16,MD,EO,FC2,10046.61,4406.5,4723.159,2237.577,763.7288
16,MD,EO,FC6,2288.303,1074.301,1210.447,558.0667,172.4096
16,MD,EO,T7,4745.199,2055.063,2816.478,1033.914,256.6451
16,MD,EO,C3,2886.979,1306.789,1415.175,670.9276,221.7648
16,MD,EO,Cz,10381.94,4906.034,5655.393,2553.039,764.6082
16,MD,EO,C4,4097.137,1938.432,2278.928,1008.784,294.6691
16,MD,EO,T8,2426.619,855.061,1052.484,394.5894,137.9023
16,MD,EO,CP5,348.9087,164.78,197.2295,85.67567,24.48759
16,MD,EO,CP1,8735.445,3304.386,4873.252,1570.464,383.9527
16,MD,EO,CP2,9135.264,3360.743,4978.403,1576.815,393.2301
16,MD,EO,CP6,2985.931,1199.483,1306.364,588.6357,210.8529
16,MD,EO,P7,9230.017,4355.62,4984.864,2265.854,685.0861
16,MD,EO,P3,11691.89,3969.335,5355.913,1793.571,573.5881
16,MD,EO,Pz,25914.58,9040.547,13256.89,4134.5,1114.044
16,MD,EO,P4,16400.59,5907.597,7045.667,2757.448,980.7149
16,MD,EO,P8,3111.412,1471.713,1738.909,765.7682,222.3103
16,MD,EO,PO3,16546.76,6491.729,7161.19,3153.822,1135.972
16,MD,EO,PO4,35738.91,15052.95,16146.38,7529.034,2642.995
16,MD,EO,O1,33029.64,15355.14,17012,7952.732,2520.049
16,MD,EO,O2,38636.26,18030.16,20085.96,9349.225,2937.169
16,MD,EO,AF7,11068.56,3817.47,4893.925,1741.179,589.5091
16,MD,EO,AF8,11267.9,4453.126,4891.181,2170.267,780.6338
16,MD,EO,F5,6194.729,2194.363,2678.827,1015.463,356.7253
16,MD,EO,F1,14246.69,5542.861,6147.221,2683.013,967.5438
16,MD,EO,F2,13724.6,5750.083,6173.886,2870.099,1010.432
16,MD,EO,F6,7313.888,3245.317,3486.937,1654.76,558.9293
16,MD,EO,FT7,955.1669,361.5405,533.1138,171.8772,42.00717
16,MD,EO,FC3,3618.794,1473.464,1595.523,727.1332,259.2898
16,MD,EO,FCz,13410.93,5800.629,6209.869,2930.554,1011.319
16,MD,EO,FC4,7797.087,3448.124,3701.725,1756.083,595.0339
16,MD,EO,FT8,605.7142,206.631,295.4291,93.47432,27.04898
16,MD,EO,C5,1684.158,573.9423,818.6612,259.5127,75.49271
16,MD,EO,C1,5527.939,2556.179,2814.005,1321.656,423.224
16,MD,EO,C2,8423.923,3981.824,4598.461,2072.207,619.1234
16,MD,EO,C6,521.136,241.4871,266.4709,124.9432,39.85175
16,MD,EO,TP7,2521.125,1031.333,1472.347,507.1206,122.6416
16,MD,EO,CP3,1509.702,595.7164,866.1165,288.482,69.61614
16,MD,EO,CPz,12672.97,5059.816,7317.194,2462.688,593.9683
16,MD,EO,CP4,2858.607,1008.992,1487.774,464.0944,122.1312
16,MD,EO,TP8,4459.179,2095.382,2366.058,1088.776,335.3305
16,MD,EO,P5,5277.416,2009.442,2264.163,963.2944,347.75
16,MD,EO,P1,39858.71,13504.81,18672.42,6092.293,1879.422
16,MD,EO,P2,32583.8,11065.35,14904.77,5000.953,1603.023
16,MD,EO,P6,6031.686,2347.719,2602.953,1136.625,409.8669
16,MD,EO,PO7,13942.63,6314.663,6840.486,3242.669,1071.068
16,MD,EO,POz,34443.52,12621.08,14748.45,5941.483,2130.191
16,MD,EO,PO8,38562.62,18095.11,20365.29,9398.475,2908.279
16,MD,EO,Oz,31569.99,14505.57,15870.99,7484.579,2422.835
16,MD,EO,P9,21113.18,9915.271,12137.04,5143.682,1432.166
16,MD,EO,P10,28147.25,13278.12,15987.27,6900.508,1958.508
16,MD,EO,TP9,11881.41,5313.587,7054.58,2706.402,691.2495
17,MD,EC,AFz,73588.69,36914.11,355470.5,23554.1,3779.906
17,MD,EC,Fp1,49320.75,23907.97,236613.6,14777.34,2395.477
17,MD,EC,Fp2,80220.36,35366.63,355176.3,23126.07,3584.134
17,MD,EC,AF3,66519.27,31886.81,333409,19995.37,3096.585
17,MD,EC,AF4,75846.15,41693.22,353193,26187.03,4536.014
17,MD,EC,F7,54194.49,24487.7,274017.6,15747.25,2363.584
17,MD,EC,F3,62554.62,35195.14,289288.1,20449.39,3756.323
17,MD,EC,Fz,69939.12,37623.41,306880.5,23191.76,3832.577
17,MD,EC,F4,81497.76,52855.61,324386.4,31487.82,5831.286
17,MD,EC,F8,66088.82,29743.73,265905.3,18853.09,3349.182
17,MD,EC,FC5,39150.01,22616.09,181166.8,15332.22,3796.104
17,MD,EC,FC1,56888.53,33560.3,206151.8,19388.37,2718.633
17,MD,EC,FC2,74101.48,47178.02,232398.4,28094.01,4980.353
17,MD,EC,FC6,57550.11,40434.46,193460,23165.3,4216.847
17,MD,EC,T7,44759.25,27135.33,153500.5,21492.46,5938.263
17,MD,EC,C3,55669.53,44183.96,191313.9,30533.83,4429.761
17,MD,EC,Cz,53108.2,29503.36,131282.6,19215.41,2552.137
17,MD,EC,C4,88103.98,66162.48,197798.7,36564.46,5723.073
17,MD,EC,T8,53492.75,29645.57,114438,20407.98,4110.678
17,MD,EC,CP5,60823.05,45054.52,269733.6,36606.98,6624.469
17,MD,EC,CP1,59882.54,43645.7,237645.5,28773.23,3764.137
17,MD,EC,CP2,67005.42,42271.57,259845.8,29943.37,4017.847
17,MD,EC,CP6,65809.02,38765.57,250215.1,30124.99,5051.445
17,MD,EC,P7,158854.7,78625.54,665303.6,60942.45,7662.644
17,MD,EC,P3,111648.4,64144.89,673702.6,50930.05,5774.06
17,MD,EC,Pz,97534.45,49117.8,584873.7,39146.28,5248.415
17,MD,EC,P4,134280.2,59701.55,959364.8,48265.95,6491.824
17,MD,EC,P8,154027.5,66245.32,640561.2,53580.08,7019.521
17,MD,EC,PO3,210874.4,97143.43,1151312,77288.96,7885.151
17,MD,EC,PO4,208186,81165.86,1327366,61520.24,8357.123
17,MD,EC,O1,110502.6,60099.85,373167.9,34998.37,4609.684
17,MD,EC,O2,96403.14,49169.5,337582.8,28337.1,4230.51
17,MD,EC,AF7,62236.26,27238.78,313188.6,17376.29,2756.579
17,MD,EC,AF8,81443.34,35941.45,344374,23446.67,4005.806
17,MD,EC,F5,57498.83,30404.28,272306.6,18195.9,3761.057
17,MD,EC,F1,63544.63,35199.82,286127.6,20845.23,3482.002
17,MD,EC,F2,75287.41,43531.82,320417.6,27017.85,4765.757
17,MD,EC,F6,73495.74,49044.8,310064.8,29300.63,5559.411
17,MD,EC,FT7,37802.28,18943.67,189265.2,13997.86,2936.206
17,MD,EC,FC3,51112.18,35340.54,204754.4,20081.81,3735.559
17,MD,EC,FCz,62882.94,32801.73,211112.6,20447.71,2978.836
17,MD,EC,FC4,82258.8,64302.49,248320.9,36077.23,6718.261
17,MD,EC,FT8,51541.5,28475.76,164285.5,17813.48,3244.379
17,MD,EC,C5,44071.73,30653.89,158970.3,26308.62,6556.517
17,MD,EC,C1,55661.55,39631.29,159111.9,23719.66,2945.574
17,MD,EC,C2,68203.91,44088.4,165393,27125.86,3711.247
17,MD,EC,C6,69496.8,47436.53,131750.1,27446.67,4978.56
17,MD,EC,TP7,77596.25,48445.91,228719.6,37909.74,9696.071
17,MD,EC,CP3,65334.58,52522.72,285110.7,39322.83,5382.048
17,MD,EC,CPz,53730.32,32616.28,197310.2,22159.57,3169.968
17,MD,EC,CP4,78427.26,50568.11,294503.9,33942.97,4405.377
17,MD,EC,TP8,76859.3,36564.73,170722.2,29389.11,5666.014
17,MD,EC,P5,134088.4,70908,727683.9,57911.37,6543.734
17,MD,EC,P1,106096.9,56833.32,642155.2,45516.22,5432.711
17,MD,EC,P2,107489.7,49159.33,702563.8,38105.6,5235.92
17,MD,EC,P6,114285.9,49183.6,726796.6,42099.77,5740.29
17,MD,EC,PO7,201906.4,93653.93,890204.9,69978.06,7076.323
17,MD,EC,POz,164891.3,71028.59,728340.7,49805.57,6709.176
17,MD,EC,PO8,151196,65787.23,684528.2,48366.21,6361.898
17,MD,EC,Oz,86017.2,47661.26,240524.5,24992.46,3588.16
17,MD,EC,P9,110894.1,61978.54,299066.9,37476.1,4990.327
17,MD,EC,P10,99926.16,53565.77,206029.1,30538.92,4652.263
17,MD,EC,TP9,84670.39,52257.08,220982.3,30602.38,5506.523
17,MD,EO,AFz,58025.32,27617.69,66896.88,16581.21,5950.954
17,MD,EO,Fp1,45416.27,20949.52,42946.74,11718.39,4377.471
17,MD,EO,Fp2,83949.36,28020.36,80564.91,19390.18,6649.826
17,MD,EO,AF3,55629.85,26140,64375.03,15749.55,5679.604
17,MD,EO,AF4,69321.8,30632.87,71997.2,18773.19,6720.292
17,MD,EO,F7,59742.54,20218.36,60616.77,12498.76,3706.237
17,MD,EO,F3,52215.98,34541.18,70840.17,17794.16,6444.699
17,MD,EO,Fz,51150.67,30528.17,64383.6,16157.49,5363.753
17,MD,EO,F4,71567.68,39803.57,82144.05,22174.26,7492.041
17,MD,EO,F8,59141.38,21858.92,59599.41,15691.7,5747.423
17,MD,EO,FC5,46973.52,32207.36,70087.93,18846.7,6759.098
17,MD,EO,FC1,57055.76,36865.54,68691.07,18257.34,4685.905
17,MD,EO,FC2,65954.09,39079.95,75472.38,20588.08,5396.264
17,MD,EO,FC6,57364.16,29016.35,63947.2,17665.25,5645.566
17,MD,EO,T7,49701.64,22287.29,60018.78,15297.36,4376.376
17,MD,EO,C3,56608.87,38059.62,108752.1,26846.2,6120.429
17,MD,EO,Cz,77640.06,32586.57,65130,20273.2,3846.711
17,MD,EO,C4,72530.29,41798.52,99260.56,26842.94,5718.313
17,MD,EO,T8,71773.31,30195.32,63192.3,17541.44,5053.063
17,MD,EO,CP5,48573.82,27913.3,103737.1,25801.72,6154.177
17,MD,EO,CP1,76389.25,33684.28,120571.1,24243.97,3922.498
17,MD,EO,CP2,75495.85,27050.4,97651.48,21327.02,3554.863
17,MD,EO,CP6,48232.14,27854.47,73716.71,22191.5,6008.253
17,MD,EO,P7,86031.75,42688.3,114020.6,29879.63,6179.011
17,MD,EO,P3,97489.05,41009.66,181255.2,33063.36,6110.487
17,MD,EO,Pz,120746.1,37023.57,147480.2,26852.23,5388.131
17,MD,EO,P4,97181.6,33489.11,137001.9,26857.1,5761.052
17,MD,EO,P8,87289.38,40613.27,83195.7,24568.9,6751.726
17,MD,EO,PO3,129876.4,53437.12,192617,40277.78,8289.981
17,MD,EO,PO4,148308,50637.06,157396.6,34423.77,7044.025
17,MD,EO,O1,90906.18,49875.83,81418.66,25242.78,9379.99
17,MD,EO,O2,84876.37,42301.83,74144.27,21266.58,5711.351
17,MD,EO,AF7,67895.81,22339.29,64511.43,14044.65,4444.421
17,MD,EO,AF8,82049.87,28969.42,78744.6,19278.06,6373.165
17,MD,EO,F5,53772.01,33090.81,72482.02,17394.03,5991.086
17,MD,EO,F1,50913.88,33447.02,68134.88,17144.14,5758.569
17,MD,EO,F2,50563.68,19057.74,57499.36,13483.2,4387.408
17,MD,EO,F6,79315.44,39638.28,84912.34,23364.6,8220.01
17,MD,EO,FT7,47131.66,18348.17,52281.8,11636.98,3260.285
17,MD,EO,FC3,54317.93,44148.91,83110.29,22106.75,7196.469
17,MD,EO,FCz,62436.09,34948.79,63767.8,17948.74,4365.319
17,MD,EO,FC4,74262.05,46056.98,88684.17,24383.34,7011.01
17,MD,EO,FT8,67845.95,25999.94,59327.43,15448.83,4650.008
17,MD,EO,C5,50046.59,30498.93,86497.78,25143.67,7657.455
17,MD,EO,C1,67271.77,35403.64,81727.2,21532.14,4056.016
17,MD,EO,C2,80671.27,37774.6,90410.27,24715.18,4204.292
17,MD,EO,C6,53061.23,29557.65,61989.03,19764.41,5501.891
17,MD,EO,TP7,52958.9,27507.25,71779.13,19076.95,4669.565
17,MD,EO,CP3,62276.38,33594.67,137423.8,29130.61,5252.36
17,MD,EO,CPz,78035.76,26747.42,80931.84,18337.23,3496.837
17,MD,EO,CP4,69064.7,33002.27,112677.3,26622.81,4889.384
17,MD,EO,TP8,68577.38,33199.11,71543.92,21534,6711.841
17,MD,EO,P5,85763.61,39849.86,164323.9,35213.92,6571.516
17,MD,EO,P1,114487.9,41502.46,175138.5,30323.89,5736.184
17,MD,EO,P2,111040.3,31530.09,137181.4,24347.46,4845.645
17,MD,EO,P6,65853.33,29523.14,88494.64,21625.22,5450.753
17,MD,EO,PO7,105295,51706.7,128955.9,33700.72,7408.583
17,MD,EO,POz,132040.7,48838.24,152173.6,31475.72,6838.735
17,MD,EO,PO8,90007.91,42687.66,82030.58,23853.37,6283.938
17,MD,EO,Oz,81934.27,43962.31,71229.15,20972.78,6601.01
17,MD,EO,P9,92890.66,46257.24,88715.27,22341.83,5195.584
17,MD,EO,P10,107267.9,50741.94,102011,26154.1,6444.359
17,MD,EO,TP9,94953.24,40768.79,90364.96,21272.02,5498.572
18,nonMD,EC,AFz,51008.74,22461.25,95467.6,33811.05,1246.467
18,nonMD,EC,Fp1,42580.07,15241.01,88115.59,31122.39,970.9317
18,nonMD,EC,Fp2,37025.35,12650.53,95078.86,31689.7,919.7269
18,nonMD,EC,AF3,41716.21,17426,82944.61,28928.04,982.545
18,nonMD,EC,AF4,41588.12,16918.93,93180.2,31324.73,1054.325
18,nonMD,EC,F7,20765.51,7295.422,45368.62,16333.82,539.6495
18,nonMD,EC,F3,35102.48,15480.45,67400.97,22718,878.9203
18,nonMD,EC,Fz,62257.29,27318.46,93719.38,32015.95,1579.54
18,nonMD,EC,F4,25041.27,11020.86,64659.05,21345.12,657.8652
18,nonMD,EC,F8,24535.01,8096.99,50759.62,18248.64,640.6454
18,nonMD,EC,FC5,10174.1,4556.586,26246.1,9444.372,385.5069
18,nonMD,EC,FC1,25641.54,11705.27,48280.89,13790.28,728.2889
18,nonMD,EC,FC2,24982.88,11281.36,50340.13,15633.85,751.012
18,nonMD,EC,FC6,9267.261,3639.048,33086.24,12471.78,338.7076
18,nonMD,EC,T7,10288.63,4695.441,12755.77,6921.57,447.8223
18,nonMD,EC,C3,14675.31,7322.464,20029.67,8394.907,688.5954
18,nonMD,EC,Cz,23461.12,8759.066,28939.03,10329.61,650.1769
18,nonMD,EC,C4,11956.44,5849.395,20521.69,10416.05,566.7121
18,nonMD,EC,T8,17581.18,6073.212,18915.34,9376.658,615.2255
18,nonMD,EC,CP5,17477.41,8842.667,33523.32,12980.13,827.7086
18,nonMD,EC,CP1,44582.68,16291.16,50640.8,30017.58,1103.132
18,nonMD,EC,CP2,37083.11,14115.75,46061.29,26068.04,1000.2
18,nonMD,EC,CP6,12880.48,6192.44,18388.96,8458.293,574.6667
18,nonMD,EC,P7,21606.92,10000.87,88873.22,23373.86,938.1201
18,nonMD,EC,P3,53181.65,21967.97,207382,68887.64,1970.527
18,nonMD,EC,Pz,66914.77,24945.82,165090.8,94463.51,1735.219
18,nonMD,EC,P4,42616.49,16634.1,135183.8,40452.86,1505.684
18,nonMD,EC,P8,18812.9,7881.374,40046.54,9669.959,681.4297
18,nonMD,EC,PO3,57060.83,26319.51,274018.7,87495.19,2186.205
18,nonMD,EC,PO4,50461.13,20946.38,212847.8,52691.79,1835.543
18,nonMD,EC,O1,22846.15,10467.83,92861.65,27219.46,789.3136
18,nonMD,EC,O2,25690.96,10912.33,85084.21,22193.79,818.9677
18,nonMD,EC,AF7,33340.7,11400.84,65126.16,24024.26,768.0544
18,nonMD,EC,AF8,42604.29,13229.3,83770.05,27995.19,1114.949
18,nonMD,EC,F5,20565.06,8333.708,49214.05,16986.03,527.6364
18,nonMD,EC,F1,48287.47,21803.31,81261.66,27588.72,1222.519
18,nonMD,EC,F2,42649.62,19691.32,76723.34,25948.19,1157.16
18,nonMD,EC,F6,22369.56,8065.398,50529.81,17912.94,569.5193
18,nonMD,EC,FT7,12280.54,4642.844,25218.1,10115.41,403.5223
18,nonMD,EC,FC3,11749.31,5527.875,32107.01,9661.576,427.378
18,nonMD,EC,FCz,38250.39,15950.11,58772.05,17113.8,1093.651
18,nonMD,EC,FC4,10374.57,4623.472,35297.08,12755.07,405.0731
18,nonMD,EC,FT8,6982.073,2316.191,13751.7,5613.101,230.6826
18,nonMD,EC,C5,15039.3,7167.893,15458.82,7881.099,674.2567
18,nonMD,EC,C1,20359.49,8357.396,26568.34,9754.102,711.1396
18,nonMD,EC,C2,20097.22,8176.963,25259.62,11433.25,700.8932
18,nonMD,EC,C6,11019.89,4903.693,16521.23,9221.062,508.7835
18,nonMD,EC,TP7,11994.8,5951.827,22795.89,8826.768,559.718
18,nonMD,EC,CP3,31952.88,13155.81,37978.59,17578.76,1141.489
18,nonMD,EC,CPz,43387.76,15894.97,44634.42,29892.13,1024.472
18,nonMD,EC,CP4,21916.71,10101.56,26345.13,13812.84,845.0724
18,nonMD,EC,TP8,14137.12,5710.461,12769.89,6094.885,525.8144
18,nonMD,EC,P5,43966.43,18604,201908.8,55289.07,1975.241
18,nonMD,EC,P1,64718.66,26228.12,209360.1,97141.87,1886.884
18,nonMD,EC,P2,61035.18,23384.44,191222.9,75711.38,1884.027
18,nonMD,EC,P6,31625.75,13030.38,97276.79,23974.57,1202.019
18,nonMD,EC,PO7,30404.01,13984.66,146978.1,38848.11,1264.822
18,nonMD,EC,POz,77488.62,24131.72,218735.5,86803.56,1932.866
18,nonMD,EC,PO8,32866.31,12790.68,92611.29,20880.67,1075.7
18,nonMD,EC,Oz,24195.69,10475.75,75704.1,22584.97,743.9726
18,nonMD,EC,P9,17732.74,5770.107,31946.37,13460.26,573.2398
18,nonMD,EC,P10,17332.35,5591.391,8591.301,3439.7,494.2274
18,nonMD,EC,TP9,1174.538,390.2516,1834.402,1206.25,38.05563
18,nonMD,EO,AFz,44272.31,21018.4,19758,12659.17,1150.223
18,nonMD,EO,Fp1,43984.12,14104.75,13789.48,8226.516,821.5029
18,nonMD,EO,Fp2,44033.09,17147.06,13703.69,6990.847,974.0912
18,nonMD,EO,AF3,30983.49,14413.1,14906.8,10106.52,825.5699
18,nonMD,EO,AF4,32139.42,16197.69,13194.92,7707.943,975.0134
18,nonMD,EO,F7,42613.9,12201.32,10250.26,5622.597,721.2987
18,nonMD,EO,F3,33659.7,16843.3,13209.34,8385.658,873.1461
18,nonMD,EO,Fz,59536.08,29563.91,20262.98,11888.14,1477.546
18,nonMD,EO,F4,23695.15,11197.56,8856.858,4954.381,620.2708
18,nonMD,EO,F8,56867,17904.98,10499.96,3498.448,799.7296
18,nonMD,EO,FC5,10954.43,4847.907,5233.497,3707.597,376.0217
18,nonMD,EO,FC1,49652.16,21432.09,10668.29,4902.095,999.8356
18,nonMD,EO,FC2,33971.79,14453.01,6940.236,3088.165,726.5156
18,nonMD,EO,FC6,18493.22,8676.462,7943.573,5276.659,596.529
18,nonMD,EO,T7,16090.91,5955.414,5563.291,3564.949,468.4218
18,nonMD,EO,C3,30194.83,13852.26,11391.63,6726.316,953.3591
18,nonMD,EO,Cz,45164.3,13815.48,6509.165,1738.272,617.7059
18,nonMD,EO,C4,20053.41,7385.175,8130.507,6130.011,616.5911
18,nonMD,EO,T8,52831.07,23636.53,17767.25,10678.96,1310.089
18,nonMD,EO,CP5,13305.69,7529.874,7867.403,5243.633,604.6361
18,nonMD,EO,CP1,48143.85,17113.27,12392.16,5602.369,873.6569
18,nonMD,EO,CP2,47767.27,13694.58,10872.05,5314.32,719.8268
18,nonMD,EO,CP6,15188.84,7898.906,8201.853,6055.761,513.0954
18,nonMD,EO,P7,14542.59,6689.535,4780.558,2860.211,439.2511
18,nonMD,EO,P3,28571.53,12083.4,9849.073,5230.144,696.8026
18,nonMD,EO,Pz,70403.7,23854.45,16333.13,6652.13,1237.102
18,nonMD,EO,P4,31617.66,11483.62,10450.28,6057.062,655.5942
18,nonMD,EO,P8,20730.02,9350.631,5675.302,3148.051,480.2171
18,nonMD,EO,PO3,25873.44,11051.78,7366.124,3612.531,629.4606
18,nonMD,EO,PO4,31171.7,12714.46,8679.482,4632.309,770.1076
18,nonMD,EO,O1,22109.95,9726.057,4992.984,2381.159,530.1272
18,nonMD,EO,O2,21122.1,8984.434,4321.767,1890.471,483.3284
18,nonMD,EO,AF7,46890.99,13672.84,11442.75,6100.499,762.7342
18,nonMD,EO,AF8,51726.22,18638.55,13177.19,6070.093,990.5264
18,nonMD,EO,F5,20819.9,7539.27,8352.996,5630.836,480.0891
18,nonMD,EO,F1,58500.73,28672.73,18602.51,10687.84,1394.168
18,nonMD,EO,F2,45425.02,22841.66,16108.25,9275.615,1186.468
18,nonMD,EO,F6,29364.99,10040.26,7220.427,3092.654,491.0084
18,nonMD,EO,FT7,20362.97,6305.887,5800.673,3449.917,436.3902
18,nonMD,EO,FC3,23568.8,11096.62,7081.549,4029.223,613.5899
18,nonMD,EO,FCz,56216.35,25317.99,13551.17,6679.591,1205.638
18,nonMD,EO,FC4,12350.19,5829.733,5375.545,3781.12,461.6737
18,nonMD,EO,FT8,19259.01,7943.689,5797.8,3191.462,433.5994
18,nonMD,EO,C5,10626.21,5747.412,6195.276,4268.308,510.1637
18,nonMD,EO,C1,45904.99,16883.05,10103.47,4408.851,908.4801
18,nonMD,EO,C2,34812.71,10484.47,7464.941,4262.218,679.4152
18,nonMD,EO,C6,16367.47,7722.419,7137.093,4891.631,488.0489
18,nonMD,EO,TP7,13894.42,6190.751,5267.554,3362.967,461.8494
18,nonMD,EO,CP3,25198.76,12277.06,11597.48,7106.851,868.4877
18,nonMD,EO,CPz,65681.99,17836.57,11488.86,4405.275,924.2969
18,nonMD,EO,CP4,19408.91,7283.726,8844.719,6434.566,522.1736
18,nonMD,EO,TP8,37820.3,16848.71,10961.34,6188.183,840.0956
18,nonMD,EO,P5,16457.12,8138.994,7192.023,4284.81,526.2278
18,nonMD,EO,P1,54240.59,19699.35,14054.07,6154.612,995.686
18,nonMD,EO,P2,47682.87,16252.78,12577.29,6008.321,863.4896
18,nonMD,EO,P6,16839.09,8091.802,7344.91,4899.944,478.5852
18,nonMD,EO,PO7,16252.47,7377.468,4542.896,2458.983,447.838
18,nonMD,EO,POz,42090.28,15914.82,10428.24,4578.989,884.8285
18,nonMD,EO,PO8,23555.77,10357.55,6244.005,3382.232,578.4428
18,nonMD,EO,Oz,22987.23,9791.263,4775.876,2129.856,529.9529
18,nonMD,EO,P9,30914.36,12041.21,8401.258,4334.236,639.0546
18,nonMD,EO,P10,69677.15,23152.12,9540.135,2458.053,1036.969
18,nonMD,EO,TP9,1225.876,391.6306,319.1833,171.2679,30.71744
19,MD,EC,AFz,51222.68,17542.98,121457.5,4684.075,1771.09
19,MD,EC,Fp1,103593.9,28609.25,110702.8,7724.692,4578.084
19,MD,EC,Fp2,89973.59,24929.97,116836.6,6725.254,3479.076
19,MD,EC,AF3,74916.17,24241.34,96273.51,6284.572,3162.948
19,MD,EC,AF4,74177.1,25015.23,110741.9,6847.469,3014.706
19,MD,EC,F7,110093.1,32771.64,86417.37,8711.262,4386.597
19,MD,EC,F3,48340.96,18149.33,90293.77,5584.059,2900.025
19,MD,EC,Fz,35810.76,13569.24,99226.5,3845,1384.876
19,MD,EC,F4,56041,19274.66,102750,5532.33,1856.028
19,MD,EC,F8,98579.3,30244.21,104381.3,8262.889,3697.095
19,MD,EC,FC5,45263.1,16719.14,55031.03,5499.378,2501.157
19,MD,EC,FC1,28021.05,9774.683,60550.67,3192.549,1347.181
19,MD,EC,FC2,24650.8,10259.12,59592.91,3434.468,1001.867
19,MD,EC,FC6,37679.76,13438.23,64058.21,3807.021,1232.495
19,MD,EC,T7,44732.11,17112.57,50965.55,6105.574,2428.74
19,MD,EC,C3,34773.41,15300.6,55605.04,5431.817,1738.843
19,MD,EC,Cz,45115.2,15045.62,59889.02,4524.828,1859.785
19,MD,EC,C4,26342.29,11997.87,47998.28,5004.439,1393.25
19,MD,EC,T8,61067.84,18363.93,54491.85,5111.672,2192.641
19,MD,EC,CP5,34806.48,15188.69,81828.05,4810.069,1185.056
19,MD,EC,CP1,53562.36,18848.27,92072.52,5535.803,1578.012
19,MD,EC,CP2,46877.74,15807.13,94183.33,5557.182,1551.314
19,MD,EC,CP6,17302.82,8232.674,31436.41,2826.309,864.6559
19,MD,EC,P7,60282.2,23987.98,213572,8069.948,2573.789
19,MD,EC,P3,76935.38,27498.66,283093.8,7811.103,1675.875
19,MD,EC,Pz,88758.62,27983.88,261609.3,8373.504,1960.808
19,MD,EC,P4,51838.57,19314.63,186110.9,6697.523,1566.358
19,MD,EC,P8,41650.45,15782.99,74818.52,4884.527,1721.794
19,MD,EC,PO3,106043.2,34139.05,397085.7,10285.38,2679.988
19,MD,EC,PO4,91820.5,32592.86,342282.2,10945.71,2699.92
19,MD,EC,O1,53280.24,18075.02,141166.1,5590.743,1968.595
19,MD,EC,O2,43085.85,15068.76,114192.7,4753.157,1569.014
19,MD,EC,AF7,147719.5,41199.77,103766.3,11087.64,6626.485
19,MD,EC,AF8,75504.92,21601.68,116395.8,5637.676,2938.76
19,MD,EC,F5,76561.21,27252.74,88261.02,8343.395,4524.758
19,MD,EC,F1,41080.59,16002.6,98084.07,4625.286,2031.254
19,MD,EC,F2,39604.16,14517.16,93730.01,4063.51,1306.902
19,MD,EC,F6,81036.77,25685.38,105757.2,7102.899,2790.021
19,MD,EC,FT7,68181.92,21665.37,54166.21,6373.614,3492.986
19,MD,EC,FC3,40376.48,15433.55,59184.58,5726.331,3168.865
19,MD,EC,FCz,30371.72,10032.98,66801.55,3037.534,1082.735
19,MD,EC,FC4,30500.98,12030.33,63380.01,4060.172,1134.691
19,MD,EC,FT8,42092.15,13300.59,38852.23,3710.232,1596.9
19,MD,EC,C5,37913,16906.4,46443,5771.005,2114.621
19,MD,EC,C1,39650.74,13523.37,53515.3,4170.608,1519.819
19,MD,EC,C2,32336.92,11552.89,51853.55,4457.568,1356.6
19,MD,EC,C6,22296,9087.391,40603.16,2777.998,810.0191
19,MD,EC,TP7,36911.43,15335.17,75115.49,4672.347,1298.227
19,MD,EC,CP3,42878.67,17944.63,96642.86,5352.713,1293.203
19,MD,EC,CPz,55329.61,17836.44,119413.2,5591.917,1478.667
19,MD,EC,CP4,27910.66,11565.42,51202.99,4232.657,1227.242
19,MD,EC,TP8,28345.55,11232.19,39520.98,3465.237,1183.206
19,MD,EC,P5,74213.64,28967.53,308901.2,8797.725,2014.553
19,MD,EC,P1,77497.57,24342.33,220115.6,6919.486,1584.808
19,MD,EC,P2,77455.2,27430.54,284640.9,8911.49,1889.846
19,MD,EC,P6,36827.84,15385.41,115530.6,5353,1476.377
19,MD,EC,PO7,65998.46,23959.26,254624.1,7795.068,2265.875
19,MD,EC,POz,92901.98,25687.91,251398.1,7482.772,1866.466
19,MD,EC,PO8,52808.84,19522.79,146490.2,6450.444,2122.714
19,MD,EC,Oz,44986.41,15465.09,92592.63,4587.916,1711.326
19,MD,EC,P9,52607.29,16828.12,64690.99,4571.229,1842.739
19,MD,EC,P10,48953.8,15689.27,47606.2,4280.744,1770.704
19,MD,EC,TP9,3460.61,922.6509,5508.769,292.7983,138.6843
19,MD,EO,AFz,39976.09,16363.42,26887.09,3750.135,1352.231
19,MD,EO,Fp1,40303.16,17658.95,34771.16,4656.272,1487.791
19,MD,EO,Fp2,26306.9,9989.39,22739.51,2170.2,733.1104
19,MD,EO,AF3,45609.72,19528.65,34243.06,5158.541,1812.408
19,MD,EO,AF4,27276.76,9500.758,22591.4,1973.57,617.3287
19,MD,EO,F7,54584.87,23246.82,37156.82,6392.875,2352.146
19,MD,EO,F3,52166.79,22266.18,36838.64,6230.729,2153.508
19,MD,EO,Fz,42621.48,18131.96,27505.57,4192.807,1509.891
19,MD,EO,F4,19138.69,6577.384,19667.31,1699.997,587.4158
19,MD,EO,F8,30481.03,10705.94,26102.02,2540.088,988.101
19,MD,EO,FC5,74045.49,32695.16,47291.09,8725.11,3210.071
19,MD,EO,FC1,43978.14,19926.68,30121.47,5652.977,1915.803
19,MD,EO,FC2,17239.12,6811.811,10902.51,1786.063,825.8494
19,MD,EO,FC6,18900.45,6284.819,15076.11,1968.046,840.1418
19,MD,EO,T7,75273.12,33351.33,47104.49,8323.402,3028.647
19,MD,EO,C3,74325.59,35483.36,50427.79,9377.142,2863.723
19,MD,EO,Cz,31552.18,13986.79,16141.92,3600.656,1317.586
19,MD,EO,C4,27651.85,10299.58,10879.05,3290.438,1448.01
19,MD,EO,T8,21408.83,6908.913,14023.45,2224.314,1018.508
19,MD,EO,CP5,77506.84,35075.91,46028.19,8425.161,2791.676
19,MD,EO,CP1,65481.78,28812.44,36256.13,6847.491,2168.415
19,MD,EO,CP2,39392.45,14100.85,15816.82,3009.726,1177.131
19,MD,EO,CP6,39492.54,13697.67,11573.99,4011.613,1867.502
19,MD,EO,P7,80340.43,33707.52,39041.8,7562.474,2783.21
19,MD,EO,P3,93985.23,38695.99,51341.26,8902.171,3013.382
19,MD,EO,Pz,91001.48,31467.52,62451.89,6654.825,2064.586
19,MD,EO,P4,58698.67,19093.53,30798.78,4099.334,1482.102
19,MD,EO,P8,37562.48,13160.17,8210.465,2829.701,1462.974
19,MD,EO,PO3,90163.12,34359.02,41115.19,7406.98,2719.592
19,MD,EO,PO4,88167.3,27882.23,47149.78,5598.945,1996.535
19,MD,EO,O1,79715,30799.94,31296.28,6494.27,2526.002
19,MD,EO,O2,58455.41,20686.02,18129.11,4104.976,1751.677
19,MD,EO,AF7,54380.14,22290.59,35555.56,6037.832,2480.871
19,MD,EO,AF8,35310.86,16093.57,29160.13,3793.814,1344.532
19,MD,EO,F5,64720.76,27149.98,41776.4,7515.874,2851.55
19,MD,EO,F1,44814.84,19330.42,32130.64,5018.682,1782.4
19,MD,EO,F2,32787.01,12676.54,21513.19,2693.251,1046.152
19,MD,EO,F6,24668.36,8312.938,21703.49,2047.252,786.8
19,MD,EO,FT7,65427.59,29211.34,44583.22,7643.199,2744.872
19,MD,EO,FC3,62315.17,28946.33,44226.77,8012.794,2580.555
19,MD,EO,FCz,35737.12,16000.25,21387.53,3923.931,1585.92
19,MD,EO,FC4,21192.46,7326.192,12442.24,2307.549,1073.437
19,MD,EO,FT8,17746.3,5837.389,12431.8,1714.188,782.7423
19,MD,EO,C5,79615.75,35762.62,48412.7,9220.285,3219.244
19,MD,EO,C1,64047.28,29351.7,38519.86,8055.345,2683.455
19,MD,EO,C2,18466.52,7188.112,6478.572,2090.328,915.8295
19,MD,EO,C6,28620.03,9497.076,14161.1,3023.128,1388.396
19,MD,EO,TP7,74795.85,32389.87,38917.79,7305.434,2629.284
19,MD,EO,CP3,87487.8,39671.95,51299.49,9611.855,3067.021
19,MD,EO,CPz,53235.86,20780.1,26739.35,4347.447,1463.42
19,MD,EO,CP4,35450.09,13171.49,11497.4,3495.812,1421.295
19,MD,EO,TP8,21771.87,7370.739,6933.634,2068.039,1025.127
19,MD,EO,P5,90643.54,37947.31,44278.11,8491.902,3017.639
19,MD,EO,P1,92424.87,35479.59,50686.5,7616.227,2507.855
19,MD,EO,P2,73334.52,23567.79,58530.15,5373.593,1660.101
19,MD,EO,P6,44430.5,14524.42,13668.7,3267.508,1427.788
19,MD,EO,PO7,74685.78,29981.23,32665.23,6520.043,2452.996
19,MD,EO,POz,99717.34,33991.92,52136.02,6795.218,2359.636
19,MD,EO,PO8,41045.93,13740.41,11195.55,2621.827,1157.507
19,MD,EO,Oz,69788.12,25440.62,20790.73,5077.846,2193.238
19,MD,EO,P9,17913.35,5779.594,14792.88,1751.777,743.6414
19,MD,EO,P10,35968.21,13558.69,11714.5,3034.785,1491.067
19,MD,EO,TP9,25171.69,10418.1,14780.13,2711.265,1074.653
2,nonMD,EC,AFz,84193.23,32841.89,73190.22,13210.45,2512.866
2,nonMD,EC,Fp1,114089,37363.05,80166.17,14100.21,4749.808
2,nonMD,EC,Fp2,89899.28,28601.94,60424.15,9764.443,3605.601
2,nonMD,EC,AF3,82327.32,32256.53,75668.31,14580.2,5294.935
2,nonMD,EC,AF4,77729.98,29732.52,72208.46,12430.44,2245.412
2,nonMD,EC,F7,107382.2,43399.17,80221.15,23286.65,13362.95
2,nonMD,EC,F3,52562.4,23689.58,56269.84,11922.48,3423.156
2,nonMD,EC,Fz,65613.13,26931.99,68572.12,12305.48,1923.609
2,nonMD,EC,F4,60640.67,24398.66,68465,11964.65,1744.386
2,nonMD,EC,F8,78023.2,32010.79,68217.78,10205.77,3075.727
2,nonMD,EC,FC5,36521.38,17606.78,30000.43,9000.012,3120.857
2,nonMD,EC,FC1,37736.16,17200.87,39003.04,8367.564,1749.48
2,nonMD,EC,FC2,45313.62,18983.53,49813.59,9368.648,1477.151
2,nonMD,EC,FC6,61429.62,28412.28,71216.8,12187.56,2304.785
2,nonMD,EC,T7,80531.23,33671.42,64482.11,13125.01,3036.868
2,nonMD,EC,C3,31322.75,16885.67,39515.68,7357.558,1485.988
2,nonMD,EC,Cz,42099.91,22601.25,61824.36,8213.542,2026.146
2,nonMD,EC,C4,44932.43,23965.99,46597.79,11115.08,2165.597
2,nonMD,EC,T8,75242.12,37116.47,56350.07,12055.03,4415.179
2,nonMD,EC,CP5,57726.48,25087.87,85569.1,11056.84,1875.651
2,nonMD,EC,CP1,48471.3,25103.56,77362.49,7938.151,1828.477
2,nonMD,EC,CP2,47348.64,28706.14,66994.27,9171.998,1569.233
2,nonMD,EC,CP6,47714.64,26322.2,41583.31,9555.787,2331.861
2,nonMD,EC,P7,108338.2,46289.43,226900.5,21264.77,5093.685
2,nonMD,EC,P3,63070.46,26625.68,124386.5,9579.477,1862.76
2,nonMD,EC,Pz,63509.97,26356.87,120323.9,9399.03,1883.391
2,nonMD,EC,P4,64344.96,31667.72,98045.11,12609.17,2122.729
2,nonMD,EC,P8,92537.92,46837.73,82207.88,14789.59,3971.732
2,nonMD,EC,PO3,75971.92,30274.56,175457.6,12705.69,2678.65
2,nonMD,EC,PO4,67879.08,33632.75,107822.7,13432.04,2307.865
2,nonMD,EC,O1,74985.84,32232.19,119662.3,13620.78,4342.917
2,nonMD,EC,O2,92200.09,44415.94,116618,17084.61,4001.862
2,nonMD,EC,AF7,111762.9,39498.25,84944.05,16633.19,7602.562
2,nonMD,EC,AF8,80900.3,27435.09,63077.2,9507.845,2994.721
2,nonMD,EC,F5,85016.27,34948.43,75951.49,22153,13162.58
2,nonMD,EC,F1,52277.03,23327.8,56396.8,11920.85,3392.801
2,nonMD,EC,F2,62461.47,25318.77,68396.96,12202.63,1720.618
2,nonMD,EC,F6,63504.38,26378.68,68406.9,10845.82,2030.722
2,nonMD,EC,FT7,81264.8,34031.2,62076.89,13900.98,4688.52
2,nonMD,EC,FC3,35162.41,16480.86,36927.18,8319.557,1739.687
2,nonMD,EC,FCz,36543.3,16744.4,39941.43,8074.812,1521.943
2,nonMD,EC,FC4,58618.73,24159.75,64495.39,13447.46,1904.948
2,nonMD,EC,FT8,92241.65,29527.55,64639.26,10678.79,3510.253
2,nonMD,EC,C5,42078.59,19070.29,34450.21,8216.497,2041.738
2,nonMD,EC,C1,37589.62,19239.17,50194.63,7190.111,1519.359
2,nonMD,EC,C2,42409.07,23235.09,52216.27,8719.231,1457.148
2,nonMD,EC,C6,51815.45,26605.88,45028.51,12094.52,4718.272
2,nonMD,EC,TP7,90797.38,39242.11,130812.1,16153.18,3661.411
2,nonMD,EC,CP3,49708.61,24709.26,82063.69,9293.115,1580.705
2,nonMD,EC,CPz,48311.87,28362.88,77998.46,8226.553,1962.564
2,nonMD,EC,CP4,46671.75,27083.28,54764.29,11116.37,2126.128
2,nonMD,EC,TP8,71786.41,37575.63,59676.48,11427.83,3294.167
2,nonMD,EC,P5,82506.52,35138.16,195721,16355.61,2467.878
2,nonMD,EC,P1,62857.19,26940.54,122838.6,9416.272,1816.937
2,nonMD,EC,P2,61045.03,31333.97,98283.81,12443.17,2168.258
2,nonMD,EC,P6,54796.62,29821.76,59559.36,11112.31,2425.396
2,nonMD,EC,PO7,89451.79,38809.59,181624.2,18747.04,6256.713
2,nonMD,EC,POz,74178.9,31093.98,142848.4,12532.58,2568.21
2,nonMD,EC,PO8,97755.09,50432.04,107419.3,17963.2,4222.361
2,nonMD,EC,Oz,84355.49,37664.63,106727.8,15178.61,4720.196
2,nonMD,EC,P9,140573.5,61575.48,172476.4,25570.63,9008.599
2,nonMD,EC,P10,109635.6,55397.5,114235.1,19059.73,5222.468
2,nonMD,EC,TP9,79902.23,36466.07,69912.69,10889.64,2922.882
2,nonMD,EO,AFz,75506.68,32578.06,112153.4,14755.35,4012.649
2,nonMD,EO,Fp1,65596.23,31219.78,123355.9,11641.89,6100.773
2,nonMD,EO,Fp2,93718.56,37161.68,108393.3,12281.02,6062.628
2,nonMD,EO,AF3,58725.99,27810.98,105152.3,12238.12,2998.281
2,nonMD,EO,AF4,70520.28,31343.08,103945.8,13808.52,4011.694
2,nonMD,EO,F7,71644.34,35384.83,74808.41,15573.4,7045.652
2,nonMD,EO,F3,53769.29,25563.33,69489.41,11907,2867.613
2,nonMD,EO,Fz,58353.55,27580.56,82751.8,12826.57,3210.428
2,nonMD,EO,F4,61600.4,28444.12,79698.36,13837.35,3714.98
2,nonMD,EO,F8,128994.7,47419.45,92170.99,18956.42,8700.829
2,nonMD,EO,FC5,41908.37,23570.44,32738.31,12752.37,4343.042
2,nonMD,EO,FC1,43267.27,20833.13,24718.42,8287.477,2382.03
2,nonMD,EO,FC2,46881.93,23893.21,34578.91,9696.419,2675.073
2,nonMD,EO,FC6,74927.74,32849.18,54679.95,14413.88,5251.325
2,nonMD,EO,T7,60224.77,34201.4,47168.33,17093.1,9385.841
2,nonMD,EO,C3,40348.59,25991.91,43359.56,9652.795,2147.925
2,nonMD,EO,Cz,51905.9,26835.67,56101.32,7977.545,2639.087
2,nonMD,EO,C4,42998.17,25477.38,29020.88,11406.71,3932.964
2,nonMD,EO,T8,100413.7,42981.36,47525.22,19145.96,9001.273
2,nonMD,EO,CP5,48266.77,27263.08,57943.23,9653.546,2481.361
2,nonMD,EO,CP1,58502.55,32984.75,122459,8695.268,2203.466
2,nonMD,EO,CP2,44447.98,28102.65,83418.59,8730.891,3063.837
2,nonMD,EO,CP6,36969.48,21340.2,31360.4,10460.73,3641.34
2,nonMD,EO,P7,88621.09,40576.64,56499.31,15474.6,6955.527
2,nonMD,EO,P3,68974.41,31466.98,133271.9,9240.691,2110.804
2,nonMD,EO,Pz,70535.24,31739.08,136878.1,9258.041,2256.032
2,nonMD,EO,P4,53964.75,28413.59,100483.8,10169.04,2778.913
2,nonMD,EO,P8,57424.08,32344.57,47794.7,12192.76,3821.289
2,nonMD,EO,PO3,74172.3,31349.12,98309.38,10581.13,2665.12
2,nonMD,EO,PO4,62524.55,31536.94,102655.4,11218.81,3225.309
2,nonMD,EO,O1,80030.45,34366.93,47874.44,14468.78,7270.647
2,nonMD,EO,O2,87371.97,43995.26,60390.85,14547.37,5292.112
2,nonMD,EO,AF7,64141.41,31451.42,115708.7,10482.09,4000.091
2,nonMD,EO,AF8,101119.7,39112.96,104043.5,14321.81,7434.199
2,nonMD,EO,F5,56877.87,27785.58,82709.84,13452.14,3917.694
2,nonMD,EO,F1,54473.38,25883.72,71528.91,12171.67,2918.706
2,nonMD,EO,F2,58081.54,27699.04,78865.74,12777.93,3219.871
2,nonMD,EO,F6,77158.3,31277.48,75596.23,14530.62,4991.276
2,nonMD,EO,FT7,60278.98,32687.15,53654.54,14202.68,6938.83
2,nonMD,EO,FC3,45419.29,21634.56,25721.21,8813.021,2425.922
2,nonMD,EO,FCz,46107.47,21943.46,26748.03,8455.602,2343.348
2,nonMD,EO,FC4,53947.66,27591.38,50066.29,12998.85,3175
2,nonMD,EO,FT8,70198.65,33764.18,115046.7,10185.45,4468.66
2,nonMD,EO,C5,36416.82,21429.88,27159.08,10746.08,3550.597
2,nonMD,EO,C1,47743.63,24848.12,43561.22,7481.932,2361.232
2,nonMD,EO,C2,42205.12,23713.02,30515.71,8005.328,2607.25
2,nonMD,EO,C6,49754.68,25889.1,27410.07,11958.93,4985.237
2,nonMD,EO,TP7,73314.35,38708.57,57489.68,15286.7,6441.7
2,nonMD,EO,CP3,54292.13,32707.7,96795.21,9363.798,2168.101
2,nonMD,EO,CPz,52488.16,29623.83,103884,8096.809,2800.452
2,nonMD,EO,CP4,34503.7,24008.1,50825.93,9569.637,3273.165
2,nonMD,EO,TP8,78716.7,38437.9,41319.71,14589.38,5531.89
2,nonMD,EO,P5,77418.56,37679.01,81271.9,12886.64,3766.386
2,nonMD,EO,P1,70248.64,32006.3,136719.4,9382.623,2341.135
2,nonMD,EO,P2,55906.54,29238.75,103365.4,10534.51,2968.145
2,nonMD,EO,P6,39094.64,23915.14,58583.83,10420.46,3477.843
2,nonMD,EO,PO7,93534.56,40202.28,50235.05,19394.55,11783.18
2,nonMD,EO,POz,81465.14,32698.43,102373,11532.87,2877.209
2,nonMD,EO,PO8,85955,46926.63,74675.37,15211.21,5101.624
2,nonMD,EO,Oz,86542.45,39834.05,47563.31,15253.72,7382.617
2,nonMD,EO,P9,119807.7,56596.52,63169.98,21581.88,11269.28
2,nonMD,EO,P10,92771.66,51702.2,55710.49,14780.4,5561.635
2,nonMD,EO,TP9,114739.1,45049.54,73112.84,18666.29,7651.326
20,nonMD,EC,AFz,274591.8,131945.3,1195440,45265.48,6190.948
20,nonMD,EC,Fp1,214737.7,99223.05,900107.8,35002.84,5111.578
20,nonMD,EC,Fp2,247550.2,115181.2,956846.4,38379.23,6614.593
20,nonMD,EC,AF3,234941,113957.6,1065000,40863.67,5154.904
20,nonMD,EC,AF4,261166.1,126487.4,1087512,42901.38,6084.731
20,nonMD,EC,F7,163121.5,77132.13,694067.9,29230.83,4215.271
20,nonMD,EC,F3,254071.9,126257.8,1086778,46542.23,6534.886
20,nonMD,EC,Fz,288890.4,143547.4,1235769,49813.94,6278.604
20,nonMD,EC,F4,286458.4,137454.8,1142283,49263.1,7035.796
20,nonMD,EC,F8,191736.2,94723.81,704947.4,29673.63,5632.974
20,nonMD,EC,FC5,126448.1,62988.66,560774.8,24334.43,3397.988
20,nonMD,EC,FC1,275873.6,126588.8,973644.2,40530.65,5627.279
20,nonMD,EC,FC2,230387.6,116739.5,964233.2,37624.67,4971.422
20,nonMD,EC,FC6,141267.7,76937.91,616758.8,23821.95,3718.641
20,nonMD,EC,T7,133083.6,77274.16,297552.9,34209.39,6673.511
20,nonMD,EC,C3,105250.7,63609.92,446047.8,41716.28,4802.982
20,nonMD,EC,Cz,211095.3,91272.67,641776,28544.95,3991.726
20,nonMD,EC,C4,109567.8,63980.29,504742.9,31871.75,3547.322
20,nonMD,EC,T8,153982.1,84857.33,356628.5,35974.09,8021.056
20,nonMD,EC,CP5,202003.5,132007.6,957149,58740.62,5294.616
20,nonMD,EC,CP1,113984.8,80259.45,579147.5,41439.46,3958.758
20,nonMD,EC,CP2,109217.9,71286.46,427448.6,37895.02,3583.609
20,nonMD,EC,CP6,188145.6,99350.51,491679.2,47319.59,4056.056
20,nonMD,EC,P7,747777.8,450808.8,2990280,131423.2,11351.79
20,nonMD,EC,P3,379585.2,271350.3,2888822,112311.4,9081.208
20,nonMD,EC,Pz,223863.3,181646.4,1700291,75652.31,6534.179
20,nonMD,EC,P4,770414.6,394255.2,2484022,110518.8,10297.88
20,nonMD,EC,P8,1234140,577611.3,2938024,136538.7,12354.61
20,nonMD,EC,PO3,754344.4,523016.5,5384412,188789.3,16485.86
20,nonMD,EC,PO4,798984.3,409681.9,2600038,113695.5,10758.23
20,nonMD,EC,O1,370846.9,222663,1918478,70987.59,9026.346
20,nonMD,EC,O2,424236.6,221207.3,1707433,67166.38,9655.896
20,nonMD,EC,AF7,198886.5,88781.66,821838.2,33683.1,4905.421
20,nonMD,EC,AF8,226871,110334.3,868167.2,35366.11,6340.817
20,nonMD,EC,F5,198985.7,96135.7,889683.4,35867.81,4658.104
20,nonMD,EC,F1,275415.2,137150.1,1182060,48642.55,6305.37
20,nonMD,EC,F2,288677.2,141610.4,1219778,49776.59,6307.107
20,nonMD,EC,F6,225296,111892,922510.7,36658.71,5623.977
20,nonMD,EC,FT7,135655.3,65446.96,477544.1,26351.92,4735.072
20,nonMD,EC,FC3,188242.3,92488.8,751639.2,35531.33,5222.939
20,nonMD,EC,FCz,274112.2,138014.8,1124391,44246.91,5890.26
20,nonMD,EC,FC4,177108.4,91795.24,772743.4,31949.23,4601.561
20,nonMD,EC,FT8,170814.8,88831.17,505654.2,31139.94,7090.633
20,nonMD,EC,C5,91686.88,53195.66,306556.9,33076.98,5275.561
20,nonMD,EC,C1,139833.2,76674.42,537996.6,30756.57,3943.882
20,nonMD,EC,C2,129140.2,70552.88,535232.1,25456.49,3216.195
20,nonMD,EC,C6,83504.69,54337.38,355134.5,29073.52,2710.767
20,nonMD,EC,TP7,280474.4,176381.6,834101.2,65699.11,10683.82
20,nonMD,EC,CP3,106536.6,72944.28,512811.9,46687.51,4358.912
20,nonMD,EC,CPz,124659.6,85594.76,497657.6,38915.77,3801.212
20,nonMD,EC,CP4,127651.9,78162.7,440339.4,46427.62,3875.05
20,nonMD,EC,TP8,347263.9,164466.5,728969.9,58449.2,6189.864
20,nonMD,EC,P5,705052.2,443806,3865701,155929.8,12480.7
20,nonMD,EC,P1,276339,225178.1,2556336,96461.35,7962.291
20,nonMD,EC,P2,341610.1,211203.7,1556911,76681.1,6761.795
20,nonMD,EC,P6,891429.8,426655.2,2448434,120017.1,13049.76
20,nonMD,EC,PO7,687466.5,420882.1,3513197,131052.2,12959.47
20,nonMD,EC,POz,356380.3,252033.4,2771700,96567.12,10337.65
20,nonMD,EC,PO8,983695.4,467616.9,2841131,111327.4,12264.45
20,nonMD,EC,Oz,290530.1,162265.3,1488246,55536.44,7950.84
20,nonMD,EC,P9,394213.8,233117,1141659,67122.48,8213.038
20,nonMD,EC,P10,379785.4,187016.3,1024196,54628.83,7425.034
20,nonMD,EC,TP9,326459.6,163021.5,531049,66913.16,16598.5
20,nonMD,EO,AFz,152100.9,77235.73,712825.4,41048.8,4774.708
20,nonMD,EO,Fp1,143457.2,70371.95,599050.8,35327.98,4943.332
20,nonMD,EO,Fp2,156149.1,74338.72,618195.4,38004.23,6991
20,nonMD,EO,AF3,146033.9,74022.36,641347.2,37555.54,5667.613
20,nonMD,EO,AF4,142958.1,69975.58,659901.5,37509.3,4865.937
20,nonMD,EO,F7,87732.36,45192.34,375525.2,21014.69,3119.145
20,nonMD,EO,F3,148325.9,76665.09,659602.8,40836.75,5014.64
20,nonMD,EO,Fz,160041,83512.29,733337.5,44059.72,5631.77
20,nonMD,EO,F4,137233.2,68910.84,657527.9,37685.41,4502.148
20,nonMD,EO,F8,92794.16,43030.55,374075.6,20451.1,3034.322
20,nonMD,EO,FC5,67671.43,36982.56,318591.8,19010.77,2240.381
20,nonMD,EO,FC1,131292.8,70202.11,570434.3,35004.66,4609.923
20,nonMD,EO,FC2,120593.7,62709.46,554176.3,32020.76,4618.562
20,nonMD,EO,FC6,74591.62,36248.71,342413.5,17920.82,2955.184
20,nonMD,EO,T7,55714.5,32407.73,154661.5,17676.34,4193.512
20,nonMD,EO,C3,64215.1,38919.54,326142.9,37764.01,4440.173
20,nonMD,EO,Cz,95127.35,47820.45,384384,23574.59,3411.434
20,nonMD,EO,C4,63252.7,36764.08,327905.4,24032.14,3917.554
20,nonMD,EO,T8,67807.57,37966.67,210479.8,17349.13,2997.605
20,nonMD,EO,CP5,100870.5,66489.7,544199.6,38867.76,4138.771
20,nonMD,EO,CP1,92459.31,45923.61,347849.4,31549.92,3823.955
20,nonMD,EO,CP2,79034.2,41826.4,306394.3,31043.28,4000.157
20,nonMD,EO,CP6,73059.04,62519.04,416859.3,35688.85,4321.373
20,nonMD,EO,P7,304171.8,212509.8,1598387,87625.16,10517.88
20,nonMD,EO,P3,277035,158320,1488171,75189.22,7155.327
20,nonMD,EO,Pz,223021.7,106140.2,766722.9,53368.69,6403.172
20,nonMD,EO,P4,306608.8,179888.1,1401545,82304.51,8163.583
20,nonMD,EO,P8,367132.8,288343.5,1914433,107457.8,11038.24
20,nonMD,EO,PO3,508935.8,312972.6,3113782,134352.2,13325.61
20,nonMD,EO,PO4,319876,186748.6,1461266,84378.22,8336.537
20,nonMD,EO,O1,222920.7,127812.2,1234058,57001.3,8877.476
20,nonMD,EO,O2,221831.3,125412.1,1064019,54054.61,7837.262
20,nonMD,EO,AF7,119460,58764.97,498328.5,28550.94,3929.241
20,nonMD,EO,AF8,124418.8,59132.13,521101.5,29502.29,4350.75
20,nonMD,EO,F5,118455.3,59444.84,531258.4,29890.45,3636.996
20,nonMD,EO,F1,156103.3,81476.62,708587.2,43208.28,5115.636
20,nonMD,EO,F2,148909.2,76034.34,711795.6,41000.18,5127.745
20,nonMD,EO,F6,119778.5,55709.07,529902.1,29214.99,4032.887
20,nonMD,EO,FT7,59053.41,31762.6,238470.5,14448.46,2496.273
20,nonMD,EO,FC3,101867.2,55821.69,450514.4,31750.71,3843.828
20,nonMD,EO,FCz,142582.9,75643.58,648692,37257.7,4804.301
20,nonMD,EO,FC4,99895.57,49020.12,449360,26638.13,4992.368
20,nonMD,EO,FT8,71669.95,34831.92,262001.1,15822.69,2620.454
20,nonMD,EO,C5,42953.88,27848.95,205428.2,23263.09,3351.147
20,nonMD,EO,C1,76766.71,43058.97,343767.3,26533.15,3128.74
20,nonMD,EO,C2,75701.42,41031.8,346516.2,23381.71,3629.769
20,nonMD,EO,C6,49868.25,33716.08,263415.6,20577.33,3211.293
20,nonMD,EO,TP7,106293.7,76665.41,455263.4,35190.78,5004.442
20,nonMD,EO,CP3,76238.68,43445.44,363531.5,37618.62,4284.126
20,nonMD,EO,CPz,106638.4,50418.72,345631.6,33397.63,4454.135
20,nonMD,EO,CP4,69377.65,47960.61,365236,37627.16,4982.543
20,nonMD,EO,TP8,118971.7,98268.56,535777.8,39709.68,4913.569
20,nonMD,EO,P5,349223.2,226472.1,2112795,99564.57,8691.035
20,nonMD,EO,P1,270537.6,140118,1191608,66357.16,7482.552
20,nonMD,EO,P2,223314.1,109744.8,813415.1,58072.24,6834.768
20,nonMD,EO,P6,341702.2,218995,1513470,96265.51,11471.56
20,nonMD,EO,PO7,340070.8,216363.3,2090321,91157.84,10138.08
20,nonMD,EO,POz,337518.1,174248.9,1408982,76966.9,8958.213
20,nonMD,EO,PO8,334018.8,229851.7,1775063,88874.79,8983.223
20,nonMD,EO,Oz,193462.4,104196.9,955821.9,47104.29,7688.389
20,nonMD,EO,P9,173856.7,112477.9,667377.7,48642.02,10467.87
20,nonMD,EO,P10,133187.8,95071.3,618476.6,39581.93,6568.882
20,nonMD,EO,TP9,869696.3,301534.3,702966.6,155104,60315.84
21,MD,EC,AFz,341852.2,577188.6,1024003,12403.42,3780.105
21,MD,EC,Fp1,351789.5,594505.7,1018898,14650.92,5637.053
21,MD,EC,Fp2,309087.8,553721.9,1003140,13250.05,4172.991
21,MD,EC,AF3,326364.3,542265.9,960182.4,12182.32,3961.873
21,MD,EC,AF4,278142.6,484147.2,874152.2,11383.54,3778.352
21,MD,EC,F7,243669.3,376424.9,626441.7,11310.58,4791.39
21,MD,EC,F3,267877,405926.1,735935.7,10421,3127.733
21,MD,EC,Fz,398795.8,557590.4,984501.8,14779.24,4366.041
21,MD,EC,F4,230161.8,394518.7,683429.4,9915.157,2954.955
21,MD,EC,F8,187988.5,328846.1,611613.2,9800.303,3634.566
21,MD,EC,FC5,135811.1,212792.8,353171.2,7375.787,2915.303
21,MD,EC,FC1,252195.1,325300.9,588363.7,10427.93,1963.9
21,MD,EC,FC2,251047.3,319585.3,530017.4,10048.3,2123.191
21,MD,EC,FC6,113240.1,214039.9,340546.3,6911.023,2620.074
21,MD,EC,T7,133050.3,188294.1,173020.1,10629.91,4458.016
21,MD,EC,C3,101050,171953,284875.3,7419.607,1793.499
21,MD,EC,Cz,236829.6,312563.3,595380.5,12977.75,2390.281
21,MD,EC,C4,87276.73,163140.4,189051.5,6954.506,1755.673
21,MD,EC,T8,106665.1,198609,306938.6,9148.096,3808.485
21,MD,EC,CP5,179208.8,436430,478817.5,12749.5,2837.479
21,MD,EC,CP1,203029.2,423591.2,903877.4,15652.19,4900.292
21,MD,EC,CP2,169987.4,335361.3,687206.6,15632.65,5045.053
21,MD,EC,CP6,176578.7,448407.9,511338,12338.84,3608.19
21,MD,EC,P7,530432.5,964724.2,1084994,29939.99,7864.634
21,MD,EC,P3,593461.8,1147090,2102128,32605.87,6722.074
21,MD,EC,Pz,514119,785832.9,2178734,41336.27,21108.47
21,MD,EC,P4,504328.6,951374.9,2017914,32665.81,7741.063
21,MD,EC,P8,771597.6,1269162,1543110,32545.28,6677.574
21,MD,EC,PO3,692696.8,1029082,2346043,34921.73,7623.405
21,MD,EC,PO4,623952.6,905213.1,2053878,30793.13,5944.853
21,MD,EC,O1,269624.2,333780.8,630081.1,11541.68,2270.574
21,MD,EC,O2,329594,385528.7,765105.9,13712.22,2842.095
21,MD,EC,AF7,312932.9,519579.2,885592.2,12573.16,4531.75
21,MD,EC,AF8,259052.4,454092.3,822843.9,12142.63,4437.291
21,MD,EC,F5,241258.3,384551.8,667795.1,10546.68,3742.531
21,MD,EC,F1,341346.6,488371.4,870980.9,12751.49,3662.048
21,MD,EC,F2,316006.3,462714.9,801083,11768.3,3123.39
21,MD,EC,F6,226801.8,388133,677423.6,9826.967,3101.724
21,MD,EC,FT7,185702.8,248264,388612.2,10372.33,4907.785
21,MD,EC,FC3,155448.5,226570.6,402241.8,7315.018,1877.767
21,MD,EC,FCz,364326.8,463367.2,816861.9,14953.24,3297.162
21,MD,EC,FC4,153829.1,229929.8,347652.4,7691.453,2109.533
21,MD,EC,FT8,51847.65,93640.54,159048.9,3676.565,1678.199
21,MD,EC,C5,70348.44,156262,189260.1,6248.155,1968.71
21,MD,EC,C1,175936.8,254034.9,488915.8,10893.4,1933.758
21,MD,EC,C2,149831,191529.5,292707.9,9188.076,1785.451
21,MD,EC,C6,77336.34,188945.8,205016.9,7369.614,3180.045
21,MD,EC,TP7,181989.7,336130.2,294671,13645.59,4188.717
21,MD,EC,CP3,165294.3,393293.2,657047.8,12318.68,2802.47
21,MD,EC,CPz,230951.8,435373.6,1012647,18643.35,7132.465
21,MD,EC,CP4,124980,303719.9,481773.8,11766.83,2905.639
21,MD,EC,TP8,324002.4,663676.9,645267.8,19966.71,7228.809
21,MD,EC,P5,732951.2,1458569,2179418,37974.28,6914.183
21,MD,EC,P1,675682.9,1122395,2629985,43529.07,15285.57
21,MD,EC,P2,511664.1,798864.6,2074405,38977.14,15755.62
21,MD,EC,P6,610733.7,1165334,2074669,32741.91,6213.151
21,MD,EC,PO7,540255.6,908312.4,1258157,28284.78,7078.298
21,MD,EC,POz,411066.4,482054.3,1359880,22997.14,9745.529
21,MD,EC,PO8,622246.2,914594.4,1821312,28222.63,5233.628
21,MD,EC,Oz,246302.2,257502.4,533207.5,10419.44,2449.067
21,MD,EC,P9,102626.4,187974.5,319571.3,8619.446,3469.49
21,MD,EC,P10,330433.1,408720.6,539104.6,15535.62,3259.442
21,MD,EC,TP9,11606.8,14143.96,13277.28,846.4664,314.918
21,MD,EO,AFz,62019.94,60604.06,209888.8,5910.372,2227.054
21,MD,EO,Fp1,61602.95,51102.79,198307.8,5111.534,1866.328
21,MD,EO,Fp2,58771.7,47439.56,185749.4,4776.804,1656.325
21,MD,EO,AF3,61056.2,56959.09,202242.8,5523.558,2068.777
21,MD,EO,AF4,59423.63,57828.8,196569.2,5865.259,2298.709
21,MD,EO,F7,53893.78,41086.07,145052.5,4549.997,1860.663
21,MD,EO,F3,48300.22,47112.33,166503,4726.592,1720.703
21,MD,EO,Fz,68462.62,66338.46,205208.7,6781.3,2707.753
21,MD,EO,F4,50015.42,47111.35,148421.5,5331.121,2268.238
21,MD,EO,F8,36092.85,29570.52,119297.6,3113.65,985.2774
21,MD,EO,FC5,39199.01,32644.21,103555.1,3784.194,1486.547
21,MD,EO,FC1,44698.5,39324.5,135653.6,4270.236,1397.43
21,MD,EO,FC2,48926.69,43074.06,124672.9,4786.683,1754.484
21,MD,EO,FC6,26924.47,25499.43,80771.73,3042.752,1181.137
21,MD,EO,T7,51344.73,31024.41,65686.18,5152.398,2986.043
21,MD,EO,C3,31584.42,27537.93,76317.09,3860.618,1189.382
21,MD,EO,Cz,83074.43,57112.42,156333,6199.639,1774.203
21,MD,EO,C4,30856.08,27783.38,68241.88,3894.008,1519.179
21,MD,EO,T8,19486.82,17084.63,60730.62,2191.162,737.2189
21,MD,EO,CP5,40787.54,38589.72,81176.61,5763.015,2540.635
21,MD,EO,CP1,62492.77,48682.22,168132.9,5677.995,1576.322
21,MD,EO,CP2,66224.88,48765.69,183251.2,5793.433,1647.38
21,MD,EO,CP6,32953.73,44929.19,113741,5142.932,1931.256
21,MD,EO,P7,72828.43,63842.53,168057.8,9203.681,3798.747
21,MD,EO,P3,110735.7,100572.2,372248.9,12888.36,4519.713
21,MD,EO,Pz,140079.2,92661.72,505290.2,11049.99,3455.986
21,MD,EO,P4,102958.3,119708.2,505477.3,13110.62,3819.764
21,MD,EO,P8,99216.12,123147.9,314842.8,13095.48,4550.468
21,MD,EO,PO3,138008.1,110304.5,479132.5,14646.53,5576.498
21,MD,EO,PO4,104532.1,126733.9,450570,13000.37,3883.596
21,MD,EO,O1,61983.05,45955.7,169604.2,5841.757,2096.628
21,MD,EO,O2,60785.34,59456.46,196100,6365.678,1922.888
21,MD,EO,AF7,59002.65,45500.06,179613.8,4983.375,2073.041
21,MD,EO,AF8,46700.51,41625.25,155115.7,4326.55,1571.332
21,MD,EO,F5,49831.06,44173.19,157112.2,4607.535,1700.479
21,MD,EO,F1,55657.88,55159.49,187226.2,5498.309,2051.823
21,MD,EO,F2,58202,55416.79,169183,5931.242,2421.909
21,MD,EO,F6,49024.24,45808.71,145384.9,5233.104,2233.055
21,MD,EO,FT7,47870.47,34108.21,111009.5,4118.065,1742.748
21,MD,EO,FC3,32063.7,30016.3,103802.9,3551.108,1160.79
21,MD,EO,FCz,67126.38,57684.28,184800.6,6066.378,2153.699
21,MD,EO,FC4,38215.67,33954.33,95046.79,4210.392,1717.947
21,MD,EO,FT8,11583.19,10529.05,36424.93,1271.762,470.5207
21,MD,EO,C5,25511.19,23396.9,58586.23,3248.148,1155.526
21,MD,EO,C1,59088.02,40165.86,123330.1,4977.287,1358.445
21,MD,EO,C2,50745.19,36505.64,95486.56,4764.258,1567.55
21,MD,EO,C6,21494.46,22533.3,59365.21,3005.741,1193.615
21,MD,EO,TP7,41766.24,28708.3,57229.54,4718.146,2468.5
21,MD,EO,CP3,39381.31,37595.73,114711.3,4952.958,1526.323
21,MD,EO,CPz,99844.71,67272.73,223164.4,6702.993,1718.707
21,MD,EO,CP4,43081.27,41341.84,143167.5,5297.83,1761.966
21,MD,EO,TP8,46527.02,59528.72,141120.6,6667.184,2559.428
21,MD,EO,P5,108052.8,105580.1,346380.9,14066.15,5150.377
21,MD,EO,P1,161922,121088.3,563114.6,14977.09,5281.411
21,MD,EO,P2,146969.4,114576.5,713154.5,14636.82,3716.617
21,MD,EO,P6,105464.8,140594,444636.1,14443,4771.136
21,MD,EO,PO7,77469.97,68104.45,214212.9,9282.691,3513.473
21,MD,EO,POz,109892.2,73896.24,446277.4,9432.963,3443.333
21,MD,EO,PO8,102911.8,127859.8,415705.5,13090.65,4025.516
21,MD,EO,Oz,53583.06,41200.26,149246.3,4788.843,1563.986
21,MD,EO,P9,20387.23,16582.39,64403.55,2106.489,685.0474
21,MD,EO,P10,64482.79,51867.59,138496.3,6367.982,2245.611
21,MD,EO,TP9,3001.78,1739.66,5199.7,286.4959,163.0793
22,MD,EC,AFz,50775.45,31696.67,367476.8,21624.5,2059.794
22,MD,EC,Fp1,51546.3,24650.48,345872.3,24467.58,4154.196
22,MD,EC,Fp2,67149.43,30098.53,339960.9,27351.94,4137.356
22,MD,EC,AF3,52795.35,31409.13,354910.4,21089.37,2159.206
22,MD,EC,AF4,44909.42,25011.75,327711.2,21227.33,2482.905
22,MD,EC,F7,47937.97,22482.58,288324.5,17234.15,2468.726
22,MD,EC,F3,57793.11,35927.98,343809.7,21917.71,2144.693
22,MD,EC,Fz,59660.71,38414.51,351609.9,22954.22,2366.141
22,MD,EC,F4,43281.16,28430.12,303371.8,20214.08,1941.625
22,MD,EC,F8,42890.92,22176.17,254739.5,17956.51,2282.994
22,MD,EC,FC5,35850.56,21158.07,241838,15129.91,1777.403
22,MD,EC,FC1,63079.98,41782.62,301540.8,23292.95,2484.518
22,MD,EC,FC2,46602.15,33149.37,247362,21064.3,2209.062
22,MD,EC,FC6,32695.58,17021.65,153362.8,14088.62,2013.223
22,MD,EC,T7,24194.92,15212.28,186943.3,13770.77,3052.861
22,MD,EC,C3,44107.46,29377.46,185633.4,20376.49,2858.335
22,MD,EC,Cz,50556.08,35222.34,189977.9,20487.56,2641.948
22,MD,EC,C4,38591.02,21543.57,90072.73,21832.06,3031.029
22,MD,EC,T8,58986.45,26699.04,107106.7,17442.57,2935.25
22,MD,EC,CP5,21028.46,15239.43,62621.85,11510.23,1622.016
22,MD,EC,CP1,47491.09,26643.18,158839.8,17307.73,2794.034
22,MD,EC,CP2,33471.83,19029.62,155742.4,13456.21,2565.155
22,MD,EC,CP6,34950.56,21425.19,201651,16573.49,2263.31
22,MD,EC,P7,52287.52,57403.76,191050,34305.55,3099.137
22,MD,EC,P3,58918.47,30610.7,271832.3,22922.26,3127.377
22,MD,EC,Pz,105248.9,54973.95,680839.1,34842.83,6036.333
22,MD,EC,P4,105028.8,52698.56,763274.6,38382.77,4594.709
22,MD,EC,P8,289249.3,177871.2,2088076,132848.4,9908.648
22,MD,EC,PO3,121304.8,83125.41,830492.9,64727.27,5598.535
22,MD,EC,PO4,115360.5,79434.18,1337691,60984.39,5430.1
22,MD,EC,O1,111457.3,99485.65,697913.5,70712.45,5079.812
22,MD,EC,O2,132189.4,102512.4,1372101,76645.98,5736.689
22,MD,EC,AF7,47958.17,24100.36,332655.2,21164.61,3559.494
22,MD,EC,AF8,67342.92,30200.72,315004,24860.66,3713.7
22,MD,EC,F5,49439.4,28105.36,323162.7,19346.73,2234.694
22,MD,EC,F1,60833.38,38923.59,346525.9,22790.48,2289.205
22,MD,EC,F2,51053.05,34033.01,328677.8,21457.25,2104.609
22,MD,EC,F6,42209.69,22203.44,254780.2,17908.11,2249.601
22,MD,EC,FT7,38037.06,19076.52,247934.6,15481,2914.839
22,MD,EC,FC3,52169.39,34311.73,277123,20472.15,2050.907
22,MD,EC,FCz,69535.51,46155.37,323264.2,25464.07,2892.438
22,MD,EC,FC4,37438.58,24493.14,184765.4,20660.84,2311.396
22,MD,EC,FT8,78349.73,33070.75,198968.7,24199.73,4829.791
22,MD,EC,C5,20950.58,14570.78,127313.4,11530.41,1591.721
22,MD,EC,C1,45658.48,32097.38,185773,18974.11,2324.142
22,MD,EC,C2,31962.04,23240.61,116149.7,17115.13,2199.512
22,MD,EC,C6,27375.73,13554.75,48401.2,10905.83,1864.076
22,MD,EC,TP7,19254.55,18982.49,90738.13,12473.48,2041.138
22,MD,EC,CP3,38071.6,23305.22,116246.9,16358.91,2467.891
22,MD,EC,CPz,56216.39,31847.62,184204.3,20614.7,3630.753
22,MD,EC,CP4,30211.81,17620.71,157327.8,14398.02,2508.766
22,MD,EC,TP8,112829.1,65566.94,428761.8,42782.79,4781.961
22,MD,EC,P5,46854.53,35180.34,189021.1,25636.72,2457.04
22,MD,EC,P1,77980.94,39037.26,455231.6,26689.11,4432.458
22,MD,EC,P2,93504.6,51479.88,741329.7,34328.65,4678.161
22,MD,EC,P6,121484.7,75907.66,1131750,57679.3,5555.524
22,MD,EC,PO7,144967,148310.6,688045.5,94773.42,6525.066
22,MD,EC,POz,188486.9,118209.2,1691024,77378.38,8028.333
22,MD,EC,PO8,194188.2,142338.3,2154618,109933.1,8380.685
22,MD,EC,Oz,104550.4,82030.28,764159.4,62194.68,4902.544
22,MD,EC,P9,124312.2,115199.9,416097.5,71451.79,19119.83
22,MD,EC,P10,141857.4,96743.59,826860.6,59394.62,5217.708
22,MD,EC,TP9,119614.6,109670.9,400688.8,68894.86,19020.05
22,MD,EO,AFz,6800.085,1894.135,9450.649,1921.968,332.3343
22,MD,EO,Fp1,11000.16,2893.918,9476.846,2332.599,558.2028
22,MD,EO,Fp2,7559.711,1958.015,8303.166,1737.507,351.2439
22,MD,EO,AF3,8421.206,2175.86,8740.563,1880.768,407.4983
22,MD,EO,AF4,5382.448,1534.898,7242.652,1698.755,277.8728
22,MD,EO,F7,11465.85,3445.399,11791.97,3084.655,649.8208
22,MD,EO,F3,6845.1,2296.961,11362.61,2746.885,474.4822
22,MD,EO,Fz,6741.687,1987.089,9164.762,2202.408,358.0934
22,MD,EO,F4,6864.896,1973.469,12116.46,2534.632,371.8942
22,MD,EO,F8,8993.842,2683.46,17001.75,3061.301,482.5399
22,MD,EO,FC5,7131.312,2503.588,12709.63,3128.381,544.1972
22,MD,EO,FC1,11411.01,4265.938,14799.43,4703.503,893.5753
22,MD,EO,FC2,9032.761,2962.546,11194.58,4177.337,706.7405
22,MD,EO,FC6,7982.631,2852.677,20006.68,4335.447,700.2402
22,MD,EO,T7,7553.186,2322.201,9041.33,2556.334,505.0233
22,MD,EO,C3,23302.34,9370.017,34691.38,10374.2,2127.401
22,MD,EO,Cz,8538.426,3183.627,7498.098,3401.254,673.6812
22,MD,EO,C4,26035.57,9131.503,43285.79,14733.85,2629.41
22,MD,EO,T8,13249.85,4662.35,21024.01,3890.943,786.0385
22,MD,EO,CP5,2991.323,1342.186,6431.506,1727.875,329.6949
22,MD,EO,CP1,9526.367,3654.542,15536.22,3202.565,647.8659
22,MD,EO,CP2,6947.129,2152.281,10590.17,2454.665,468.7164
22,MD,EO,CP6,8770.79,3580.376,15729.62,4370.028,867.6303
22,MD,EO,P7,5693.799,1733.63,3736.024,1614.087,369.6254
22,MD,EO,P3,10247.05,3120.198,22996.83,2747.473,400.2526
22,MD,EO,Pz,28915.36,8215.258,65706.38,6993.89,940.543
22,MD,EO,P4,22851.53,6650.648,29233.1,6937.746,1260.389
22,MD,EO,P8,39427.6,16164.39,46067.59,17344.41,3456.963
22,MD,EO,PO3,19715.15,5297.359,41598.67,5362.741,648.4928
22,MD,EO,PO4,65891.77,19733.02,85416.52,21863.16,3670.165
22,MD,EO,O1,9757.711,2820.397,14929.95,3445.799,509.906
22,MD,EO,O2,23110.78,7549.359,27611.61,8876.922,1506.267
22,MD,EO,AF7,15285.46,4002.672,12774.14,3141.796,762.2584
22,MD,EO,AF8,7058.113,1936.448,10592.45,1637.189,290.9398
22,MD,EO,F5,6695.471,1929.635,9244.441,2010.266,367.3989
22,MD,EO,F1,6403.802,2062.062,9121.226,2338.235,400.4304
22,MD,EO,F2,5374.003,1556.589,8364.279,1906.657,277.9185
22,MD,EO,F6,8586.634,2588.138,16535.92,3012.66,472.8371
22,MD,EO,FT7,7676.162,2263.56,10710.87,2471.438,474.2442
22,MD,EO,FC3,12104.28,4726.875,19801.65,5591.073,1059.154
22,MD,EO,FCz,8628.579,2874.015,9737.074,3367.126,576.363
22,MD,EO,FC4,15721.79,5306.95,25819.34,8555.823,1440.985
22,MD,EO,FT8,9331.771,2986.53,19311.39,3572.592,602.3392
22,MD,EO,C5,6118.223,2541.471,12805.38,3395.56,641.0372
22,MD,EO,C1,14215.2,5653.581,16987.56,5808.628,1199.688
22,MD,EO,C2,13060.99,4450.302,15283.78,6394.91,1174.375
22,MD,EO,C6,8063.314,3240.384,21779.11,4983.215,857.1617
22,MD,EO,TP7,8109.264,2353.092,5781.756,2078.769,498.3318
22,MD,EO,CP3,10308.13,4374.094,17222.36,4652.749,951.6406
22,MD,EO,CPz,28241,7304.56,14840.16,4118.034,1175.655
22,MD,EO,CP4,10032.96,3499.99,16031.38,4888.262,936.6171
22,MD,EO,TP8,14111.02,5914.947,20556.12,5650.101,1147.722
22,MD,EO,P5,3908.254,1184.859,8316.626,1369.038,199.9175
22,MD,EO,P1,20616.19,6106.043,43860.07,4919.226,739.7665
22,MD,EO,P2,23972.21,6267.285,45325.46,5895.838,819.245
22,MD,EO,P6,21893.86,8116.812,23184.38,8760.639,1771.709
22,MD,EO,PO7,8721.813,2843.817,8664.159,3326.819,590.3914
22,MD,EO,POz,76258.79,20415.62,166660.4,19026.32,2294.836
22,MD,EO,PO8,34220.75,12910.25,35809,14700.02,2814.124
22,MD,EO,Oz,15692.24,4606.137,23244.76,5458.346,804.872
22,MD,EO,P9,11014.41,3707.125,11138.32,3929.284,814.1486
22,MD,EO,P10,19089.67,7835.921,23669.05,8333.615,1660.455
22,MD,EO,TP9,11793.39,3731.429,10761.72,3710.967,801.5435
23,MD,EC,AFz,90731.34,38068.16,596211.7,15385.73,3850.332
23,MD,EC,Fp1,103259.1,34473.82,511132.1,14913.83,4264.432
23,MD,EC,Fp2,92112.6,33161.5,542510.9,14307.08,3762.649
23,MD,EC,AF3,86728.89,34889.11,515927.2,14593.96,3550.875
23,MD,EC,AF4,90669.7,40562.24,589739.2,16614.3,4053.007
23,MD,EC,F7,114941.9,38343.68,377803.8,16219.38,4505.289
23,MD,EC,F3,87163.51,43953.54,454713.4,17354.01,3769.755
23,MD,EC,Fz,111081.2,52846.9,564464.9,17413.93,3471.498
23,MD,EC,F4,92390.73,47101.91,571004.4,18083,3763.331
23,MD,EC,F8,102526.5,39132.5,455584.1,17229.05,4807.942
23,MD,EC,FC5,65466.37,27765.31,273575.2,13191.79,3564.736
23,MD,EC,FC1,71085.21,37620.43,333156,14722.81,3008.243
23,MD,EC,FC2,86407.09,48590.32,378377.5,17648.27,3216.742
23,MD,EC,FC6,59247.31,34603.94,356637.7,16197.25,4324.211
23,MD,EC,T7,118407.3,41210.7,171328.7,26715.92,12364.92
23,MD,EC,C3,54973.14,31828.67,299718.9,19734.96,2934.845
23,MD,EC,Cz,75197.55,39252.96,276320,16442.4,2545.709
23,MD,EC,C4,62026.8,40797.55,193023.5,19532.31,3496.085
23,MD,EC,T8,90573.61,47125.66,268719.5,24565.75,7328.312
23,MD,EC,CP5,64338.43,35289.54,256411.7,19909.52,3966.386
23,MD,EC,CP1,129967.3,56133.66,1268288,39964.09,4121.149
23,MD,EC,CP2,96717.6,54415.62,617127.2,29033.46,4677.211
23,MD,EC,CP6,76741.79,48308.61,429884.8,28747.91,4542.733
23,MD,EC,P7,75298.21,40243.56,151161.7,17111.02,4613.23
23,MD,EC,P3,253099.2,113663.9,2636967,80091.98,9827.714
23,MD,EC,Pz,179293.5,73214.77,1684733,39708.21,7999.261
23,MD,EC,P4,177839.9,98115.62,2130160,66289.8,15127.17
23,MD,EC,P8,148947.7,110639.7,1218906,47769.06,6577.527
23,MD,EC,PO3,197238.7,101384.6,1669026,57808.74,13287.8
23,MD,EC,PO4,138065.2,86693.11,1713329,46607.2,10213.52
23,MD,EC,O1,80133.98,48829.18,470842.1,20045.52,4941.037
23,MD,EC,O2,77442.77,52771.19,696025.8,21927.75,4040.038
23,MD,EC,AF7,114489,36643.33,456706,15714.93,4459.988
23,MD,EC,AF8,91177.73,34009.01,516034.2,15205.37,3772.6
23,MD,EC,F5,94319.18,37480.47,413711.5,16985.35,4959.013
23,MD,EC,F1,101219.9,48603.84,501061.1,17094.19,3530.038
23,MD,EC,F2,117734.1,54642.83,603660.1,18477.18,3406.25
23,MD,EC,F6,85084.19,40905.36,516787.4,17533.17,4484.716
23,MD,EC,FT7,96383.27,34446.21,301249.8,15523,4731.139
23,MD,EC,FC3,62669.4,32914.07,334797.9,17906.87,3536.458
23,MD,EC,FCz,90824.59,47284.84,371325.2,15874.62,3279.313
23,MD,EC,FC4,85477.48,46413.78,396747.9,19978.71,3587.724
23,MD,EC,FT8,68143.43,33257.35,325063.5,15266.72,3574.643
23,MD,EC,C5,48228.5,25303.29,162502.4,13450.11,3143.306
23,MD,EC,C1,69294.63,36367.39,395777.8,19450.52,2590.051
23,MD,EC,C2,72717.97,43553.46,209214.5,18602.96,3000.729
23,MD,EC,C6,53056.72,35650.05,204715.7,17248.58,3722.241
23,MD,EC,TP7,74653.77,38991.06,135757.5,16169.05,4358.562
23,MD,EC,CP3,102457.5,51511.11,913623.1,37361.41,4360.051
23,MD,EC,CPz,103923.8,48116.53,714133.1,25651.46,3225.082
23,MD,EC,CP4,83104.19,51279.14,495620.8,32427.5,5861.939
23,MD,EC,TP8,97658.66,65078.3,501282.7,28695.4,4267.656
23,MD,EC,P5,168569.1,89574.38,1223157,50680.99,9179.869
23,MD,EC,P1,239330.7,97835.68,2625797,70150.48,9056.473
23,MD,EC,P2,173018.8,87302.81,1971667,48506.38,12405.69
23,MD,EC,P6,183052.7,118208.1,1998258,71988.15,12348
23,MD,EC,PO7,94608.84,56102.75,483934.6,25244.11,6846.432
23,MD,EC,POz,124689.1,62655.18,1268715,33143.31,10593.33
23,MD,EC,PO8,107323.9,77316.7,1104829,35794.1,5973.916
23,MD,EC,Oz,68024.48,44488.53,484175.1,17113.99,3501.223
23,MD,EC,P9,69496.02,32751.47,175364.9,12624.97,2424.28
23,MD,EC,P10,56462.32,40271.05,412090.6,16565.26,2615.138
23,MD,EC,TP9,21967.46,10743.36,37164.73,5114.081,1600.117
23,MD,EO,AFz,58996.74,21622.75,88515.98,9313.658,1815.076
23,MD,EO,Fp1,57372.18,18504.93,89689.85,8797.061,1637.676
23,MD,EO,Fp2,64811.31,19434.51,94663.34,9587.119,2690.552
23,MD,EO,AF3,61073.21,24570.18,84081.23,9841.414,1923.012
23,MD,EO,AF4,60909.69,22286.7,92223.34,9696.985,2314.622
23,MD,EO,F7,55284.52,17723.43,75523.64,8771.855,2004.24
23,MD,EO,F3,68120.53,32962.13,88712.52,12914.48,2562.139
23,MD,EO,Fz,72890.98,30826.61,91762.68,13037.64,2695.449
23,MD,EO,F4,56918.15,24176.52,85507.71,10739.31,2461.149
23,MD,EO,F8,61993.25,20354.44,94633.77,9946.682,2993.151
23,MD,EO,FC5,33951.07,13683.65,53967.76,6196.991,1069.651
23,MD,EO,FC1,47758.98,23483.42,69559.63,10743.11,2119.351
23,MD,EO,FC2,51375.1,25635.91,69563.68,12803.59,2361.376
23,MD,EO,FC6,40383.33,19519.57,70460.98,9942.482,2103.622
23,MD,EO,T7,61042.59,22478.39,63908.43,9751.846,2059.33
23,MD,EO,C3,40591.23,18949.94,73916.85,9008.859,1866.118
23,MD,EO,Cz,49470.98,20136.14,91025.07,10652.24,1649.317
23,MD,EO,C4,59545.58,29217.72,87427.27,16083.83,2423.522
23,MD,EO,T8,77143.11,31844.97,84172.2,13343.47,2386.961
23,MD,EO,CP5,63594.51,26156.14,69488.6,10994.18,2290.01
23,MD,EO,CP1,78346.66,25965.09,227373.2,15617.43,2110.177
23,MD,EO,CP2,78379.09,24886.85,246317,15851.79,2075.057
23,MD,EO,CP6,63753.48,31376.46,123145.4,14707.35,1944.923
23,MD,EO,P7,62379.59,24683.66,64612.86,10791.24,2286.693
23,MD,EO,P3,84389.21,34496.73,248599.8,24233.37,5093.007
23,MD,EO,Pz,110277.8,30269.11,324056.8,18145.82,3279.497
23,MD,EO,P4,104693.6,37297.27,483170.8,25797.12,2617.834
23,MD,EO,P8,76428.6,41045.89,157495.3,20110.52,2767.09
23,MD,EO,PO3,67434.1,32448.61,146503.1,25172.7,9304.305
23,MD,EO,PO4,66117.38,31604.76,206887.2,17461.26,1789.685
23,MD,EO,O1,38167.48,20076.06,55054.63,10240.62,2950.208
23,MD,EO,O2,43299.28,22820.34,69556.63,9787.856,1606.181
23,MD,EO,AF7,59526.8,19248.91,82540.22,9245.742,2059.723
23,MD,EO,AF8,53485.82,16974.86,92006.09,8162.511,1708.91
23,MD,EO,F5,50033.93,20065.54,72897.46,8609.368,1472.13
23,MD,EO,F1,71169.89,33620.09,90358.02,13337.98,2663.99
23,MD,EO,F2,57887.77,24542.89,82141.09,10681.54,2130.368
23,MD,EO,F6,51141.1,19338.51,89535.33,8938.494,2258.136
23,MD,EO,FT7,44830.34,15853.54,58442.02,7295.978,1396.404
23,MD,EO,FC3,47950.96,24241.46,99816.55,13545.86,2659.73
23,MD,EO,FCz,67385.7,30829.37,71230.51,14894.88,3115.785
23,MD,EO,FC4,49582.02,25642.37,80789.59,13839.65,2149.671
23,MD,EO,FT8,62758.03,23888.68,80434.8,12244.3,3472.803
23,MD,EO,C5,42115.26,18045.89,50608.99,7370.995,1453.387
23,MD,EO,C1,43359.11,19487.4,88495.75,9461.78,1680.181
23,MD,EO,C2,58019.61,25736.41,89908.09,14175.94,2120.367
23,MD,EO,C6,54237.81,27063.54,71450.22,13228.86,2464.156
23,MD,EO,TP7,66296.98,25586.13,64213.46,10929.15,2425.032
23,MD,EO,CP3,60516.57,24123.63,134821.4,12094.74,2079.553
23,MD,EO,CPz,76628,23384.05,210676.5,14031.72,1787.431
23,MD,EO,CP4,67741.91,26851.57,205887.6,15928.13,2088.643
23,MD,EO,TP8,85579.13,40846.16,105894.5,16141.59,2819.151
23,MD,EO,P5,71273.42,34570.59,133760.8,21105.95,5079.044
23,MD,EO,P1,100424.4,34075.49,307530.3,23664.99,4703.887
23,MD,EO,P2,119757.6,34030.02,470595.3,21196.08,2882.4
23,MD,EO,P6,87919.43,42788.83,342210.1,28908.26,2532.919
23,MD,EO,PO7,37600.04,19791.76,58252.86,11193.49,3107.393
23,MD,EO,POz,63100.14,26533.8,145498.1,13485.63,3580.704
23,MD,EO,PO8,58168.3,31059.96,122468.2,15012.16,1945.881
23,MD,EO,Oz,38587.45,20027.71,51041.41,8117.803,1543.377
23,MD,EO,P9,39886.02,16972.05,51329.7,7200.24,1610.212
23,MD,EO,P10,34002.33,17603.68,54052.96,7624.82,1132.208
23,MD,EO,TP9,17918.84,7624.855,15722.92,3088.038,782.9036
24,nonMD,EC,AFz,82625.47,38309.21,432426,21554.87,5177.208
24,nonMD,EC,Fp1,67825.95,30644.95,413368.1,19457.9,4838.211
24,nonMD,EC,Fp2,83076.03,32565.21,426646.7,22717.03,7880.654
24,nonMD,EC,AF3,75702.64,35926.53,416269,19989.81,4854.749
24,nonMD,EC,AF4,72430.83,31443.27,400284.1,20752.72,6212.948
24,nonMD,EC,F7,67758.92,31277.47,336705,18652.87,5985.311
24,nonMD,EC,F3,70778.59,36214.66,380086.9,19813.56,4979.015
24,nonMD,EC,Fz,72776.41,37569.52,393825.3,21136.44,4968.495
24,nonMD,EC,F4,66222.41,34506.41,379289.2,20620,5139.939
24,nonMD,EC,F8,79660.49,30895.03,329196.3,25606.7,12513.6
24,nonMD,EC,FC5,45056.35,24951.32,242235.5,14481.83,4733.174
24,nonMD,EC,FC1,62706.19,40580.15,350876.3,19856.92,3871.436
24,nonMD,EC,FC2,55001.64,36334.73,317605.1,18642.24,3943.71
24,nonMD,EC,FC6,42110.57,21712,210444.2,17865.69,8336.695
24,nonMD,EC,T7,48719.8,28684.01,186991.2,15253.74,3783.354
24,nonMD,EC,C3,40703.89,27662.8,194665.1,13368.74,2578.115
24,nonMD,EC,Cz,71872.95,50116.53,358272,21749.19,3779.061
24,nonMD,EC,C4,30652.89,23031.93,132619.3,11180.6,2770.351
24,nonMD,EC,T8,85451.59,42910.34,217690.7,31917.28,18823.45
24,nonMD,EC,CP5,45463.14,29668.29,184083.5,18489.58,2880.655
24,nonMD,EC,CP1,65199.5,37813.25,351620.2,19788.73,2322.818
24,nonMD,EC,CP2,65264.11,41981.71,357947.4,19372.4,2195.71
24,nonMD,EC,CP6,51602.62,27204.05,145202.6,17895.21,7707.476
24,nonMD,EC,P7,156977.6,112719.6,740197.1,56859.27,11422.29
24,nonMD,EC,P3,83736,44251.06,499630.4,32141.9,4342.076
24,nonMD,EC,Pz,100984.6,55896.04,990135.7,41717.26,5533.216
24,nonMD,EC,P4,96664,52995.93,675733,35741.33,5002.886
24,nonMD,EC,P8,189838.5,95414.49,761027,52768.42,14304.8
24,nonMD,EC,PO3,174538.7,97745.37,1129231,68887.51,17837.23
24,nonMD,EC,PO4,351300.8,185969,2894584,138637.5,21721
24,nonMD,EC,O1,135181.4,80992.23,876303,48910.66,15564.48
24,nonMD,EC,O2,212425.1,116095.1,1366237,70392.84,17651.68
24,nonMD,EC,AF7,71556.29,30398.25,366511.2,17834.07,4592.467
24,nonMD,EC,AF8,83677,32724.6,424900.8,22657.72,7954.206
24,nonMD,EC,F5,66091.91,31952.12,353938,19993.34,6674.061
24,nonMD,EC,F1,69727.08,36296.3,383985.6,19676.55,4670.469
24,nonMD,EC,F2,68835.99,36079.86,386657.5,20865.46,4927.554
24,nonMD,EC,F6,61464.64,27106.91,331566.5,20929.66,7831.18
24,nonMD,EC,FT7,56392.41,28249.19,280077.5,17022.48,6012.779
24,nonMD,EC,FC3,49535.23,29837.45,281237.1,15673.95,3672.601
24,nonMD,EC,FCz,72031.02,47108.57,405020.8,23545,4650.875
24,nonMD,EC,FC4,37590.81,24720.58,215749.4,14393.08,4148.721
24,nonMD,EC,FT8,85537.86,35031.63,232702.9,38162.55,27559.13
24,nonMD,EC,C5,30090.25,19985,143071.5,11561.39,2771.753
24,nonMD,EC,C1,63386.89,42576.5,292874.9,18735.82,3292.18
24,nonMD,EC,C2,46358.89,34345.07,224379.8,14577.05,2656.43
24,nonMD,EC,C6,31794.97,19429.66,98208.16,11986.7,4577.243
24,nonMD,EC,TP7,77805.56,56312.68,293509.1,29416.49,6483.803
24,nonMD,EC,CP3,52650.22,32682.88,241036.4,18074.56,2227.062
24,nonMD,EC,CPz,81555.71,46339,494643.8,23919.11,2772.487
24,nonMD,EC,CP4,52065.96,32567.24,214110.3,15450.27,2457.527
24,nonMD,EC,TP8,114892.2,63903.52,287190.1,33959.57,12851.58
24,nonMD,EC,P5,98684.53,57728.46,480289.8,38647.8,6866.5
24,nonMD,EC,P1,94383.17,49038.25,810589.1,37730.77,5175.242
24,nonMD,EC,P2,103478.2,57700.59,917040.8,41795.24,5301.128
24,nonMD,EC,P6,114336,55080.07,657219.7,37620.75,8939.664
24,nonMD,EC,PO7,169743.2,99338.66,1029835,65654.56,17710.73
24,nonMD,EC,POz,191211,116900.7,2154768,91714.27,18983.69
24,nonMD,EC,PO8,293481.8,148194.7,1614495,92890.17,22562.5
24,nonMD,EC,Oz,144283.2,85016.55,970102.6,49119.31,14794.31
24,nonMD,EC,P9,144543.1,92115.77,501157,47596.94,14757.02
24,nonMD,EC,P10,94474.31,47675.37,397755,26765.81,7651.162
24,nonMD,EC,TP9,125410.7,81495.47,390393.3,46689.04,16044.42
24,nonMD,EO,AFz,22380.22,10553.17,73980.21,7498.348,851.3893
24,nonMD,EO,Fp1,25208.02,11033.39,96410.77,7058.398,878.5046
24,nonMD,EO,Fp2,25092.48,10272.07,87562.57,7008.824,800.4172
24,nonMD,EO,AF3,22931.95,10361.18,81315.22,7503.704,930.1764
24,nonMD,EO,AF4,22016.34,8890.516,68055.74,6867.507,880.8268
24,nonMD,EO,F7,28009.28,11226.92,86288.99,6822.481,1408.576
24,nonMD,EO,F3,24342.13,12537.73,68161.23,7713.926,1091.43
24,nonMD,EO,Fz,26775.99,13852.59,61410.66,8338.72,1235.735
24,nonMD,EO,F4,26474.92,13298.52,59255.15,8166.988,1314.11
24,nonMD,EO,F8,30970.19,11695.36,72211.34,7507.5,1160.621
24,nonMD,EO,FC5,19268.11,10353.2,50161.94,5981.77,1152.238
24,nonMD,EO,FC1,40342.15,22543.43,67467.12,10361.13,1680.524
24,nonMD,EO,FC2,35015.07,19144.14,57935.28,9163.632,1745.854
24,nonMD,EO,FC6,13044.57,6264.649,34537.43,4939.302,735.4761
24,nonMD,EO,T7,22348.56,10310.72,55149.39,6230.513,1723.755
24,nonMD,EO,C3,28386.44,17664.16,59044.96,7855.96,1349.27
24,nonMD,EO,Cz,55815.04,30017.03,97510.11,12073.27,2342.874
24,nonMD,EO,C4,28807.79,15507.69,77746.34,8004.816,1520.049
24,nonMD,EO,T8,29423.38,13434.13,51962.92,7415.247,1365.666
24,nonMD,EO,CP5,19481.93,12141.26,59330.25,8101.16,1191.158
24,nonMD,EO,CP1,42367.73,20376.62,107477.8,10254.51,1700.484
24,nonMD,EO,CP2,45447.32,24438.39,181877.7,11915.63,1734.02
24,nonMD,EO,CP6,23720.16,13789.89,72788.87,8536.62,1566.336
24,nonMD,EO,P7,48312.48,25035.96,108813.6,17073.05,3110.324
24,nonMD,EO,P3,44566.04,19001.56,127730.5,15356.89,1697.098
24,nonMD,EO,Pz,62754.51,21490.05,197193,18192.39,2162.402
24,nonMD,EO,P4,47529.06,23545.97,244323,17974.46,2002.693
24,nonMD,EO,P8,53342.41,29243.04,96796.7,14463.58,2599.432
24,nonMD,EO,PO3,63820.12,31107.54,162922.7,24542.9,2466.869
24,nonMD,EO,PO4,101897.2,50619.75,463153.6,50873.49,3913.27
24,nonMD,EO,O1,54600.19,30839.34,108036.1,14902,2210.787
24,nonMD,EO,O2,59237.81,35437.39,133573.7,17535.3,2241.757
24,nonMD,EO,AF7,34133.31,14181.51,107500.7,8387.594,1624.037
24,nonMD,EO,AF8,24811.11,10016.85,85495.14,6870.855,800.8867
24,nonMD,EO,F5,25411.48,10957.91,77961.54,7218.938,1292.506
24,nonMD,EO,F1,24922.33,13057.94,67252.32,7820.569,1055.209
24,nonMD,EO,F2,26322.82,13153.38,59822.57,8125.453,1280.474
24,nonMD,EO,F6,21408.68,8658.353,54279.23,6612.059,1080.453
24,nonMD,EO,FT7,23202.15,9617.609,70587.94,5978.836,1329.406
24,nonMD,EO,FC3,23593.52,13805.52,53074.14,6883.482,1046.643
24,nonMD,EO,FCz,49603.92,26660.05,78905.72,12679.79,2276.876
24,nonMD,EO,FC4,21117.92,11842.64,42945.95,6549.077,1308.542
24,nonMD,EO,FT8,23883.58,10031.32,50164.85,6408.232,1022.288
24,nonMD,EO,C5,23206.04,13577.1,49813.12,7509.859,1709.654
24,nonMD,EO,C1,41340.87,23263.4,71910.57,9351.658,1644.979
24,nonMD,EO,C2,36928.7,21581.72,93445.7,8988.538,1632.092
24,nonMD,EO,C6,15259.07,8973.347,50082.47,6201.047,1052.811
24,nonMD,EO,TP7,29240.36,15091.92,65766.32,9609.146,2282.5
24,nonMD,EO,CP3,30346.74,17054.73,83206.53,9262.084,1311.63
24,nonMD,EO,CPz,48635.69,21927.77,136776.7,11137.58,1812.817
24,nonMD,EO,CP4,31221.89,19599.11,158572,11015.73,1545.726
24,nonMD,EO,TP8,50344.52,25000.28,69274.77,11733.47,2615.353
24,nonMD,EO,P5,39029.23,20182.64,113498.4,15755.45,1787.176
24,nonMD,EO,P1,56292.17,19860.94,158674.4,17039.07,1941.076
24,nonMD,EO,P2,56941.76,23745.64,251705.8,19135.55,2038.139
24,nonMD,EO,P6,33202.67,18889.82,138948.4,13462.12,1760.807
24,nonMD,EO,PO7,59040.91,30555.02,138695,21532.14,2702.45
24,nonMD,EO,POz,98545.84,37621.81,327138.9,36960.19,2934.787
24,nonMD,EO,PO8,60547.26,36008.2,137540.1,18934.82,2607.153
24,nonMD,EO,Oz,57222.96,33495.54,114089.4,14563.14,2097.775
24,nonMD,EO,P9,61830.12,30601.53,104683.7,14369.48,3826.87
24,nonMD,EO,P10,25872.86,14419.74,43475.38,6786.417,1248.82
24,nonMD,EO,TP9,47372.99,22435.06,90566.88,10988.93,2849.908
25,nonMD,EC,AFz,74634.15,20460.28,63448.64,7213.5,1400.035
25,nonMD,EC,Fp1,77185.05,17654.03,68007.34,9075.189,1913.352
25,nonMD,EC,Fp2,70552.56,15892.6,63396.28,8480.967,1693.185
25,nonMD,EC,AF3,68440.84,18124.1,60116.05,6969.799,1405.21
25,nonMD,EC,AF4,68626.12,17551.76,58734.82,6936.585,1498.085
25,nonMD,EC,F7,69386.18,19049.03,45471.53,6906.976,2854.579
25,nonMD,EC,F3,71336.79,21541.53,62928.04,6938.542,1465.566
25,nonMD,EC,Fz,97237.85,30873.91,75869.61,8139.102,1679.782
25,nonMD,EC,F4,78895.38,24066.25,66767.48,7498.189,1451.36
25,nonMD,EC,F8,65047.85,15688.28,35182.95,6514.064,2427.384
25,nonMD,EC,FC5,34381.93,10275.4,36898.24,4304.054,1548.877
25,nonMD,EC,FC1,64694.93,21601.51,70360.47,5942.124,1017.978
25,nonMD,EC,FC2,73661.06,24188.21,67575.56,7143.172,1336.349
25,nonMD,EC,FC6,40564.1,11548.16,27081.98,4939.494,1650.745
25,nonMD,EC,T7,80695.06,29268.66,43110.62,6951.134,3004.781
25,nonMD,EC,C3,35317.69,13093.4,52360.95,5331.724,1207.443
25,nonMD,EC,Cz,72015.88,22966.17,81148.19,6902.68,1400.772
25,nonMD,EC,C4,34663.65,11503,27786.44,4382.122,1328.215
25,nonMD,EC,T8,71212.74,25830.8,30231.21,5718.844,1901.931
25,nonMD,EC,CP5,43513.74,16456.35,28043.34,5073.876,1907.373
25,nonMD,EC,CP1,49436.86,14744.32,53655.72,5721.809,1189.459
25,nonMD,EC,CP2,50317.57,14807.69,40539.9,5039.637,1240.705
25,nonMD,EC,CP6,30438.37,12783.13,30690.42,4176.516,1030.918
25,nonMD,EC,P7,99718.68,31219.89,84978.16,11203.88,2939.643
25,nonMD,EC,P3,91473.2,21779.76,72322.55,11767.63,1897.249
25,nonMD,EC,Pz,101490.1,24015.06,75958.38,10944.46,2206.908
25,nonMD,EC,P4,44274.17,12974.89,88678.31,8901.481,1337.772
25,nonMD,EC,P8,82315.93,32350.14,279323.5,17130.59,2132.48
25,nonMD,EC,PO3,123880.7,27612.35,185806.5,20053.45,3123.035
25,nonMD,EC,PO4,129252.7,37135.96,745262.6,48709.96,3486.852
25,nonMD,EC,O1,106975.2,26678.83,176088.2,13440.55,2600.276
25,nonMD,EC,O2,111565.4,34572.27,396835,22144.42,2484.635
25,nonMD,EC,AF7,69578.88,16799.22,60103.17,7986.698,1937.051
25,nonMD,EC,AF8,65173.66,13869.22,51793.2,7490.893,2027.425
25,nonMD,EC,F5,59914.16,16593.59,49976.77,6453.686,1998.114
25,nonMD,EC,F1,75365.22,23248.7,68311.98,6829.316,1318.026
25,nonMD,EC,F2,77745.95,23841.45,67089.34,7296.679,1336.647
25,nonMD,EC,F6,80635.46,20030.12,49744.87,8673.837,2799.397
25,nonMD,EC,FT7,59148.05,19420.46,41178.02,5990.214,2044.815
25,nonMD,EC,FC3,52034,17365.07,57307.52,5906.097,1313.443
25,nonMD,EC,FCz,95753.17,31579.96,87072.62,8166.362,1514.51
25,nonMD,EC,FC4,45274.68,13970.11,43288.72,5324.484,1131.408
25,nonMD,EC,FT8,51241.57,15086.8,27296.15,5191.438,1892.08
25,nonMD,EC,C5,31694.43,12434.93,31627.06,4230.262,1417.582
25,nonMD,EC,C1,54754.6,17979.94,68656.77,5545.492,1119.419
25,nonMD,EC,C2,52348.17,16666.62,57055.29,5427.399,1131.295
25,nonMD,EC,C6,29673.55,11098.47,17744.22,3489.343,1170.8
25,nonMD,EC,TP7,89417.48,33178.38,45599.67,8027.756,3113.97
25,nonMD,EC,CP3,36480.63,12063.39,40202.41,5079.436,1080.682
25,nonMD,EC,CPz,71925.46,19797.46,61503.2,6875.598,1654.467
25,nonMD,EC,CP4,29659.33,9773.833,19759.71,3469.35,895.0985
25,nonMD,EC,TP8,70355.08,27671.16,64562.92,6938.047,1739.193
25,nonMD,EC,P5,79413.55,22417.46,68396.93,11007.27,1881.475
25,nonMD,EC,P1,92797.5,22023.29,76445.5,11968.16,1822.818
25,nonMD,EC,P2,64765.25,16470.94,61647.44,8580.272,1584.215
25,nonMD,EC,P6,52095.05,19852.66,179551.3,13192.29,1656.973
25,nonMD,EC,PO7,115778.3,30388.12,144671.4,14214.87,3107.968
25,nonMD,EC,POz,119901.1,26776.2,256725,19862.5,2441.508
25,nonMD,EC,PO8,127536.7,44990.37,613610.4,33826.3,3289.293
25,nonMD,EC,Oz,104005.1,29828.51,232292.8,13883.77,2202.799
25,nonMD,EC,P9,123727.1,37947.86,97582.84,10784.03,3767.522
25,nonMD,EC,P10,117911,41431.67,175992.2,12518.43,2464.859
25,nonMD,EC,TP9,35503.8,12340.47,19411.01,3537.605,1465.721
25,nonMD,EO,AFz,8709.104,2247.042,2010.173,908.9058,429.2536
25,nonMD,EO,Fp1,12653.23,3785.527,3458.651,1484.697,1027.58
25,nonMD,EO,Fp2,10924.63,2865.343,2313.146,1072.242,641.416
25,nonMD,EO,AF3,9240.962,2531.796,2243.113,1008.487,590.2177
25,nonMD,EO,AF4,8911.363,2422.309,2145.514,893.4171,430.0334
25,nonMD,EO,F7,49146.76,13453.16,11710.48,4840.044,4393.557
25,nonMD,EO,F3,5861.382,1803.834,2088.233,924.2709,339.2202
25,nonMD,EO,Fz,3291.664,1182.052,1632.589,720.8636,245.1778
25,nonMD,EO,F4,5629.681,1956.932,2262.083,991.0624,356.7079
25,nonMD,EO,F8,26893.31,7327.146,5963.458,2150.554,1511.881
25,nonMD,EO,FC5,24349.75,6715.355,6802.551,2688.643,1828.436
25,nonMD,EO,FC1,5594.701,2105.895,2467.746,1158.765,468.954
25,nonMD,EO,FC2,12437.37,4425.356,4281.876,2008.734,985.209
25,nonMD,EO,FC6,20592.35,6695.189,6004.454,2556.831,885.1788
25,nonMD,EO,T7,80836.28,22785.51,20666.06,8509.009,7593.461
25,nonMD,EO,C3,10178.49,3662.034,4018.64,1924.964,634.7994
25,nonMD,EO,Cz,23149.94,7249.167,5952.467,2685.661,1878.644
25,nonMD,EO,C4,28936.52,11065.24,10177.69,5254.209,1783.987
25,nonMD,EO,T8,24613.6,7456.604,6132.561,2455.945,1198.365
25,nonMD,EO,CP5,17936.37,5608.831,5747.067,2575.715,1588.173
25,nonMD,EO,CP1,22050.57,7370.852,6528.995,2631.96,1228.325
25,nonMD,EO,CP2,22805.77,7413.141,6718.601,2588.795,1590.426
25,nonMD,EO,CP6,14714.01,5497.484,5397.064,2812.215,933.6753
25,nonMD,EO,P7,11080.24,5201.811,5321.576,2075.54,714.1542
25,nonMD,EO,P3,30610.21,9946.084,9252.239,3338.803,1625.834
25,nonMD,EO,Pz,59532.31,19080.45,20834.62,5788.891,2771.937
25,nonMD,EO,P4,23811.08,7104.417,8583.301,3366.688,1431.848
25,nonMD,EO,P8,24743.26,10418.59,12808.66,5338.775,1413.932
25,nonMD,EO,PO3,25920.38,7678.554,6568.178,2692.258,1563.132
25,nonMD,EO,PO4,92405.87,29131.62,41033.59,15795.4,3966.225
25,nonMD,EO,O1,16392.15,4784.133,4225.17,1674.617,948.785
25,nonMD,EO,O2,34691.98,11723.04,14698.61,6000.8,1786.958
25,nonMD,EO,AF7,26695.79,7790.287,6748.02,3115.317,2089.342
25,nonMD,EO,AF8,28981.85,7621.09,5679.582,2167.913,1702.115
25,nonMD,EO,F5,18525.26,5283.007,5123.437,2198.066,1555.303
25,nonMD,EO,F1,4058.103,1371.642,1772.71,812.0923,231.985
25,nonMD,EO,F2,4951.99,1741.849,2073.071,910.1342,344.9839
25,nonMD,EO,F6,16754.95,4946.144,4253.746,1773.884,860.9958
25,nonMD,EO,FT7,56003.82,15377.89,13755.23,5621.831,4967.104
25,nonMD,EO,FC3,5643.924,1952.215,2353.793,1092.756,369.3407
25,nonMD,EO,FCz,10684.56,3531.095,3265.616,1562.297,993.8625
25,nonMD,EO,FC4,14189.67,5391.617,5275.928,2524.132,851.768
25,nonMD,EO,FT8,28123.69,7989.673,6395.159,2534.083,1350.182
25,nonMD,EO,C5,22709.28,6716.114,6799.935,2946.476,2049.097
25,nonMD,EO,C1,21384.63,6743.606,5877.591,2805.891,1336.356
25,nonMD,EO,C2,23459.84,7946.597,6998.68,3332.306,1840.489
25,nonMD,EO,C6,19113.54,6905.141,6100.582,3020.473,948.0462
25,nonMD,EO,TP7,36621.57,11110.13,10647.24,4205.162,3166.783
25,nonMD,EO,CP3,13741.71,4850.323,4641.759,2220.612,845.9059
25,nonMD,EO,CPz,30347.32,9770.182,8789.793,3080.169,1838.729
25,nonMD,EO,CP4,18938.36,6707.646,6282.215,3042.915,1387.365
25,nonMD,EO,TP8,15149.6,5604.715,5443.664,2218.775,794.4459
25,nonMD,EO,P5,19726.61,7008.244,6332.258,3188.578,1370.908
25,nonMD,EO,P1,31844.46,10381.2,9766.102,3485.932,1733.159
25,nonMD,EO,P2,40975.49,12076.86,13593.71,4111.396,2041.154
25,nonMD,EO,P6,26110.46,9105.4,11698.3,5154.131,1420.291
25,nonMD,EO,PO7,12833.53,4929.029,4485.282,1918.841,899.8906
25,nonMD,EO,POz,62982.34,18981.68,24619,6923.166,2540.114
25,nonMD,EO,PO8,50090.89,19535.63,24062.27,9908.55,2608.658
25,nonMD,EO,Oz,22965.44,6947.049,7449.61,2986.396,1390.21
25,nonMD,EO,P9,14469.16,6660.522,6724.204,2523.644,1109.803
25,nonMD,EO,P10,14529.64,6488.211,7225.387,2906.574,935.3055
25,nonMD,EO,TP9,5576.817,1928.268,2085.882,713.2076,334.7653
26,nonMD,EC,AFz,7295.887,3673.656,9724.458,1199.819,650.8639
26,nonMD,EC,Fp1,7710.023,3203.348,11376.16,1577.702,1158.629
26,nonMD,EC,Fp2,16075.06,5699.772,13291.53,2468.944,1898.969
26,nonMD,EC,AF3,9492.625,3810.4,12376.09,1568.081,1009.613
26,nonMD,EC,AF4,5060.593,3177.136,9988.368,1154.972,727.3505
26,nonMD,EC,F7,6460.688,2840.542,5925.516,912.3173,451.1685
26,nonMD,EC,F3,4678.431,2417.247,4237.767,623.4577,308.1115
26,nonMD,EC,Fz,15554.87,8572.36,12755.75,1909.05,1077.636
26,nonMD,EC,F4,5949.329,3824.395,10909.03,1264.686,775.0247
26,nonMD,EC,F8,3150.341,1282.2,3795.598,605.5876,442.6717
26,nonMD,EC,FC5,4057.236,1838.094,2069.611,561.7671,279.7354
26,nonMD,EC,FC1,21435.14,10068.62,10293.51,2258.543,1234.55
26,nonMD,EC,FC2,4854.464,3216.554,8696.806,1030.184,632.6608
26,nonMD,EC,FC6,5510.897,2576.376,6815.546,1146.749,778.5452
26,nonMD,EC,T7,6638.746,3082.502,3722.045,939.0694,427.735
26,nonMD,EC,C3,11497.97,4409.903,5598.585,1485.04,1023.957
26,nonMD,EC,Cz,6217.15,3108.541,5245.82,817.1695,390.2041
26,nonMD,EC,C4,6920.411,3776.387,10020.15,1598.256,1033.683
26,nonMD,EC,T8,7923.119,3031.693,4566.064,1103.863,773.2079
26,nonMD,EC,CP5,7972.951,3926.942,10623.23,1736.693,1162.969
26,nonMD,EC,CP1,5063.924,2772.178,5339.889,1036.57,605.2681
26,nonMD,EC,CP2,1949.266,716.7533,935.8432,243.1618,177.0719
26,nonMD,EC,CP6,14079.61,6469.523,8097.642,2133.387,1128.179
26,nonMD,EC,P7,8238.021,4637.863,12161.32,1926.341,1233.017
26,nonMD,EC,P3,9772.166,5770.108,17383.05,2432.46,1594.452
26,nonMD,EC,Pz,4946.782,3238.891,8115.178,966.9894,583.0541
26,nonMD,EC,P4,17006.99,7775.39,9101.965,2205.383,1007.867
26,nonMD,EC,P8,27895.15,12754.56,17632.8,3702.431,1628.432
26,nonMD,EC,PO3,12598.24,7366.806,18574.83,2955.441,1857.83
26,nonMD,EC,PO4,44025.92,19982.23,42755.51,6320.713,3112.781
26,nonMD,EC,O1,9207.167,4743.95,17688.79,2167.111,1488.587
26,nonMD,EC,O2,26505.41,12494.59,34155.88,4301.007,2367.253
26,nonMD,EC,AF7,9580.641,3299.548,9861.031,1395.203,997.5096
26,nonMD,EC,AF8,10020.55,3652.484,8620.629,1594.421,1206.406
26,nonMD,EC,F5,4447.948,2185.923,3879.373,599.7721,282.5709
26,nonMD,EC,F1,17283.16,8808.079,14207.31,2211.949,1085.689
26,nonMD,EC,F2,8955.915,5466.139,11349.8,1419.373,815.1349
26,nonMD,EC,F6,4130.186,2609.679,8369.462,987.3431,632.2134
26,nonMD,EC,FT7,11549.49,4206.611,11296.29,1925.9,1469.153
26,nonMD,EC,FC3,12894.3,5826.021,5892.421,1464.195,749.7356
26,nonMD,EC,FCz,11497.47,6205.938,10727.41,1524.554,794.4213
26,nonMD,EC,FC4,5244.443,3535.77,9419.126,1137.792,703.509
26,nonMD,EC,FT8,5132.168,2011.867,1799.974,558.9859,375.8477
26,nonMD,EC,C5,13873.49,5834.625,6479.623,1831.804,1080.804
26,nonMD,EC,C1,10500.55,4582.316,4280.818,1189.979,647.1473
26,nonMD,EC,C2,3257.515,2051.051,6294.667,725.1311,452.0338
26,nonMD,EC,C6,5227.505,2117.445,3602.348,813.6555,548.2041
26,nonMD,EC,TP7,3215.344,2055.085,4286.274,700.8149,418.1516
26,nonMD,EC,CP3,10908.88,5136.595,12538.29,2219.95,1475.403
26,nonMD,EC,CPz,1503.999,648.4651,860.1602,195.3217,97.09911
26,nonMD,EC,CP4,7187.171,3072.458,5393.567,1192.265,772.6523
26,nonMD,EC,TP8,17606.47,7887.194,8444.014,2283.499,1131.297
26,nonMD,EC,P5,9421.368,5175.395,16140.48,2289.358,1534.024
26,nonMD,EC,P1,8448.407,5795.428,13620.95,1865.527,1151.321
26,nonMD,EC,P2,7303.895,3437.337,5057.609,942.71,423.5298
26,nonMD,EC,P6,28531.19,13169.78,16372,4003.884,1810.48
26,nonMD,EC,PO7,9763.109,4374.063,12001.34,1988.699,1382.899
26,nonMD,EC,POz,22810.26,13270.05,27054.05,3439.786,1898.474
26,nonMD,EC,PO8,41793.62,19622.06,37446.91,5810.986,2728.28
26,nonMD,EC,Oz,13210.4,7749.622,24673.7,2800.108,1726.964
26,nonMD,EC,P9,6958.49,3164.517,6456.078,1290.449,833.2227
26,nonMD,EC,P10,9321.928,4400.363,6184.513,1181.033,535.012
26,nonMD,EC,TP9,4530.055,2062.051,3027.312,736.7741,427.1828
26,nonMD,EO,AFz,32729.2,17781.78,12323.84,4509.031,3862.548
26,nonMD,EO,Fp1,20777.99,11737.28,7877.481,3361.055,2846.403
26,nonMD,EO,Fp2,50156.84,25906.42,17636.26,7554.36,6684.24
26,nonMD,EO,AF3,30567.85,14471.63,8549.033,3498.683,2536.69
26,nonMD,EO,AF4,20937.05,9112.899,8543.34,2506.843,2128.083
26,nonMD,EO,F7,20007.9,8346.104,7898.527,2095.848,1255.23
26,nonMD,EO,F3,11665.02,5366.271,3553.571,1628.094,1549.458
26,nonMD,EO,Fz,21971.12,10599.47,9501.495,3069.268,2841.333
26,nonMD,EO,F4,16796.83,7456.099,5873.231,1898.532,1568.483
26,nonMD,EO,F8,22819.06,9603.476,10967.99,3398.307,2598.323
26,nonMD,EO,FC5,21410.72,9622.953,10755.57,2490.315,1325.25
26,nonMD,EO,FC1,12628.91,5211.92,6060.31,2221.727,2043.001
26,nonMD,EO,FC2,13805.97,5938.805,4934.519,1242.202,667.7623
26,nonMD,EO,FC6,27938.27,11607.01,12718.51,4466.819,3597.974
26,nonMD,EO,T7,39021.49,16901.29,19337.88,4646.219,2530.468
26,nonMD,EO,C3,21636.7,8293.359,7402.379,4258.527,4364.556
26,nonMD,EO,Cz,17641.14,9004.854,12693.4,2810.88,1452.478
26,nonMD,EO,C4,22229.63,8794.066,9554.457,2802.789,1677.833
26,nonMD,EO,T8,37468.11,19165.35,18593.29,6243.232,4514.6
26,nonMD,EO,CP5,39273.95,15565.36,18968.66,5026.506,3494.999
26,nonMD,EO,CP1,7301.518,4074.751,6290.217,1682.672,1181.456
26,nonMD,EO,CP2,22757.91,10637.28,14144.71,2744.175,1284.808
26,nonMD,EO,CP6,22864.87,10886.59,15677.4,4273.312,3078.2
26,nonMD,EO,P7,40634.09,17755.48,28857.33,5137.575,2659.713
26,nonMD,EO,P3,25304.94,11856.48,17992.03,4079.09,2552.122
26,nonMD,EO,Pz,24496.17,13302.14,21259.73,3810.121,2024.732
26,nonMD,EO,P4,33962.36,14294.07,15684.48,3546.833,2059.763
26,nonMD,EO,P8,35195.79,18295.72,24729.06,7376.244,5749.34
26,nonMD,EO,PO3,41655.23,17713.39,35317.72,7362.462,5557.462
26,nonMD,EO,PO4,45229.43,20628.12,26000.38,6199.372,4287.662
26,nonMD,EO,O1,24029.29,10762.52,17358.45,3400.329,2342.203
26,nonMD,EO,O2,29125.83,12457.77,13884.82,4633.349,4117.249
26,nonMD,EO,AF7,26759.37,11197.6,10128.44,3388.657,2293.029
26,nonMD,EO,AF8,46077.55,18901.45,23963.07,6519.981,4514.106
26,nonMD,EO,F5,11464.59,5310.748,3485.075,1478.292,1307.236
26,nonMD,EO,F1,41520.57,17057.24,11368.13,4743.228,4409.028
26,nonMD,EO,F2,18048.04,8136.289,7274.312,2150.92,1802.211
26,nonMD,EO,F6,13695.02,5627.407,4867.508,1443.188,1095.407
26,nonMD,EO,FT7,25264.15,10118.89,11090.12,2989.534,2292.729
26,nonMD,EO,FC3,15530.93,5827.265,4912.163,2682.516,2797.115
26,nonMD,EO,FCz,30554.35,12648.74,14858,4013.466,2736.264
26,nonMD,EO,FC4,12271.81,5148.375,4174.976,1059.749,544.5201
26,nonMD,EO,FT8,24552.33,9900.806,10686.8,2908.098,2250.838
26,nonMD,EO,C5,31625.14,11073.05,11887.72,3820.196,3203.016
26,nonMD,EO,C1,9299.367,4371.805,6264.903,2017.86,1657.285
26,nonMD,EO,C2,16225.97,7826.528,8451.956,2179.357,1240.837
26,nonMD,EO,C6,16255.14,8385.995,13288.06,3479.418,2451.792
26,nonMD,EO,TP7,39376.06,16558.2,20790.79,3816.228,1713.978
26,nonMD,EO,CP3,18589.85,8073.796,9199.823,3712.764,3225.486
26,nonMD,EO,CPz,20319.83,10472.31,14231.42,2658.876,1185.184
26,nonMD,EO,CP4,22895.62,10461.43,10306.2,2734.973,1527.06
26,nonMD,EO,TP8,38224.09,23334.36,39091.84,8418.326,5339.393
26,nonMD,EO,P5,31921.03,14062.98,20754.49,4774.35,3162.467
26,nonMD,EO,P1,16966.43,9643.112,16856.59,3247.246,1849.53
26,nonMD,EO,P2,24666.65,11529.71,14794.45,2954.861,1626.593
26,nonMD,EO,P6,30858.32,14816.66,17267.1,4691.74,3302.521
26,nonMD,EO,PO7,37530.46,15820.34,27089.06,5302.179,3481.421
26,nonMD,EO,POz,40448.29,22294.27,34887.59,7427.164,4730.862
26,nonMD,EO,PO8,53290.64,23137.4,34010.5,10379.35,8371.272
26,nonMD,EO,Oz,18700.82,10110.96,12629.97,3153.779,2502.407
26,nonMD,EO,P9,54169.82,25199.26,37548.07,6865.8,2790.024
26,nonMD,EO,P10,36082.18,15613.42,14238.06,6797.392,5860.409
26,nonMD,EO,TP9,23378.96,10596.61,14744.9,2763.633,1119.747
27,MD,EC,AFz,56661.39,18187.42,297410,10208.76,1973.952
27,MD,EC,Fp1,84009.02,22205.3,345000.5,11320.19,2661.349
27,MD,EC,Fp2,81702.19,22577.3,366544.1,12216.4,2922.806
27,MD,EC,AF3,58481.36,17744.43,290079.4,9498.34,1958.876
27,MD,EC,AF4,53219.38,16229.16,289097.7,9286.353,1791.298
27,MD,EC,F7,61474.25,16330.06,218363.7,7337.409,2000.051
27,MD,EC,F3,45611.15,13912.22,227872.9,7410.592,1602.429
27,MD,EC,Fz,46349.43,15470.81,232973.4,8723.481,1650.461
27,MD,EC,F4,36831.75,12383.4,224739.6,7750.853,1441.755
27,MD,EC,F8,55465.7,15041.39,218880.5,8341.466,2920.794
27,MD,EC,FC5,31622.15,9414.833,142959.5,4998.973,1556.869
27,MD,EC,FC1,25098.25,8679.92,129710.2,4542.832,833.0069
27,MD,EC,FC2,27147.71,10424.26,153435.2,6356.779,1354.806
27,MD,EC,FC6,22143.13,8286.396,139742.2,6464.51,2174.39
27,MD,EC,T7,23084.16,8680.364,97492.03,5135.379,1234.28
27,MD,EC,C3,19229,8683.446,95316.22,5497.418,1322.345
27,MD,EC,Cz,18988.12,7655.477,61038.52,3403.676,710.4193
27,MD,EC,C4,16104.26,8449.258,94081.86,5998.153,2075.842
27,MD,EC,T8,21101.98,8778.649,74121.3,5074.887,1237.704
27,MD,EC,CP5,22646.38,13135.61,115324.2,10045.09,2215.208
27,MD,EC,CP1,21869.75,8653.357,42853.14,4537.234,1024.7
27,MD,EC,CP2,28171.2,9655.158,43504.68,3844.055,1133.633
27,MD,EC,CP6,32645.18,16668.39,140568.8,9098.486,2689.26
27,MD,EC,P7,74665.16,31974.64,350057.9,23829.99,4170.868
27,MD,EC,P3,60418.5,21141.42,277504.2,14475.73,2869.324
27,MD,EC,Pz,57909.23,16435.58,169235.8,7538.163,1794.86
27,MD,EC,P4,73625.64,23105,330553.6,11977.84,2431.378
27,MD,EC,P8,156147.1,55243.98,760220.6,29864.25,5583.034
27,MD,EC,PO3,81291.59,26568.72,382364.8,17760.72,3439.724
27,MD,EC,PO4,221310.3,62114.71,1234369,37552.45,6511.737
27,MD,EC,O1,168997.5,59312.2,1059721,40963.42,7257.816
27,MD,EC,O2,233234,71009.48,1365487,44850.29,7993.732
27,MD,EC,AF7,73797.2,19955.63,299207.6,9952.318,2747.86
27,MD,EC,AF8,73558.77,19554.2,300825,10228.54,2367.24
27,MD,EC,F5,50412.88,14248.73,218131.5,7109.997,1771.929
27,MD,EC,F1,44640.91,14828.91,220053,8060.366,1598.714
27,MD,EC,F2,41223.61,14085.7,233334.8,8304.742,1499.393
27,MD,EC,F6,42629.95,12937.28,229639.1,7690.001,1596.79
27,MD,EC,FT7,40842.55,12068.97,154934.5,5802.048,1832.338
27,MD,EC,FC3,29787.18,9365.391,140890.4,4741.689,1104.665
27,MD,EC,FCz,27813.55,10454.4,150298.5,5796.428,1044.509
27,MD,EC,FC4,21049.86,8362.789,142118.7,6075.51,1656.133
27,MD,EC,FT8,57507.8,15774.96,132164.7,9014.678,5699.144
27,MD,EC,C5,23324.51,10598.43,119776.2,7095.762,1908.385
27,MD,EC,C1,15378.28,5948.297,63681.48,2913.915,606.5358
27,MD,EC,C2,16151.86,7574.614,72403.55,4487.807,1241.445
27,MD,EC,C6,20617.8,11306.38,113269.6,7990.53,3385.257
27,MD,EC,TP7,25052.65,13068.03,99765.78,8990.246,1974.959
27,MD,EC,CP3,20292.61,10532.61,83254.95,7524.251,1566.939
27,MD,EC,CPz,22929.97,8203.909,35836.09,3308.707,872.6693
27,MD,EC,CP4,26874.94,13712.54,115504.6,7658.873,2203.434
27,MD,EC,TP8,35253.85,17306.5,132691.9,9052.415,2527.87
27,MD,EC,P5,60644.74,21373.79,275675.3,14629.17,2932.51
27,MD,EC,P1,51937.64,15353.96,143130.1,7617.106,1754.269
27,MD,EC,P2,41479.34,11631.95,172562.4,6215.599,1384.872
27,MD,EC,P6,98818.91,34332.71,527169.6,19067.45,3507.718
27,MD,EC,PO7,170121.2,62136.49,980106.2,46118.35,7779.156
27,MD,EC,POz,137319.7,37176.27,622167.8,20804.64,4299.51
27,MD,EC,PO8,264744.4,85138.13,1504247,49971.11,8703.306
27,MD,EC,Oz,163943.1,50767.18,977124.7,32304.72,6021.466
27,MD,EC,P9,72956.2,30389.01,274694.8,19885.19,3290.894
27,MD,EC,P10,75511.53,29741.13,234818.8,13933.44,4133.825
27,MD,EC,TP9,18751.89,9060.416,69375.74,6638.285,1270.404
27,MD,EO,AFz,21092.2,9911.462,24480.01,4273.255,1297.585
27,MD,EO,Fp1,16871.05,8323.838,22029.91,3253.913,1158.401
27,MD,EO,Fp2,24554.04,7884.424,24912.04,3845.474,1949.835
27,MD,EO,AF3,15243.73,7347.508,16824.54,2875.188,941.6049
27,MD,EO,AF4,17567.21,6549.789,20654.32,3277.743,1051.868
27,MD,EO,F7,5524.421,2370.061,6700.116,1014.142,358.7787
27,MD,EO,F3,17413.65,7960.631,15097.33,2999.519,981.1951
27,MD,EO,Fz,21549.36,9686.497,19436.64,3918.632,1234.327
27,MD,EO,F4,19375.3,7077.736,19606.55,3474.631,1026.516
27,MD,EO,F8,6492.282,2788.061,12762.47,1775.052,484.0269
27,MD,EO,FC5,9046.048,3700.811,15754.26,1920.759,708.6434
27,MD,EO,FC1,18849.73,8321.517,10934.48,2804.841,1108.874
27,MD,EO,FC2,16210.56,7002.422,14224.18,3147.779,895.8047
27,MD,EO,FC6,9542.68,3875.749,18511.91,2367.456,720.3751
27,MD,EO,T7,9089.929,4552.415,26994.2,3223.779,964.1263
27,MD,EO,C3,15742.45,7135.479,39887.35,4286.158,1324.51
27,MD,EO,Cz,10385.85,4109.313,3989.235,1394.6,501.968
27,MD,EO,C4,13027.6,5508.672,25406.35,3156.958,973.3829
27,MD,EO,T8,14368.37,7140.426,31578.8,3630.486,1273
27,MD,EO,CP5,19166.33,10143.32,63628.09,7517.691,2031.742
27,MD,EO,CP1,8146.958,3733.083,21111.16,2332.172,685.2877
27,MD,EO,CP2,5448.735,1818.379,3248.743,714.4504,346.0828
27,MD,EO,CP6,21653.71,11138.36,53444,5683.886,2016.637
27,MD,EO,P7,22628.61,11187.89,28842.67,5682.628,1763.907
27,MD,EO,P3,13620.52,6647.991,30762.1,4330.938,1157.021
27,MD,EO,Pz,7168.697,2302.765,4949.075,1158.402,423.0594
27,MD,EO,P4,15753.85,7252.185,25605.2,3219.044,1151.391
27,MD,EO,P8,25571.76,10947.73,34729.01,4841.555,1768.913
27,MD,EO,PO3,16264.48,7192.593,26492.13,4196.251,1099.412
27,MD,EO,PO4,24624.53,9005.401,15263.93,3558.057,1290.963
27,MD,EO,O1,40527.48,15566.73,16439.79,5860.935,1744.446
27,MD,EO,O2,37724.98,13083.31,13748.62,4863.582,1630.069
27,MD,EO,AF7,7975.864,3798.354,11586.52,1537.552,496.8011
27,MD,EO,AF8,13235.95,5137.733,18894.26,2769.674,837.722
27,MD,EO,F5,8494.012,4203.673,8642.15,1419.849,582.1019
27,MD,EO,F1,22136.67,10450.26,19571.95,4064.677,1340.904
27,MD,EO,F2,22199.07,9539.623,19845.42,4041.17,1208.235
27,MD,EO,F6,13243.46,4563.969,17375.52,2584.025,868.3289
27,MD,EO,FT7,6450.891,2768.063,13313.58,1491.868,524.4021
27,MD,EO,FC3,14684.51,5950.65,11677.6,2190.733,885.5772
27,MD,EO,FCz,20067.76,8807.229,14540.86,3361.934,1068.733
27,MD,EO,FC4,13226.71,4714.419,15524.17,2532.206,708.6562
27,MD,EO,FT8,18112.21,6395.98,19007.75,2880.01,1292.997
27,MD,EO,C5,17339.15,7896.172,48923.17,5301.368,1579.602
27,MD,EO,C1,12153.93,5317.289,13064.3,1906.018,808.0386
27,MD,EO,C2,12006.61,4466.003,9092.284,2006.797,660.7609
27,MD,EO,C6,17652.57,9028.85,46091.02,5268.139,1876.919
27,MD,EO,TP7,15529.58,8340.466,36740.22,5387.037,1611.87
27,MD,EO,CP3,16134.87,7735.361,51432.66,5475.062,1503.735
27,MD,EO,CPz,3440.316,1251.675,2416.838,502.0493,266.1419
27,MD,EO,CP4,17774,8989.578,43345.8,4526.59,1507.219
27,MD,EO,TP8,19493.27,9768.54,40599.21,4402.338,1559.059
27,MD,EO,P5,13492.65,6765.844,31399.49,4444.539,1216.435
27,MD,EO,P1,5531.078,2512.569,12774.21,1702.714,438.6158
27,MD,EO,P2,10161.95,4066.057,10194.02,1833.335,602.8769
27,MD,EO,P6,69647.07,25919.27,49426.8,8558.074,3989.038
27,MD,EO,PO7,23572.93,10585.62,21858.08,4878.208,1463.755
27,MD,EO,POz,15758.59,6036.272,9090.337,2624.854,764.4767
27,MD,EO,PO8,28779.7,11344.17,20293.58,4002.923,1497.219
27,MD,EO,Oz,40051.88,15008.19,13099.25,5339.929,1628.899
27,MD,EO,P9,37454.03,18087.37,19730.73,7149.229,2141.167
27,MD,EO,P10,15319.54,6405.987,14370.99,2457.413,879.1118
27,MD,EO,TP9,11336.49,5566.899,15328.96,2943.017,889.4
28,nonMD,EC,AFz,81223.59,22730.7,178349.9,7928.281,1865.098
28,nonMD,EC,Fp1,58765.09,13739.29,149193.9,7575.251,2509.758
28,nonMD,EC,Fp2,55134.09,13378.53,178056.8,7480.055,2220.548
28,nonMD,EC,AF3,45413.35,10560.51,140675.8,5853.286,1354.118
28,nonMD,EC,AF4,52633.96,14691.92,165694.3,6602.476,1596.545
28,nonMD,EC,F7,46471.82,11107,90715.23,6583.013,2945.644
28,nonMD,EC,F3,33701.47,7575.158,107589.6,4103.735,859.0204
28,nonMD,EC,Fz,87363.8,25595.75,187125.4,7836.298,1616.772
28,nonMD,EC,F4,65181.5,20342.13,166699,7682.971,2235.667
28,nonMD,EC,F8,36171.42,9306.495,109312.7,5392.856,1827.481
28,nonMD,EC,FC5,19764.96,4670.952,56055.45,2979.103,904.036
28,nonMD,EC,FC1,29231.36,8593.253,93018.5,3397.508,823.0847
28,nonMD,EC,FC2,66144.04,21918.59,149665.4,6797.159,2388.953
28,nonMD,EC,FC6,39879.33,12533.04,89121.19,5418.772,2037.108
28,nonMD,EC,T7,21009.43,7243.854,26621.84,3383.763,1555.804
28,nonMD,EC,C3,14030.7,5356.158,28774.21,2252.838,588.6758
28,nonMD,EC,Cz,40035.22,14506.8,66306.08,4143.367,1749.487
28,nonMD,EC,C4,34827.17,13077.89,63069.5,4882.937,1696.669
28,nonMD,EC,T8,57416.3,16984.27,48685.56,5988.069,2221.912
28,nonMD,EC,CP5,23330.94,8912.933,80935.09,4928.843,1574.153
28,nonMD,EC,CP1,34480.37,12223.96,73461.85,5267.179,1220.49
28,nonMD,EC,CP2,47478.07,15036.66,93413.55,7587.511,1608.996
28,nonMD,EC,CP6,49924.05,15546.82,100632.5,8450.337,2436.151
28,nonMD,EC,P7,89206.84,30601.61,256270.6,16492.14,8783.886
28,nonMD,EC,P3,88608.27,25960.4,446605.4,20045.46,4165.983
28,nonMD,EC,Pz,66326.47,18985.85,168950.2,9229.695,1839.637
28,nonMD,EC,P4,69516.81,18452.47,293249.6,15968.44,3088.134
28,nonMD,EC,P8,93706.43,28219.46,454838.4,21243.11,4284.788
28,nonMD,EC,PO3,110155.9,29539.23,584046.2,23603.86,5526.725
28,nonMD,EC,PO4,101927.4,25903.23,556142.9,24601.7,4689.475
28,nonMD,EC,O1,48796.02,14432.04,188271.4,8466.899,3040.339
28,nonMD,EC,O2,43998.59,11228.01,185723.9,8504.724,2084.895
28,nonMD,EC,AF7,68642.66,17352.71,135065.6,9378.144,3956.247
28,nonMD,EC,AF8,47332.39,11840.52,147310.4,7475.63,3145.252
28,nonMD,EC,F5,37628.98,8361.829,99366.24,5230.18,1679.63
28,nonMD,EC,F1,53961.46,14781.36,140767.5,5330.893,1293.739
28,nonMD,EC,F2,90613.88,27887.87,200687.7,8441.053,1945.594
28,nonMD,EC,F6,50748.65,14999.14,144588.8,6780.455,2106.111
28,nonMD,EC,FT7,34066.79,9400.645,57345,4943.846,2070.692
28,nonMD,EC,FC3,16187.75,4272.595,52969.34,2168.018,461.6954
28,nonMD,EC,FCz,57660.16,18562.31,146033.2,5999.649,1976.009
28,nonMD,EC,FC4,36067.59,11516.5,105370.8,4563.728,1575.671
28,nonMD,EC,FT8,37832.45,10538.9,66535.29,4861.886,1817.373
28,nonMD,EC,C5,15483.75,5448.123,28371.7,2929.542,1170.618
28,nonMD,EC,C1,27092.67,9872.191,45166.59,2932.17,993.8184
28,nonMD,EC,C2,39885.02,14658.64,69651.72,4627.999,1890.358
28,nonMD,EC,C6,20391.74,6867.546,42161.58,3250.003,1053.443
28,nonMD,EC,TP7,44141.75,16975.05,70370.24,7377.239,3846.346
28,nonMD,EC,CP3,29892.96,11356.5,88460.09,5343.983,1094.996
28,nonMD,EC,CPz,41800.39,13849.54,58509.09,5002.954,1292.758
28,nonMD,EC,CP4,43301.43,14634.91,90317.13,7774.325,1880.351
28,nonMD,EC,TP8,37124.67,12488.09,85444.16,5558.073,1437.319
28,nonMD,EC,P5,96059.12,28971.93,511573.8,21972.56,5860.463
28,nonMD,EC,P1,96991.34,27882.77,369137.8,18493.23,3674.113
28,nonMD,EC,P2,80529.04,21657.09,230955.7,13189.91,2572.279
28,nonMD,EC,P6,83476.02,23195.29,449447.2,21271.12,3572.474
28,nonMD,EC,PO7,106579.5,33675.49,402838,20547.46,9276.793
28,nonMD,EC,POz,45991.47,11723.79,178102.9,7532.552,1542.186
28,nonMD,EC,PO8,92922.52,25865.21,493072.4,23145.92,5043.298
28,nonMD,EC,Oz,31008.42,8063.019,128811,5032.464,1150.283
28,nonMD,EC,P9,35789.68,12769.96,77396.01,6511.527,3396.315
28,nonMD,EC,P10,71819.2,25301.08,121290.9,8853.939,3397.392
28,nonMD,EC,TP9,18501.92,6447.309,35874.09,3554.254,1972.47
28,nonMD,EO,AFz,44500.02,13603.9,38937.93,3791.803,2194.102
28,nonMD,EO,Fp1,31028.56,9740.089,36271.87,3059.304,1821.236
28,nonMD,EO,Fp2,29238.09,9015.245,25326.51,2475.219,1444.077
28,nonMD,EO,AF3,39483.68,12186.11,36945.91,3487.228,2085.8
28,nonMD,EO,AF4,34944.89,10474.74,27539.87,2847.877,1591.83
28,nonMD,EO,F7,23054.68,7433.688,27328.52,2370.231,1539.793
28,nonMD,EO,F3,21847.24,6776.351,22009.58,2040.332,1281.89
28,nonMD,EO,Fz,49541.7,14901.82,35601.79,3898.312,2196.924
28,nonMD,EO,F4,37321.07,11170.78,26670.26,2937.159,1644.932
28,nonMD,EO,F8,11627.13,3616.085,11495.45,1048.976,620.4465
28,nonMD,EO,FC5,16891.53,5047.426,12260.51,1441.631,995.7612
28,nonMD,EO,FC1,13465.58,4181.224,18541.32,1551.325,916.7745
28,nonMD,EO,FC2,24696.03,7424.242,21760.44,2118.566,1189.202
28,nonMD,EO,FC6,16998.22,5017.042,10596.23,1280.894,698.9869
28,nonMD,EO,T7,8426.528,2521.965,3794.529,733.5427,467.8241
28,nonMD,EO,C3,4236.464,1348.338,4506.678,603.3037,343.8358
28,nonMD,EO,Cz,11919.62,3074.354,8884.419,1065.81,558.9919
28,nonMD,EO,C4,11626.72,3361.546,7703.787,981.0162,534.6863
28,nonMD,EO,T8,8192.329,3159.646,12059.08,1456.645,834.0874
28,nonMD,EO,CP5,10526.7,3530.517,10022.92,1471.529,803.9965
28,nonMD,EO,CP1,18647,5836.687,10308.21,1874.178,1011.648
28,nonMD,EO,CP2,19832.12,5469.337,8528.527,1430.531,939.462
28,nonMD,EO,CP6,21811.06,6561.918,20097.16,2548.002,1572.221
28,nonMD,EO,P7,40061.3,11903.18,24073.54,3695.429,2041.34
28,nonMD,EO,P3,47459.68,17341.67,61891.64,6567.753,3763.782
28,nonMD,EO,Pz,54978.08,17374.57,42316.49,4724.05,2851.472
28,nonMD,EO,P4,44520.97,14374.91,73111.16,6894.55,3992.708
28,nonMD,EO,P8,62217.64,20148.51,96317.44,9591.929,5406.299
28,nonMD,EO,PO3,63284.56,22196.53,78702.37,7665.24,4467.192
28,nonMD,EO,PO4,91097.7,29110.71,151317.1,13761.99,8038.7
28,nonMD,EO,O1,30983.08,10272.39,31761.27,3150.114,1816.312
28,nonMD,EO,O2,39079.56,12017.55,61575.86,5827.169,3208.356
28,nonMD,EO,AF7,36557.16,11238.68,30925.65,3179.843,2072.459
28,nonMD,EO,AF8,20849.78,6408.641,23050.04,1989.448,1145.693
28,nonMD,EO,F5,33511.47,10034.82,22193.55,2657.982,1743.025
28,nonMD,EO,F1,48015.07,14651.92,37395.15,3899.304,2312.378
28,nonMD,EO,F2,22240.3,6851.375,29779.46,2726.551,1544.252
28,nonMD,EO,F6,26874.68,8130.338,21189.56,2182.484,1232.297
28,nonMD,EO,FT7,16614.41,5158.823,11935.57,1471.515,1057.559
28,nonMD,EO,FC3,9429.951,2865.942,9186.771,913.4518,581.1717
28,nonMD,EO,FCz,19411.63,5905.017,22822.75,1941.96,1108.632
28,nonMD,EO,FC4,18496.66,5374.88,14480.39,1512.081,827.9404
28,nonMD,EO,FT8,8537.902,2683.149,8654.178,799.1846,451.1767
28,nonMD,EO,C5,3342.382,1019.354,1968.531,314.8016,196.6819
28,nonMD,EO,C1,6391.554,1829.37,8409.188,897.6031,475.0624
28,nonMD,EO,C2,16320.42,4185.774,8664.656,1180.799,637.8716
28,nonMD,EO,C6,7402.856,2199.472,3676.201,705.7758,410.2568
28,nonMD,EO,TP7,21514.18,6403.841,7373.299,1761.604,1027.788
28,nonMD,EO,CP3,11859.67,4175.452,11733.67,1761.12,967.5919
28,nonMD,EO,CPz,19183.97,5341.008,5868.045,1342.142,835.5872
28,nonMD,EO,CP4,9766.473,3099.955,10630.06,1406.692,830.4536
28,nonMD,EO,TP8,15693.35,5424.012,26189.42,2891.57,1620.164
28,nonMD,EO,P5,46775.19,16227.77,52141.49,5904.678,3270.675
28,nonMD,EO,P1,65007.45,22985.79,72240.56,7626.831,4736.14
28,nonMD,EO,P2,48740.59,14950.2,54931.91,5546.906,3560.35
28,nonMD,EO,P6,57659.04,18573.38,105183.8,9793.443,5537.374
28,nonMD,EO,PO7,35837.69,12912.29,47657.04,4698.222,2798.255
28,nonMD,EO,POz,47233.3,15142.97,59885.01,4932.667,3049.285
28,nonMD,EO,PO8,66987.59,21697.67,121523.8,11583.32,6490.99
28,nonMD,EO,Oz,14801.1,4521.37,21361.13,1756.773,1009.776
28,nonMD,EO,P9,22951.19,6444.216,3487.919,1407.996,922.2816
28,nonMD,EO,P10,23531.18,6944.093,20965.71,2819.553,1575.266
28,nonMD,EO,TP9,9923.482,2894.417,2538.498,710.213,421.2819
29,MD,EC,AFz,237311.2,175997,2044654,29698.14,5058.165
29,MD,EC,Fp1,242749.2,170603.6,1795068,24935.66,4593.32
29,MD,EC,Fp2,250039.3,180123.2,1856344,25800.53,4794.656
29,MD,EC,AF3,234791.6,171937.4,1933727,28184.74,4843.933
29,MD,EC,AF4,216971.9,163437.6,1904988,27006.96,4509.542
29,MD,EC,F7,164460.7,127786.1,1344848,19465.65,3192.55
29,MD,EC,F3,238343.8,175131.6,1837875,32011.08,5429.718
29,MD,EC,Fz,258428.5,186766.6,1999806,35488.4,5952.692
29,MD,EC,F4,215925.5,165900.5,1797286,29790.62,4856.703
29,MD,EC,F8,163087,135289.2,1296423,20564.39,3011.488
29,MD,EC,FC5,145765.6,118083.5,1116042,20485.99,3279.398
29,MD,EC,FC1,246916.8,178008.9,1527960,34740.1,5294.11
29,MD,EC,FC2,202785.9,153878.7,1314948,29149.13,4119.625
29,MD,EC,FC6,97166.37,88309.21,778836.2,14757.57,2037.464
29,MD,EC,T7,86668.02,84481.52,458442.5,17121.49,2448.124
29,MD,EC,C3,123919.3,106807,630919.6,24167.21,2610.597
29,MD,EC,Cz,194552.9,153791.4,897185.7,27040.8,2876.766
29,MD,EC,C4,82732.69,88137.26,491738.8,20644.98,2234.844
29,MD,EC,T8,149664.8,134622.6,434123,23753.88,3110.055
29,MD,EC,CP5,87914.34,90748.77,427938.2,21030.42,2854.118
29,MD,EC,CP1,134953.2,129393.6,937326.6,25072.27,2412.089
29,MD,EC,CP2,99758.99,106367.2,924043.1,20916.16,2475.779
29,MD,EC,CP6,174748.3,142795.7,838551.6,32029.9,3838.17
29,MD,EC,P7,374949.2,346556.7,1792352,60564.11,6760.424
29,MD,EC,P3,200001.3,179512.7,1586692,31605.25,4703.321
29,MD,EC,Pz,217493.5,255881.9,2541722,42752.13,4964.75
29,MD,EC,P4,268548.2,265277.1,2333766,50659.56,6176.164
29,MD,EC,P8,1338411,1083067,6656640,191204,16917.89
29,MD,EC,PO3,494754,418259.1,3593400,65028.01,11017.51
29,MD,EC,PO4,675201.2,738430.2,5618121,125804.9,13812.65
29,MD,EC,O1,626907.4,513284.9,4270442,83099.41,11611.95
29,MD,EC,O2,627225.6,620562.2,4497034,101792.6,10112.85
29,MD,EC,AF7,215533,153906.1,1590273,22533.55,4160.249
29,MD,EC,AF8,231891.9,173108.6,1694234,25545.31,4452.404
29,MD,EC,F5,200517,151824.7,1642859,25042.16,4306.149
29,MD,EC,F1,256225.1,186455.1,1938270,35006.61,5901.596
29,MD,EC,F2,234768.4,175935.4,1936608,32910.38,5310.527
29,MD,EC,F6,191191.1,149248.1,1623103,25073.05,3946.882
29,MD,EC,FT7,122837,102986.7,930445.7,17196.53,2584.103
29,MD,EC,FC3,213395.4,156819.5,1346612,30975.71,4951.055
29,MD,EC,FCz,255535.4,186728.6,1648882,36172.34,5356.354
29,MD,EC,FC4,123729.3,110893.9,922038.7,20665.01,2488.717
29,MD,EC,FT8,122252.8,112306.6,630475.2,18336.67,2533.713
29,MD,EC,C5,84710.16,77693.59,538002.9,17664.69,2323.042
29,MD,EC,C1,168822.9,130152.9,793050.9,24145.58,2594.227
29,MD,EC,C2,133117,120054.8,618918.4,21189.98,2065.208
29,MD,EC,C6,65285.75,62414.1,349488.9,15214.92,2092.015
29,MD,EC,TP7,126496.8,130764.8,425839.2,27024.71,3430.104
29,MD,EC,CP3,114302.6,107308.9,669414.9,25469.34,2662.9
29,MD,EC,CPz,153535.5,153646,1127545,28255.68,2720.044
29,MD,EC,CP4,77731.71,73726.02,592358.6,20516.19,2793.697
29,MD,EC,TP8,477910.6,395921.1,1718143,67366.27,6620.303
29,MD,EC,P5,231815,197438.5,1367137,35922.77,5524.336
29,MD,EC,P1,231264.1,241703,2363221,39666.33,5222.37
29,MD,EC,P2,210540.2,234931.5,2364170,40656.73,5374.354
29,MD,EC,P6,552397.6,466518,3424812,89786.9,9290.373
29,MD,EC,PO7,833121,684357.5,4783756,111805,13796.91
29,MD,EC,POz,449444,566180.2,5006598,83116.73,11523.69
29,MD,EC,PO8,1483652,1290611,8715905,231689.6,20532.57
29,MD,EC,Oz,472211.2,458183.5,3667901,70505.87,8863.047
29,MD,EC,P9,545867.7,506652.3,2359760,85773.16,8708.255
29,MD,EC,P10,887038.6,726476.6,3756571,121820.8,10274.87
29,MD,EC,TP9,124426.3,130954.6,419825.8,24144.25,2935.373
29,MD,EO,AFz,121158.3,64240.42,792778.4,19378.81,4828.986
29,MD,EO,Fp1,145388.7,63440.5,698322.2,15717.85,5088.988
29,MD,EO,Fp2,151586.3,76581.16,671489.2,17225.82,4448.468
29,MD,EO,AF3,112887.4,57116.33,751762.8,17626.16,4668.909
29,MD,EO,AF4,129402.9,69003,723502.4,20219.59,5383.206
29,MD,EO,F7,123822.8,56715.85,527572.2,13041.89,3120.439
29,MD,EO,F3,117626.1,62058.95,734304.8,20054.44,5533.348
29,MD,EO,Fz,124924.3,73257.48,787286.1,23329.5,5315.692
29,MD,EO,F4,140304.2,78112.49,696420,24803.58,6514.868
29,MD,EO,F8,129122.1,68631.7,478842.8,13351.61,3504.533
29,MD,EO,FC5,88927.16,45942.33,428019.5,13696.02,3481.439
29,MD,EO,FC1,111092.7,75266.32,622283.5,23007.89,4715.197
29,MD,EO,FC2,101981.2,74593.48,506010.1,21399.47,3758.416
29,MD,EO,FC6,67136.61,41757.45,272447.3,9967.574,2487.195
29,MD,EO,T7,83128.04,52392.71,235846.1,13226.59,2767.785
29,MD,EO,C3,71865.18,50741.72,343422.5,16752.63,2826.388
29,MD,EO,Cz,108788.7,83783.09,448479.5,19586.62,3616.935
29,MD,EO,C4,62209.89,57965.38,370265.9,19819.74,2781.856
29,MD,EO,T8,82750.79,57130.35,231764.3,12929.97,2802.488
29,MD,EO,CP5,58337.93,50306.96,353700.9,15848.34,2527.218
29,MD,EO,CP1,83254.3,59744.38,493730.6,14679.06,2643.452
29,MD,EO,CP2,73704.63,50361.99,479642.3,14265.61,2676.654
29,MD,EO,CP6,78333.7,54191.27,542063.2,20124.45,3653.677
29,MD,EO,P7,119029.5,95825.43,619025.1,26416.58,3855.179
29,MD,EO,P3,98366.08,65755.91,634634.9,17579.48,2968.152
29,MD,EO,Pz,136530.8,79019.74,687078.2,18073.56,4021.552
29,MD,EO,P4,120343.7,76355.19,1011045,24457.97,4310.395
29,MD,EO,P8,357892.8,212003.8,2782882,72667.63,9915.529
29,MD,EO,PO3,190920,123508.5,1311738,34162.91,5328.702
29,MD,EO,PO4,263442.8,174177.6,2318926,49236.54,7957.412
29,MD,EO,O1,232216.9,135528.6,1289151,37034.86,5414.212
29,MD,EO,O2,236488,151169,1671405,40828.01,7009.855
29,MD,EO,AF7,167145.5,65149.78,637517.2,16826.24,7509.507
29,MD,EO,AF8,146481.8,76133.32,620838.3,16252.71,4252.085
29,MD,EO,F5,110042.4,53832.36,630357,16248.71,4480.852
29,MD,EO,F1,124239.3,70793.44,785684.3,22588.13,5381.494
29,MD,EO,F2,130006,75507.29,754869.6,24868.69,6236.756
29,MD,EO,F6,132966.3,71589.29,623974.9,20530.75,5976.874
29,MD,EO,FT7,94566.98,48776.74,371347.1,11714.37,2586.718
29,MD,EO,FC3,115798.9,64341.97,537774.8,20337.64,5136.234
29,MD,EO,FCz,115650.8,83273.91,674047.6,24625.17,4491.188
29,MD,EO,FC4,74310.3,55246.46,333308,16133.18,3213.862
29,MD,EO,FT8,93300.53,58924.68,255298.9,10735.6,2493.814
29,MD,EO,C5,67362.4,42871.68,288833.4,14077.17,2442.517
29,MD,EO,C1,81405.78,58736.28,367892,15090.63,2795.523
29,MD,EO,C2,70710.33,67266.58,345634.9,17063.19,2087.254
29,MD,EO,C6,58053.05,42591.3,252398.7,13702.82,2793.506
29,MD,EO,TP7,75112.23,56762.22,229494.9,15631.96,2978.691
29,MD,EO,CP3,74745.39,58041.62,503202.1,18472.97,2855.675
29,MD,EO,CPz,98395.25,71434.25,566689.3,16310.2,2945.244
29,MD,EO,CP4,57915.55,42885.38,465531.8,17209.87,3087.389
29,MD,EO,TP8,153838.8,100805.2,768511.4,29334.29,5482.821
29,MD,EO,P5,94827.14,72825.54,624123.5,20151.68,2988.176
29,MD,EO,P1,122416.2,73909.58,675905.6,17593.53,3431.625
29,MD,EO,P2,115670.8,70044.39,764553.1,18840.33,3822.565
29,MD,EO,P6,192908.2,117453.4,1618720,40566.4,6582.958
29,MD,EO,PO7,246519,175406.3,1581876,49835.65,6320.382
29,MD,EO,POz,238697,134253.8,1284425,33570.84,6697.71
29,MD,EO,PO8,435538.8,285447.9,3915880,89112.7,12074.17
29,MD,EO,Oz,191115.2,115112.2,1143667,30018.67,5524.991
29,MD,EO,P9,177946.4,118570.6,542898.2,31837.35,5132.824
29,MD,EO,P10,325650.6,188975.2,1294844,51196.06,10663.55
29,MD,EO,TP9,51588.8,36918.01,146925.8,9905.348,1837.524
3,nonMD,EC,AFz,126410.9,31650.42,71663.16,12760.19,4848.46
3,nonMD,EC,Fp1,148845.6,29428.59,61531.21,12121.1,5632.149
3,nonMD,EC,Fp2,138931.8,27730.75,62229.7,11286.1,4445.935
3,nonMD,EC,AF3,112123.1,25454.65,55371.46,10120.83,3877.126
3,nonMD,EC,AF4,114930.8,31912.68,64778.39,11950.73,3965.852
3,nonMD,EC,F7,48321.45,11110.31,23053.55,4221.957,1934.981
3,nonMD,EC,F3,63889.89,17327.96,41361.71,7060.175,2326.082
3,nonMD,EC,Fz,121668.1,42777.13,76050.06,14051.96,4747.941
3,nonMD,EC,F4,98585.7,35816.14,66918.84,12722.98,4485.509
3,nonMD,EC,F8,80484.91,20011.59,40300.5,7126.406,2742.476
3,nonMD,EC,FC5,25132.75,6948.491,20509.59,3442.629,1119.562
3,nonMD,EC,FC1,93303.99,36853.74,60710.57,11555.97,3978.802
3,nonMD,EC,FC2,78550.52,33899.66,57147.15,10657.86,3212.793
3,nonMD,EC,FC6,44664.59,16423.76,34751.6,6713.938,2265.503
3,nonMD,EC,T7,53459.75,20879.24,27412.51,6747.587,2024.333
3,nonMD,EC,C3,43017.82,13732.11,25619.72,4909.147,1801.745
3,nonMD,EC,Cz,90360.5,32533.37,53511.71,9937.219,3301.983
3,nonMD,EC,C4,33721.19,14326.26,22947.34,5524.779,2771.52
3,nonMD,EC,T8,65128.54,17145.21,34039.77,6090.287,2407.673
3,nonMD,EC,CP5,59419.71,23494.13,38046.3,9047.911,2384.157
3,nonMD,EC,CP1,129422.2,31312.98,48009.23,9670.265,2739.679
3,nonMD,EC,CP2,122277.4,28300.22,39620.98,9439.98,3970.055
3,nonMD,EC,CP6,56245.91,22745.37,55187.43,10830.58,3770.839
3,nonMD,EC,P7,78214.54,35944.88,90284.19,18955.79,6171.349
3,nonMD,EC,P3,113531.1,36323.12,109481.4,19258.11,4299.28
3,nonMD,EC,Pz,145845.9,33182.88,66486.95,13307.45,4679.07
3,nonMD,EC,P4,139886.4,37159.66,128527.4,22956.51,6189.238
3,nonMD,EC,P8,78498.49,29769.06,81101.4,15287.02,5180.963
3,nonMD,EC,PO3,103505.5,38139.78,123954.1,21041.52,4988.503
3,nonMD,EC,PO4,129760.4,37843.33,124478.7,21874.04,7143.716
3,nonMD,EC,O1,92476.2,35099.64,91568.19,17565.37,6004.155
3,nonMD,EC,O2,128272,37589.24,123004.3,21608.94,7062.057
3,nonMD,EC,AF7,186144.5,38126.64,65601.12,14206.32,7854.82
3,nonMD,EC,AF8,130243.8,25632.38,61491.87,11087.9,4492.015
3,nonMD,EC,F5,47319.74,10267.1,27420.12,4631.226,1627.859
3,nonMD,EC,F1,104488.6,34357.71,65798.05,11923.01,4092.131
3,nonMD,EC,F2,96965.55,34043.95,67614.82,12212.56,3964.121
3,nonMD,EC,F6,75594.01,21578.38,49280.97,8803.836,2989.527
3,nonMD,EC,FT7,40482.81,13155.43,21212.52,4672.171,1650.731
3,nonMD,EC,FC3,31164.44,9801.826,28181.08,4492.597,1412.085
3,nonMD,EC,FCz,120918.2,50000.79,73716.15,14239.44,5028.85
3,nonMD,EC,FC4,47114.26,20917.14,37093.75,7378.463,2300.889
3,nonMD,EC,FT8,66521.24,17202.33,35046.61,6204.954,2361.229
3,nonMD,EC,C5,39025.61,15355.59,22606.44,5667.324,1874.667
3,nonMD,EC,C1,66191.96,22094.96,40769.22,7331.618,2411.868
3,nonMD,EC,C2,60463.21,23212.5,34338.79,7196.92,2354.421
3,nonMD,EC,C6,33905.48,13410.67,25212.98,5453.278,2332.131
3,nonMD,EC,TP7,68278.84,28643.65,37291.04,9461.128,2747.451
3,nonMD,EC,CP3,68240.3,18368.66,31649.93,6462.364,2052.66
3,nonMD,EC,CPz,143870.6,33205.61,51364.36,11596.94,3937.166
3,nonMD,EC,CP4,62979.06,17301.32,34956.05,8105.527,2506.887
3,nonMD,EC,TP8,54723.09,21980.49,44838.65,9303.013,3689.568
3,nonMD,EC,P5,104672.6,41061.84,132417.8,24155.34,6434.594
3,nonMD,EC,P1,118150.4,33586.92,88669.06,15814.16,4007.537
3,nonMD,EC,P2,169086.6,36541.48,97303.2,18401.83,6023.866
3,nonMD,EC,P6,95603.34,33233.36,103098.4,18663.46,5537.392
3,nonMD,EC,PO7,92247.27,36775.99,106633.6,20303.06,6657.164
3,nonMD,EC,POz,119023.1,35405.87,79497.3,15343.11,5646.17
3,nonMD,EC,PO8,102189.6,31244.74,104625,18679.46,5512.556
3,nonMD,EC,Oz,95229.97,31205.63,71116.78,13941.74,5942.167
3,nonMD,EC,P9,61371.79,26717.5,42539.36,9591.725,3205.804
3,nonMD,EC,P10,61706.23,24487.26,59692.82,11541.67,4030.142
3,nonMD,EC,TP9,66768.23,25833.28,31046.1,7115.598,2353.066
3,nonMD,EO,AFz,124949.7,43085.95,42058.19,12656.4,4433.589
3,nonMD,EO,Fp1,118318.2,37380.14,43808.74,15342.26,7305.354
3,nonMD,EO,Fp2,82788.01,22940.71,24784.94,7462.069,2870.071
3,nonMD,EO,AF3,125430.5,42303.97,43341.57,13208.03,4981.545
3,nonMD,EO,AF4,110469.8,36527.73,36163.84,12134.65,4805.389
3,nonMD,EO,F7,52781.02,15896.55,24333.65,7422.708,3471.25
3,nonMD,EO,F3,94569.49,33443.32,37604.69,11421.03,4987.028
3,nonMD,EO,Fz,115945.2,41822.28,41963.46,12367.02,4512.376
3,nonMD,EO,F4,96240.23,32708.66,33220.82,11437.05,4742.354
3,nonMD,EO,F8,41605.33,12763.09,17628.17,4674.29,2184.133
3,nonMD,EO,FC5,48061.09,15877.2,21385.74,6808.253,3781.907
3,nonMD,EO,FC1,71137.58,27040.57,29481.59,8323.8,3908.017
3,nonMD,EO,FC2,59545.81,21875.59,23816.72,7115.417,3146.443
3,nonMD,EO,FC6,52003.73,16951.07,20878.62,8538.032,5606.367
3,nonMD,EO,T7,56000.4,20009.82,29282.14,8723.429,4202.746
3,nonMD,EO,C3,48080.75,15592.28,20807.08,6752.405,4548.181
3,nonMD,EO,Cz,60855.96,21525,27318.25,7503.331,3948.735
3,nonMD,EO,C4,15347.76,5856.368,7427.817,2713.849,1668.885
3,nonMD,EO,T8,45543.62,14727.45,21001.87,5173.712,2421.392
3,nonMD,EO,CP5,68600.55,24182.52,33454.51,10144.65,4750.328
3,nonMD,EO,CP1,68609.22,20512.44,32726.54,8137.406,3330.285
3,nonMD,EO,CP2,65435.08,19785.95,33744.22,9314.29,2942.429
3,nonMD,EO,CP6,76162.23,29961.58,41668.06,10341.98,4283.686
3,nonMD,EO,P7,74807.76,31943.29,45215.51,17669.69,6950.844
3,nonMD,EO,P3,93203.61,33800.01,48955.54,16150.82,5470.813
3,nonMD,EO,Pz,141150,41655.83,82498.66,21224.84,4261.033
3,nonMD,EO,P4,102884,33872.05,49998.26,15335.47,5970.267
3,nonMD,EO,P8,89562.22,34408.46,46378.57,12738.29,5699.259
3,nonMD,EO,PO3,99013.4,38996.63,48835.96,19683.79,8975.837
3,nonMD,EO,PO4,117634.3,39498.95,55166.24,17258.93,7662.747
3,nonMD,EO,O1,88751.98,35363.02,41896.25,18151.79,9375.887
3,nonMD,EO,O2,116144.1,39172.98,54590.91,17087.01,7667.896
3,nonMD,EO,AF7,66888.52,19864.11,22276.41,7096.36,3341.058
3,nonMD,EO,AF8,79229.62,21313.48,23284.21,7027.955,2696.601
3,nonMD,EO,F5,80645.28,27909.85,33843.2,11456.78,6122.904
3,nonMD,EO,F1,175091.8,60343.21,53949.8,15897.51,6181.994
3,nonMD,EO,F2,96513.16,32866.31,33450,11157.65,4542.205
3,nonMD,EO,F6,72291.75,21851.92,26432.75,11034.55,6216.799
3,nonMD,EO,FT7,40550.8,13839.07,21300.83,5996.428,2672.51
3,nonMD,EO,FC3,48886.85,17607.02,23179.36,6791.361,3522.759
3,nonMD,EO,FCz,152818.2,48370.91,41697.93,12991.53,6022.487
3,nonMD,EO,FC4,30128.23,10889.07,13338.65,4773.175,2340.003
3,nonMD,EO,FT8,43534.98,14062.12,19917.46,5037.248,2367.382
3,nonMD,EO,C5,48019.5,17214.37,24029.11,7741.401,5126.99
3,nonMD,EO,C1,56283.44,19981.1,26273.18,6908.189,3612.547
3,nonMD,EO,C2,31700.76,11595.02,14598.21,4731.279,2442.177
3,nonMD,EO,C6,47248.71,18492.88,26972.58,6468.383,2997.546
3,nonMD,EO,TP7,68153.91,25362.95,37711.59,11968.75,5836.157
3,nonMD,EO,CP3,74073.05,21606.86,31101.83,8614.239,3560.657
3,nonMD,EO,CPz,96893.94,29460.34,49837.34,12607.61,4755.371
3,nonMD,EO,CP4,56461.47,18732.5,23128.07,7389.167,3057.994
3,nonMD,EO,TP8,75945.84,29981.29,43003.19,9714.249,3982.059
3,nonMD,EO,P5,95501.28,40364.38,55241.42,21963.16,7779.987
3,nonMD,EO,P1,101788.1,34808.05,51145.25,16081.63,5564.826
3,nonMD,EO,P2,144717,42473.7,81413.7,21729.6,5378.214
3,nonMD,EO,P6,87748.77,33172.66,43222.4,12623.96,5643.338
3,nonMD,EO,PO7,91995.49,38477.76,48765.41,20561.1,8899.816
3,nonMD,EO,POz,120244.4,39429.21,63181.31,18921.12,7027.02
3,nonMD,EO,PO8,88450.56,31185.65,42112.04,13048.38,5662.135
3,nonMD,EO,Oz,95196.31,32849.51,43869.04,15783.78,9190.804
3,nonMD,EO,P9,57418.57,22592.21,31442.75,10581.31,4175.382
3,nonMD,EO,P10,81778.95,32071.9,44236.58,11000.2,4652.105
3,nonMD,EO,TP9,54663.69,19818.28,27561.62,8405.599,4074.28
30,nonMD,EC,AFz,68623.23,29166.44,163954.7,16206.67,2429.049
30,nonMD,EC,Fp1,97627.35,26924.63,207797.8,15555.47,3136.808
30,nonMD,EC,Fp2,93565.69,26116.34,189168,14155,3244.722
30,nonMD,EC,AF3,67804.92,26378.32,154688.2,14598.29,2219.595
30,nonMD,EC,AF4,51795.45,18292.33,153245.9,11219.76,1724.483
30,nonMD,EC,F7,80137.62,29081.56,127726.6,12334.55,2508.194
30,nonMD,EC,F3,58067.21,24882.12,121701.3,13046.11,2103.809
30,nonMD,EC,Fz,69861.77,34652.41,132942.3,16237.17,2594.16
30,nonMD,EC,F4,42235.75,19560.68,123159.3,10249.89,1570.46
30,nonMD,EC,F8,71457.44,24893.97,137351.3,12899.13,3337.374
30,nonMD,EC,FC5,71011.09,27484.17,89087.01,10694.18,2448.807
30,nonMD,EC,FC1,38105.21,19973.83,70040.16,9695.751,1732.977
30,nonMD,EC,FC2,33501.06,17917.97,82058.69,8864.662,1473.4
30,nonMD,EC,FC6,42082.47,17516.04,108085.8,9909.928,2046.504
30,nonMD,EC,T7,130824.5,51381.5,78806.51,15347.55,4606.604
30,nonMD,EC,C3,40285.2,17283.88,51065.61,9253.835,1684.641
30,nonMD,EC,Cz,40019.93,16977.64,37220.5,7364.893,1857.748
30,nonMD,EC,C4,33177.16,19395.03,67489.27,11950.3,2047.943
30,nonMD,EC,T8,47356.5,20676.53,81444.6,10353.95,2523.137
30,nonMD,EC,CP5,54128.27,22709.17,107490.6,13038.21,2244.126
30,nonMD,EC,CP1,58761.75,18755.08,87723.79,8164.5,1672.362
30,nonMD,EC,CP2,54980.33,18500.12,58133.94,9553.093,2100.054
30,nonMD,EC,CP6,24718.96,14726.91,42603.66,8568.524,1579.954
30,nonMD,EC,P7,86672.77,35889.58,286479.7,24213.36,3817.379
30,nonMD,EC,P3,93994.73,30600.88,289324.6,17058.35,2530.277
30,nonMD,EC,Pz,102343.7,29102.76,266938.5,16262.49,2564.56
30,nonMD,EC,P4,66833.97,22847.14,152290.8,14317.35,2666.286
30,nonMD,EC,P8,38300.86,18123.72,86805.62,10267.76,2401.825
30,nonMD,EC,PO3,140266,54411.43,619152.9,35321.97,4204.963
30,nonMD,EC,PO4,104592.1,41874.82,402771.4,29815.21,5121.359
30,nonMD,EC,O1,71867.94,35260.05,264939.6,22027.54,3816.801
30,nonMD,EC,O2,75698.45,33944.45,243293.6,20649.01,4219.373
30,nonMD,EC,AF7,119303.1,38108.2,189702,15647.02,3401.91
30,nonMD,EC,AF8,92972.15,26421.01,184166.2,14023.16,3353.284
30,nonMD,EC,F5,66685.98,25373.01,123586.9,11989.96,2189.567
30,nonMD,EC,F1,55929.19,25874.5,117057,13367.83,2160.743
30,nonMD,EC,F2,45021.24,20686.29,122352.6,10437.58,1639.827
30,nonMD,EC,F6,44241.97,16520.8,126113.8,9614.262,1898.434
30,nonMD,EC,FT7,180765.9,67354.51,133362.3,19073.09,6008.045
30,nonMD,EC,FC3,35493.7,17424.13,71429.38,9764.271,1747.911
30,nonMD,EC,FCz,46846.27,24808.35,83753.19,11065.43,1988.757
30,nonMD,EC,FC4,29749,16124.23,94850.92,9494.818,1502.084
30,nonMD,EC,FT8,65346.29,24196.69,115879,12089.83,3138.017
30,nonMD,EC,C5,42962.73,19817.35,48589.9,9897.7,1859.647
30,nonMD,EC,C1,44370.86,17806.62,42392.74,7799.812,1685.922
30,nonMD,EC,C2,36420.04,17181.62,46616.97,9275.173,1895.327
30,nonMD,EC,C6,29781.07,16570.88,69942.71,9531.905,1701.201
30,nonMD,EC,TP7,61904.47,26027.76,61839.4,11176.82,2566.743
30,nonMD,EC,CP3,55053.07,20852.11,100673.2,11244.63,1940.664
30,nonMD,EC,CPz,55056.04,16007.36,66754.31,6979.344,1671.513
30,nonMD,EC,CP4,42051.42,19147.49,49444.61,11336.6,2201.604
30,nonMD,EC,TP8,39079.14,18816.48,64661.87,9308.656,2173.808
30,nonMD,EC,P5,87921.09,34420.83,329065.5,23338.03,3606.823
30,nonMD,EC,P1,91650.15,29221.51,281389.7,16125.33,2407.293
30,nonMD,EC,P2,68318.68,22854.54,163080.6,14540.72,2654.779
30,nonMD,EC,P6,42710.2,18650.47,106345.7,12472.35,2616.802
30,nonMD,EC,PO7,106700.8,46679.21,396921.9,30684.82,4529.267
30,nonMD,EC,POz,123123.6,44771.36,542572.8,29833.79,3475.752
30,nonMD,EC,PO8,72963.01,32953.26,211742.5,20157.59,4463.337
30,nonMD,EC,Oz,61032.7,27688.42,195251.1,15596.96,2566.619
30,nonMD,EC,P9,85046.2,30585.81,73835.45,13628.44,2989.497
30,nonMD,EC,P10,25730.37,11592.77,55436.82,6297.683,1555.319
30,nonMD,EC,TP9,41568.15,15973.48,37723.05,6986.8,1807.706
30,nonMD,EO,AFz,10819.83,3192.632,1776.988,1493.232,700.7027
30,nonMD,EO,Fp1,55670.58,18696.83,15945.7,9436.998,3817.358
30,nonMD,EO,Fp2,11809.26,3827.54,3053.531,2421.771,1064.621
30,nonMD,EO,AF3,6199.954,2147.967,2741.781,1163.352,371.6452
30,nonMD,EO,AF4,16208.24,4856.178,2991.313,2314.564,1106.473
30,nonMD,EO,F7,25936.18,9939.899,10996.03,4282.501,1316.11
30,nonMD,EO,F3,13052.54,4472.031,5358.817,2031.589,611.5737
30,nonMD,EO,Fz,19679.34,6465.639,3350.471,3175.111,1177.124
30,nonMD,EO,F4,26567.16,9422.666,6694.714,4765.784,1770.529
30,nonMD,EO,F8,14648.37,3924.503,3056.856,1737.1,809.7466
30,nonMD,EO,FC5,37543.29,15366.69,19931.1,7377.331,2114.3
30,nonMD,EO,FC1,19099.83,7223.311,5075.137,4577.379,1224.43
30,nonMD,EO,FC2,27138.56,11314.72,11433.38,6597.262,1818.698
30,nonMD,EO,FC6,21003.64,6785.521,5884.03,3405.48,1490.7
30,nonMD,EO,T7,61961.87,21500.13,22876.31,8498.245,2988.086
30,nonMD,EO,C3,17520.01,7435.428,9040.912,3694.739,1348.979
30,nonMD,EO,Cz,31111.22,13525.9,9874.916,8547.655,2063.582
30,nonMD,EO,C4,27517.43,10968.03,16331.24,6301.375,1944.857
30,nonMD,EO,T8,10295.98,3367.648,3151.956,1759.934,656.5126
30,nonMD,EO,CP5,19422.27,8217.235,9333.857,4379.921,1479.09
30,nonMD,EO,CP1,11224.08,3695.856,3281.564,1427.153,687.311
30,nonMD,EO,CP2,23339.25,7510.688,11870.44,3941.165,1044.676
30,nonMD,EO,CP6,20149.53,8241.691,10005.33,4301.666,1587.554
30,nonMD,EO,P7,34421.44,12125.99,11119.77,6329.989,2584.093
30,nonMD,EO,P3,31356.89,8064.046,7072.341,2935.617,1217.004
30,nonMD,EO,Pz,45680.07,11595.44,12282.65,4199.737,1373.243
30,nonMD,EO,P4,30705.4,10313.4,14015.65,5200.175,1560.587
30,nonMD,EO,P8,54309.33,22771.93,19299.83,11224.08,4379.073
30,nonMD,EO,PO3,62767.05,16004.14,16377.71,6779.526,2330.228
30,nonMD,EO,PO4,57653.74,20976.84,21149.54,10068.26,3029.231
30,nonMD,EO,O1,26212.89,7145.864,6526.36,3610.531,1561.127
30,nonMD,EO,O2,44625.86,17770.67,15222.95,8829.781,2978.13
30,nonMD,EO,AF7,24242.68,11019.25,11664.71,5887.674,1708.422
30,nonMD,EO,AF8,13486.39,4487.904,3701.181,2855.495,1220.386
30,nonMD,EO,F5,19925.83,7560.407,8878.303,3351.135,1018.772
30,nonMD,EO,F1,12149.86,3959.304,4567.183,1905.699,602.5692
30,nonMD,EO,F2,24542.61,8247.797,5713.597,4122.941,1548.639
30,nonMD,EO,F6,23077.37,7256.458,6269.797,3664.637,1532.484
30,nonMD,EO,FT7,58372.25,21987.21,24037.27,9270.798,3038.98
30,nonMD,EO,FC3,18466.84,7323.15,8632.959,3682.333,1245.43
30,nonMD,EO,FCz,25698.83,10409.4,7502.07,6554.824,1649.834
30,nonMD,EO,FC4,25847.75,9863.821,10408.19,5476.022,1960.154
30,nonMD,EO,FT8,13460.19,3509.18,2508.246,1435.869,689.4253
30,nonMD,EO,C5,32661.11,14336.14,18905.51,7211.053,2200.361
30,nonMD,EO,C1,26148.56,9849.273,7078.043,4836.383,1880.818
30,nonMD,EO,C2,34659.61,13824.07,17932.2,7639.591,1996.16
30,nonMD,EO,C6,26349.64,9014.3,10557.12,4932.092,2089.611
30,nonMD,EO,TP7,31666.89,12599.21,14641.12,5777.05,1878.462
30,nonMD,EO,CP3,12441.88,4940.419,5872.808,2368.038,841.0064
30,nonMD,EO,CPz,17071.24,5573.565,5431.728,2641.553,877.2407
30,nonMD,EO,CP4,27261.64,10576.99,18207.92,5981.545,1691
30,nonMD,EO,TP8,29621,11812.93,10808.33,5751.533,2298.148
30,nonMD,EO,P5,15700.87,5282.347,5184.371,2614.724,976.2536
30,nonMD,EO,P1,31851.54,8003.435,7165.403,3044.874,1181.365
30,nonMD,EO,P2,30926.1,10210.55,13831.73,5161.528,1558.513
30,nonMD,EO,P6,48566.29,22320.73,22562.29,10673.43,4118.083
30,nonMD,EO,PO7,25900.57,8147.272,8369.688,4290.977,1662.775
30,nonMD,EO,POz,94257.03,22836.02,24422.49,9329.548,2420.615
30,nonMD,EO,PO8,63350.35,28056.73,24535.85,13929.57,4966.319
30,nonMD,EO,Oz,29952.59,9817.668,8477.933,5045.296,1678.875
30,nonMD,EO,P9,48189.11,16845.5,18779.7,8308.495,3298.484
30,nonMD,EO,P10,38797.49,15413.15,11815.07,7186.008,2843.5
30,nonMD,EO,TP9,22222.64,8232.579,8837.872,3853.12,1571.91
31,nonMD,EC,AFz,55967.19,19779.68,106743.7,7834.395,1308.936
31,nonMD,EC,Fp1,48553.07,15835.4,90430.65,6655.221,1109.965
31,nonMD,EC,Fp2,43362.71,13892.41,78406.2,5880.51,984.3011
31,nonMD,EC,AF3,55491.3,19010.9,110463,7898.986,1298.202
31,nonMD,EC,AF4,44946.81,15714.95,83867.69,6197.412,1053.612
31,nonMD,EC,F7,44326.18,15024.46,93100.32,6630.077,1042.195
31,nonMD,EC,F3,53317.58,19475.2,117592.9,8350.821,1259.302
31,nonMD,EC,Fz,60004.73,21748.62,121944.2,8771.756,1423.713
31,nonMD,EC,F4,49680.8,17716.54,96058.91,6992.753,1203.664
31,nonMD,EC,F8,27226.24,9218.862,47983.14,3715.113,647.9949
31,nonMD,EC,FC5,28283.84,11103.76,72712.26,5318.911,804.7017
31,nonMD,EC,FC1,38736.09,14925.36,110699.9,7354.609,990.691
31,nonMD,EC,FC2,28037.62,9777.763,75554.17,4837.628,825.9397
31,nonMD,EC,FC6,17457.73,5341.384,27716.99,2613.172,481.9332
31,nonMD,EC,T7,16405.24,7106.11,39500.96,3348.263,580.8895
31,nonMD,EC,C3,37059.49,18966.61,131149,10068.07,1726.506
31,nonMD,EC,Cz,30563.84,12163.3,117316.3,6767.122,1085.449
31,nonMD,EC,C4,35991.8,15086.94,62245.07,7293.961,1487.457
31,nonMD,EC,T8,15157.47,5438.668,30458.72,2905.365,387.9928
31,nonMD,EC,CP5,18872.62,8322.773,36199.96,3661.433,790.8766
31,nonMD,EC,CP1,55445.16,21124.22,158221.4,10666.47,1537.87
31,nonMD,EC,CP2,47102.13,20333.99,105938.2,8953.063,1669.935
31,nonMD,EC,CP6,36728.55,15545.38,75877.12,7300.185,1019.198
31,nonMD,EC,P7,46324.31,16458.79,132828.5,8855.688,1662.739
31,nonMD,EC,P3,78946.08,24337.54,142293.1,11258.41,1721.836
31,nonMD,EC,Pz,80191.81,24887.42,148798.9,11451.99,1732.855
31,nonMD,EC,P4,79562.72,31254.97,165983.2,13279.29,2063.042
31,nonMD,EC,P8,127067,47834.61,413609.9,25328.85,3558.929
31,nonMD,EC,PO3,136462.4,40315.41,260489.3,19964.96,3661.366
31,nonMD,EC,PO4,77804.26,31227.94,232495.7,15879.06,2126.659
31,nonMD,EC,O1,87568.42,30716.26,281735.6,16957.32,2869.591
31,nonMD,EC,O2,56648.21,21848.49,205047.2,12101.37,1676.147
31,nonMD,EC,AF7,50839.25,16779.27,101010.7,7213.587,1163.756
31,nonMD,EC,AF8,29698.19,10535.04,52105.04,3986.842,706.3021
31,nonMD,EC,F5,47573.35,17061.55,103905.6,7387.558,1123.409
31,nonMD,EC,F1,61247.02,22401.79,125716.1,9085.555,1442.712
31,nonMD,EC,F2,49679.76,17750.41,96103.26,6997.172,1204.048
31,nonMD,EC,F6,32486.04,10960.17,57450.98,4418.211,793.9859
31,nonMD,EC,FT7,19995.23,7732.321,46773.47,3561.913,568.8766
31,nonMD,EC,FC3,32118.21,13447.31,100900.3,7034.155,967.3303
31,nonMD,EC,FCz,43244.04,15734.97,110335.5,7210.941,1088.105
31,nonMD,EC,FC4,19025.95,6488.789,42068.42,3277.321,651.8858
31,nonMD,EC,FT8,15474.1,4737.687,24353.71,2347.501,377.9355
31,nonMD,EC,C5,28876.09,14853.62,80648.35,7430.635,1414.529
31,nonMD,EC,C1,32337.66,14494.43,131873.2,8270.124,1174.95
31,nonMD,EC,C2,33875.85,13877.62,97051.73,7210.963,1443.23
31,nonMD,EC,C6,16751.02,6224.447,20935.8,3063.78,534.2459
31,nonMD,EC,TP7,10539.31,4436.729,27981.66,2240.119,464.476
31,nonMD,EC,CP3,37839.2,16468.34,101649.6,8065.262,1379.773
31,nonMD,EC,CPz,51592.89,19464.04,149265.4,9439.494,1465.911
31,nonMD,EC,CP4,44887.1,19822.17,81240.35,8592.657,1474.092
31,nonMD,EC,TP8,50693.94,20128.55,155987.3,10630.66,1309.12
31,nonMD,EC,P5,51983.62,15886.63,83144.15,7524.409,1328.748
31,nonMD,EC,P1,78885.65,24306.3,142849.2,11268.31,1714.342
31,nonMD,EC,P2,76393.94,30009.53,158573,12719.78,1991.25
31,nonMD,EC,P6,89815.84,36108.32,204199.8,16099.38,2271.641
31,nonMD,EC,PO7,118438.3,39528.89,337635.2,21456.49,3851.048
31,nonMD,EC,POz,49480.5,15297.26,103236.6,7194.325,1203.77
31,nonMD,EC,PO8,91424.91,35619.81,327910.8,19646.57,2658.522
31,nonMD,EC,Oz,53313.64,19661.15,186881.9,10904.76,1677.324
31,nonMD,EC,P9,40587.29,15607.12,147629,8604.668,1352.652
31,nonMD,EC,P10,52682.21,20978.6,206939.2,11957.27,1659.074
31,nonMD,EC,TP9,5117.646,2010.287,13508.7,1019.441,208.5923
31,nonMD,EO,AFz,62453.83,19521.35,90122.68,7686.932,2783.619
31,nonMD,EO,Fp1,47940.73,15537.55,79381.81,6136.399,1821.066
31,nonMD,EO,Fp2,43412.41,14237.37,78903.02,5752.13,1428.318
31,nonMD,EO,AF3,56457.82,17056.29,72523.62,6585.67,2361.283
31,nonMD,EO,AF4,70619.55,20595.14,93847.37,8394.517,3099.851
31,nonMD,EO,F7,24083.71,8331.324,42159.56,3353.571,762.1499
31,nonMD,EO,F3,47058.56,13835.78,54700.7,5559.718,2143.794
31,nonMD,EO,Fz,70383.57,19517.88,74171.08,7915.59,3451.12
31,nonMD,EO,F4,63252.36,17346.3,70548.55,7044.971,2753.097
31,nonMD,EO,F8,38961.09,10973.32,57733.17,4954.627,1304.343
31,nonMD,EO,FC5,17350.99,5401.251,29436.56,2924.298,677.6934
31,nonMD,EO,FC1,37923.24,9467.517,20892.18,4134.411,2326.858
31,nonMD,EO,FC2,29220.82,6838.043,19945.36,3259.109,1520.571
31,nonMD,EO,FC6,22074.27,6370.516,30873.28,3440.122,813.161
31,nonMD,EO,T7,13556.3,4973.86,28563.88,3384.867,882.627
31,nonMD,EO,C3,44630.86,16424.73,121108.6,10301.41,2653.692
31,nonMD,EO,Cz,26209.86,7988.644,22163.54,3414.502,1620.362
31,nonMD,EO,C4,69848.59,26803.84,121798.3,13431.09,3965.116
31,nonMD,EO,T8,21736.69,7052.653,29393.92,3389.111,816.5654
31,nonMD,EO,CP5,28117.57,9194.311,60137.97,5329.422,1460.626
31,nonMD,EO,CP1,64902.65,18221.57,84978.25,8209.628,2024.608
31,nonMD,EO,CP2,58706.96,21092.5,110697.9,10097.76,2240.01
31,nonMD,EO,CP6,31262.42,12739.02,60184.38,6443.802,1724.897
31,nonMD,EO,P7,39238.44,9975.341,17832.46,5665.118,3432.548
31,nonMD,EO,P3,100820.4,26179.16,123197.8,11701.5,2406.377
31,nonMD,EO,Pz,104159.1,27059.43,126830,11919.65,2406.833
31,nonMD,EO,P4,90957.58,24247.58,112824.7,11393.77,2584.269
31,nonMD,EO,P8,57446.36,13572.91,27192.29,5781.295,2327.939
31,nonMD,EO,PO3,91230.42,20851.04,66230.03,11132.99,5139.424
31,nonMD,EO,PO4,87172.23,20823.32,56971.64,8793.87,4048.818
31,nonMD,EO,O1,122981,28659.87,30987.93,15589.53,11197.19
31,nonMD,EO,O2,23333.76,4992.793,9749.037,2096.491,1077.079
31,nonMD,EO,AF7,48558.59,13300.82,60626.87,5686.219,1997.13
31,nonMD,EO,AF8,34053.36,10807.54,61664.24,4513.663,1111.702
31,nonMD,EO,F5,38807.7,11512.49,50542.55,4696.62,1409.38
31,nonMD,EO,F1,78775.21,19946.75,62126.96,8363.254,4193.98
31,nonMD,EO,F2,63681.1,17426.12,71203.35,7071.42,2708.493
31,nonMD,EO,F6,43509.04,11951.51,59189.91,5337.89,1672.274
31,nonMD,EO,FT7,21095.62,7124.959,40509.5,3768.346,749.618
31,nonMD,EO,FC3,33081.36,8989.254,37757.28,4810.665,1770.507
31,nonMD,EO,FCz,41052.35,9668.508,22924.48,4052.192,2265.515
31,nonMD,EO,FC4,28742.27,7576.036,29565.64,4269.201,1572.627
31,nonMD,EO,FT8,40885.09,10185.12,41452.45,5747.596,1925.275
31,nonMD,EO,C5,34642.11,10674.49,67934.05,6257.143,1727.83
31,nonMD,EO,C1,28770.15,8621.86,39590.46,4167.776,1429.908
31,nonMD,EO,C2,43150.12,16276.73,70873.44,7750.303,2480.905
31,nonMD,EO,C6,27324.66,10439.6,43502.54,5060.432,1326.165
31,nonMD,EO,TP7,25572.15,7812.625,21940.25,4376.713,2270.907
31,nonMD,EO,CP3,41584.43,13756.55,84176.24,7485.807,1760.473
31,nonMD,EO,CPz,64585.42,19263.09,100218.3,8308.802,1498.883
31,nonMD,EO,CP4,43995.75,17347.7,87663.06,8965.286,2137.597
31,nonMD,EO,TP8,22889.87,7377.141,24123.34,3458.619,894.8217
31,nonMD,EO,P5,85891.02,20388.96,79664.53,10808,3966.709
31,nonMD,EO,P1,105231.5,27390.55,127726.6,12165.25,2482.809
31,nonMD,EO,P2,99090.46,26434.56,120863.2,12356.32,2906.458
31,nonMD,EO,P6,86567.02,21857.67,75988.86,10905.65,3356.087
31,nonMD,EO,PO7,143002,34027.02,39930.38,16853.09,10992.5
31,nonMD,EO,POz,93076.78,20886.94,63202.91,9691.596,4771.79
31,nonMD,EO,PO8,15135.09,4081.157,8905.232,1730.784,580.3749
31,nonMD,EO,Oz,84591.95,19416.4,21922.06,9721.549,7006.602
31,nonMD,EO,P9,45839.79,12249.62,18466,5092.821,2955.427
31,nonMD,EO,P10,24361.68,6947.532,16683.14,2620.673,820.8448
31,nonMD,EO,TP9,9561.853,2697.311,8181.704,1583.146,748.0759
32,nonMD,EC,AFz,46201.97,12161.63,50730.64,8404.903,854.073
32,nonMD,EC,Fp1,73052.23,17909.24,75846.95,12111.89,1100.291
32,nonMD,EC,Fp2,62750.58,15135.47,67761.97,10447.38,1153.919
32,nonMD,EC,AF3,50963.03,13760.47,55656.75,8907.94,962.1089
32,nonMD,EC,AF4,42108.62,10424.83,47929.91,7356.552,728.2719
32,nonMD,EC,F7,33443.41,9178.043,34780.48,5805.335,730.7378
32,nonMD,EC,F3,54422.42,15849.97,52853.75,9114.346,1413.751
32,nonMD,EC,Fz,44837.98,12660.63,48431.73,8070.643,932.8477
32,nonMD,EC,F4,42482.27,11022.13,44966.59,7677.297,751.2351
32,nonMD,EC,F8,28630.83,7030.638,23250.59,4521.487,729.638
32,nonMD,EC,FC5,27006.86,7695.8,29380.86,4490.395,711.933
32,nonMD,EC,FC1,42971.94,12680.11,45361.17,7044.816,1082.372
32,nonMD,EC,FC2,30609.24,8073.892,33089.18,5619.182,575.1027
32,nonMD,EC,FC6,21150.1,5575.561,16239.9,3746.824,684.9835
32,nonMD,EC,T7,12245.69,4012.532,10466.95,3099.112,584.5287
32,nonMD,EC,C3,41057.34,12550.97,33124.17,7597.113,2263.176
32,nonMD,EC,Cz,13965.65,4359.86,18167.15,2664.859,583.5994
32,nonMD,EC,C4,14495.02,3846.466,14238.54,2868.964,603.3763
32,nonMD,EC,T8,6652.344,2089.19,9162.411,1276.187,311.036
32,nonMD,EC,CP5,27224.9,8861.421,37594.99,7519.835,1513.211
32,nonMD,EC,CP1,25715.3,7565.485,24668.04,4378.039,1404.596
32,nonMD,EC,CP2,24101.3,7720.237,22369.59,4317.787,1305.481
32,nonMD,EC,CP6,23590.33,8042.376,32082.94,4683.662,1145.188
32,nonMD,EC,P7,63948.72,18185.68,87050.26,14690.58,2361.829
32,nonMD,EC,P3,68996.41,19162.42,88394.68,15605.52,2131.692
32,nonMD,EC,Pz,71166.68,19591.62,65853.92,12044.24,2095.754
32,nonMD,EC,P4,83534.09,24540.35,106090.3,16627.34,1733.662
32,nonMD,EC,P8,82232.66,26181.38,129646.3,16792.97,2245.55
32,nonMD,EC,PO3,114760.3,30367,145663.9,23122.13,2459.589
32,nonMD,EC,PO4,146107.1,42757.54,200890.1,28711.51,2937.711
32,nonMD,EC,O1,56830.95,15308.58,70645.51,10001.22,1212.649
32,nonMD,EC,O2,73090.73,21764.93,102009.6,13822.98,1627.694
32,nonMD,EC,AF7,53383.14,13308.37,58349.95,9215.467,807.9708
32,nonMD,EC,AF8,44931.1,10847.79,45210.61,7208.284,1039.6
32,nonMD,EC,F5,42331.76,11786.85,43776.18,7266.087,959.6976
32,nonMD,EC,F1,50211.14,14273.12,51985.41,8646.25,1114.18
32,nonMD,EC,F2,41631.38,10879.58,46025.1,7526.684,724.2092
32,nonMD,EC,F6,35140.5,8861.998,33282.67,6156.323,687.5713
32,nonMD,EC,FT7,13826.36,3877.702,15554.66,2584.488,310.872
32,nonMD,EC,FC3,48060.13,14511.69,42321.65,7099.278,1705.234
32,nonMD,EC,FCz,39627.19,10658.64,41443,7238.046,776.1451
32,nonMD,EC,FC4,31177.98,7998.864,26363.09,5600.126,760.7276
32,nonMD,EC,FT8,10457.96,2576.311,10771.03,1832.47,337.1797
32,nonMD,EC,C5,29179.25,9318.962,24646.35,6136.111,1736.818
32,nonMD,EC,C1,32546.16,9942.863,36198.51,4759.089,1340.154
32,nonMD,EC,C2,15528.33,4366.839,16872.53,3041.08,577.3774
32,nonMD,EC,C6,8793.205,2672.948,10155.85,2019.985,452.5032
32,nonMD,EC,TP7,27421.77,8712.702,35131.13,7335.084,1532.254
32,nonMD,EC,CP3,35765.68,10986.27,35746.46,8346.014,1978.777
32,nonMD,EC,CPz,18908.98,5884.196,17811.99,2943.367,1087.432
32,nonMD,EC,CP4,14591.64,5110.596,18830.72,3436.857,842.7596
32,nonMD,EC,TP8,25048.95,8547.037,39658.47,5063.081,932.6224
32,nonMD,EC,P5,84303.55,23582.43,121552.9,19973.58,2720.884
32,nonMD,EC,P1,66492.88,17819.3,71390.59,12721.85,1777.182
32,nonMD,EC,P2,92018.85,25384.76,95622.27,16286.77,2037.62
32,nonMD,EC,P6,80371.03,24872.87,117714.5,16571.36,1700.569
32,nonMD,EC,PO7,76550.98,20604.56,103529.8,15661.35,2142.765
32,nonMD,EC,POz,91168.9,24974.29,97827.84,15866.68,1906.222
32,nonMD,EC,PO8,103116.8,31741.71,158122.3,20592.97,2697.445
32,nonMD,EC,Oz,58610.47,16830.62,76186.9,10098.11,1386.218
32,nonMD,EC,P9,32158.89,9624.873,38477.61,6138.874,1159.931
32,nonMD,EC,P10,46975.76,15025.86,70823.38,8745.524,1833.078
32,nonMD,EC,TP9,13345.62,3934.192,16717.41,3256.928,594.6842
32,nonMD,EO,AFz,167749.2,38723.81,73900.32,16900.19,3322.42
32,nonMD,EO,Fp1,129854.6,27719.97,60432.08,13182.7,1945.056
32,nonMD,EO,Fp2,121193.8,25529.05,51400.55,10866.87,1672.439
32,nonMD,EO,AF3,86118.77,20321.44,46791.86,9500.924,1321.179
32,nonMD,EO,AF4,86697.23,19142.04,42830.59,9123.948,1367.687
32,nonMD,EO,F7,63902.17,16293.96,25241.04,5033.536,1194.634
32,nonMD,EO,F3,87179.92,21013.17,45485.41,9215.773,1299.053
32,nonMD,EO,Fz,85591.24,21530.86,50617.36,9866.762,1130.411
32,nonMD,EO,F4,74416.61,17879.43,38544.68,8048.789,1075.586
32,nonMD,EO,F8,50636.52,12771.07,17943.95,4869.303,975.6349
32,nonMD,EO,FC5,37304.47,8848.778,19708.34,3141.83,590.2111
32,nonMD,EO,FC1,84922.51,24309.83,42766.59,7910.703,1199.063
32,nonMD,EO,FC2,78147.05,21931.37,42258,8212.818,1158.235
32,nonMD,EO,FC6,28464.92,7324.071,13613.33,3183.161,525.4492
32,nonMD,EO,T7,35812.77,11092.14,16536.74,3724.356,883.7223
32,nonMD,EO,C3,42032.75,16652.03,28999.2,11272.47,1396.033
32,nonMD,EO,Cz,57442.3,19106.36,28294.34,5058.608,1031.996
32,nonMD,EO,C4,35696.69,11349.07,19074.83,4432.367,816.7921
32,nonMD,EO,T8,17862.7,6177.504,10834.11,2278.742,460.63
32,nonMD,EO,CP5,40609.89,13188.26,29058.1,9317.543,1316.362
32,nonMD,EO,CP1,45282.5,14882.67,23030.45,8246.687,1257.186
32,nonMD,EO,CP2,72723.84,20313.14,27547.13,6854.875,2022.663
32,nonMD,EO,CP6,16200.13,5348.866,11896.03,2444.528,442.9573
32,nonMD,EO,P7,93269.2,29196.12,65174.28,13608.02,1602.481
32,nonMD,EO,P3,89677.92,22134.65,47752.32,15001.07,1920.425
32,nonMD,EO,Pz,129881.7,25595.67,55444.34,10191.36,1762.008
32,nonMD,EO,P4,95035.2,22120.84,61584.71,8959.18,1690.641
32,nonMD,EO,P8,77104.57,25487.08,76097.11,9633.014,1000.38
32,nonMD,EO,PO3,180016.8,37655.35,90165.2,17810.53,2136.803
32,nonMD,EO,PO4,188365.8,45016.6,141320,17600.49,1926.707
32,nonMD,EO,O1,116452,27672.5,71556.18,11181.25,1129.323
32,nonMD,EO,O2,143721.2,37534.3,107230.4,13850.67,1501.028
32,nonMD,EO,AF7,71383.38,17018.24,31713.4,6378.07,1157.621
32,nonMD,EO,AF8,79610.73,16739.15,35596.09,7949.439,1122.902
32,nonMD,EO,F5,64885.81,15637.81,30888.45,6836.149,1176.788
32,nonMD,EO,F1,83890.59,20920.02,47552.64,9545.066,1138.93
32,nonMD,EO,F2,85784.39,21227.64,46698.27,9437.197,1128.121
32,nonMD,EO,F6,50673.31,12142.34,23399.33,5464.183,822.6724
32,nonMD,EO,FT7,41984.25,10835.96,16373.72,3068.861,876.6614
32,nonMD,EO,FC3,49421.82,12728.78,27543.48,4657.157,699.9193
32,nonMD,EO,FCz,85678.01,24235.23,44963.92,8453.265,1177.478
32,nonMD,EO,FC4,50356.58,13499.27,28553.36,5728.943,734.5485
32,nonMD,EO,FT8,21036.67,5811.882,9227.02,2561.025,463.5807
32,nonMD,EO,C5,25107.05,8299.674,17623.23,5478.725,808.897
32,nonMD,EO,C1,47764.95,16770.69,23638.9,5719.802,964.184
32,nonMD,EO,C2,72705.53,21765.9,31661.24,6641.404,1416.776
32,nonMD,EO,C6,12458.14,4037.214,7295.425,2585.942,422.4091
32,nonMD,EO,TP7,63641.43,21389.28,41720.93,10114.02,1527.307
32,nonMD,EO,CP3,39272.34,14834.95,28680.16,11986.83,1418.251
32,nonMD,EO,CPz,53662.7,14853.89,19716.49,5080.43,1224.463
32,nonMD,EO,CP4,39637.72,11197.47,18150.65,4218.037,1121.169
32,nonMD,EO,TP8,41293.56,14965.29,33320.62,4969.381,803.7022
32,nonMD,EO,P5,85578.91,23715.69,57256.05,15261.39,1735.793
32,nonMD,EO,P1,123378.6,25147.36,51200.39,12138.2,1849.073
32,nonMD,EO,P2,127512.2,26574.21,69889.09,10322.66,1889.366
32,nonMD,EO,P6,69801.38,19377.65,62975.2,7911.177,940.9095
32,nonMD,EO,PO7,111586,29945.29,71491.79,13428.06,1385.79
32,nonMD,EO,POz,202241.3,41398.56,108071.2,17181.7,2114.092
32,nonMD,EO,PO8,143558.2,41893.55,124479.9,15595.1,1562.568
32,nonMD,EO,Oz,129277.9,30815.25,81008.73,11143.09,1195.864
32,nonMD,EO,P9,87880.49,27860.93,48509.79,11259.23,2144.893
32,nonMD,EO,P10,108614.3,32608.06,82284.93,11902.81,1730.285
32,nonMD,EO,TP9,24380.58,8180.145,14196.93,4629.534,694.3792
33,nonMD,EC,AFz,92090.88,45116.02,280154.8,16246.08,2895.639
33,nonMD,EC,Fp1,149153.2,46200.2,292599.5,20006.16,7181.039
33,nonMD,EC,Fp2,646305.4,248832.9,707743,68584.88,22021.52
33,nonMD,EC,AF3,84047.95,38998.57,226805.9,12799.1,2088.99
33,nonMD,EC,AF4,108284,52681.76,293342.7,20538.15,4081.609
33,nonMD,EC,F7,83604.84,31969.72,193821.3,13607.6,3459.007
33,nonMD,EC,F3,87449.01,45305.05,241680.6,16746.46,2835.312
33,nonMD,EC,Fz,103598.9,60709.35,302265.1,19503.85,3006.828
33,nonMD,EC,F4,103019.4,61503.87,305437,21651.5,3247.226
33,nonMD,EC,F8,113174.6,51477.56,239177.4,18640.85,4363.815
33,nonMD,EC,FC5,53277.46,22007.81,114940.5,10173.67,2249.921
33,nonMD,EC,FC1,79281.88,49384.19,213476.4,17507.89,3331.846
33,nonMD,EC,FC2,88040.15,55009.83,263262.1,19225.45,2937.74
33,nonMD,EC,FC6,64193.88,33766.07,191814,14060.23,2207.425
33,nonMD,EC,T7,86153.59,42932.37,86914.9,17637.24,3746.49
33,nonMD,EC,C3,56297.85,32654.04,117452.4,17710.68,3508.347
33,nonMD,EC,Cz,56045.14,43329.29,136551.1,12246.99,2469.125
33,nonMD,EC,C4,63935.41,35836.81,154448.7,19904.87,2238.52
33,nonMD,EC,T8,61386.36,28859.16,98216.36,11742.47,3339.452
33,nonMD,EC,CP5,70292.48,39242.91,145359.8,22575.2,4269.165
33,nonMD,EC,CP1,69411.39,39500.81,137200.3,15000.56,3727.227
33,nonMD,EC,CP2,75539.62,37273.77,122373.8,13517.02,2552.787
33,nonMD,EC,CP6,53276.74,28482.52,122143.6,18132.98,4306.935
33,nonMD,EC,P7,150468.9,108111.4,417420,38711.83,5250.813
33,nonMD,EC,P3,125273.9,58224.98,325651.9,23234.07,4498.427
33,nonMD,EC,Pz,146996.8,64408.66,374088,21104.54,4927.806
33,nonMD,EC,P4,150604.4,57632.95,418583.5,23870.46,4626.759
33,nonMD,EC,P8,174440.6,108681.9,719357.6,39162.94,8296.665
33,nonMD,EC,PO3,246476.8,116888.1,867340.2,39620.77,5061.023
33,nonMD,EC,PO4,320584.4,132759.6,1456277,55396.16,9216.467
33,nonMD,EC,O1,190370.4,105485.2,676762.2,33271.43,5439.478
33,nonMD,EC,O2,206676.6,105471.2,893487.4,35635.82,5156.671
33,nonMD,EC,AF7,94311.2,32580.02,225026,12486.43,3009.742
33,nonMD,EC,AF8,143339.7,58273.34,324414.8,22969.39,5494.774
33,nonMD,EC,F5,63735.34,28159.12,180806.1,11996.9,2321.553
33,nonMD,EC,F1,94781.04,53199.78,265702.1,18272.55,2985.104
33,nonMD,EC,F2,105323.2,62829.29,305588.7,21770.82,3299.803
33,nonMD,EC,F6,98723.35,54888.55,281073.6,20919.26,3738.837
33,nonMD,EC,FT7,67984.82,28593.36,118984.9,10943.1,2256.894
33,nonMD,EC,FC3,69192.7,38369.35,164459.7,16390.83,3071.618
33,nonMD,EC,FCz,91113.76,57908.35,272308.3,18678.72,3342.181
33,nonMD,EC,FC4,80132.04,47690.25,232884.3,19761.67,2549.296
33,nonMD,EC,FT8,72733.91,33161.72,156709,12522.33,3049.612
33,nonMD,EC,C5,48792.55,23987.03,83505.95,13897.01,2872.443
33,nonMD,EC,C1,58506.02,39861.22,112393,13261.64,3011.198
33,nonMD,EC,C2,53566.7,35060.04,132789.5,13394.7,1899.367
33,nonMD,EC,C6,50479.57,26472.49,119100.1,15510.48,3567.225
33,nonMD,EC,TP7,115415,64508.52,127893.7,29341.64,6407.837
33,nonMD,EC,CP3,65424.85,36077.75,144770.1,20295.56,4146.941
33,nonMD,EC,CPz,72868.11,49659.3,163423.6,13600.62,3318.927
33,nonMD,EC,CP4,74440.42,32263.64,118242.8,18375.63,3158.436
33,nonMD,EC,TP8,73355.48,48093.74,142026.9,18195.02,5528.144
33,nonMD,EC,P5,123170.5,69579.67,361700.2,28998.03,4616.182
33,nonMD,EC,P1,129161.3,58585.05,350513.8,20383.28,4746.051
33,nonMD,EC,P2,165299.3,63348.97,462535.8,22645.92,4452.01
33,nonMD,EC,P6,234849.8,106416.4,558422.4,48491.29,10773.55
33,nonMD,EC,PO7,265272.7,177918.3,1066662,55886.37,6315.694
33,nonMD,EC,POz,242188.1,97324.55,899897.3,37556.89,6931.155
33,nonMD,EC,PO8,312739.4,169444.4,1556532,66605.12,10664.94
33,nonMD,EC,Oz,161362.5,84431.7,557964.7,25700.05,4361.833
33,nonMD,EC,P9,150688.2,55279.59,138447.5,21829.47,6779.581
33,nonMD,EC,P10,187246.3,123745.8,417812.2,33459.14,7352.043
33,nonMD,EC,TP9,27403.58,12754.27,46872.29,6335.725,1539.235
33,nonMD,EO,AFz,109079.2,46067.96,38826.85,14591.67,3868.947
33,nonMD,EO,Fp1,89909.76,24844.49,31162.98,10256.06,3553.933
33,nonMD,EO,Fp2,121675.2,39599.02,39770.69,17109.38,5972.046
33,nonMD,EO,AF3,87159.8,34861.86,35837.45,12856.67,3571.59
33,nonMD,EO,AF4,98940.34,38474.74,36631.2,14033.32,4278.013
33,nonMD,EO,F7,76758.84,22193,24750,8764.075,2866.129
33,nonMD,EO,F3,96673.78,45896.72,36967.91,14565.02,3611.82
33,nonMD,EO,Fz,115767.5,63314.63,46355.93,18025.15,4386.581
33,nonMD,EO,F4,102645.1,52235.05,41235,15985.96,4181.084
33,nonMD,EO,F8,115826,36033.75,34847.14,13450.52,5111.719
33,nonMD,EO,FC5,39586.71,14686.28,14173.15,5834.324,1867.724
33,nonMD,EO,FC1,98931.65,63705.07,40482.96,16956.48,3875.876
33,nonMD,EO,FC2,92758.76,57891.6,39888.94,14986.43,3489.016
33,nonMD,EO,FC6,69666.13,25918.66,25011.69,9176.726,3773.055
33,nonMD,EO,T7,46945.99,18010.46,19743.4,9081.916,2987.078
33,nonMD,EO,C3,46674.04,26020.32,41119.77,12067.36,2709.56
33,nonMD,EO,Cz,88359.67,49665.37,40088.47,14508.47,4123.273
33,nonMD,EO,C4,57914.34,27240.21,31617.42,13746.8,3862.41
33,nonMD,EO,T8,49380.57,19470.97,19982,7474.919,2609.479
33,nonMD,EO,CP5,51036.17,19508.79,47809.43,12398.88,2807.554
33,nonMD,EO,CP1,85769.05,28328.67,48534.82,12685.51,3710.768
33,nonMD,EO,CP2,56611.34,17797.53,27873.53,10259.67,3078.448
33,nonMD,EO,CP6,50813.61,22814.94,42771.93,15839.07,3371.376
33,nonMD,EO,P7,103453,43940.68,46326.9,13682.06,4308.307
33,nonMD,EO,P3,111749.5,36852.81,58239.26,14243.21,4099.696
33,nonMD,EO,Pz,122645.9,37683.41,48724.81,13685.15,4716.88
33,nonMD,EO,P4,76686.09,31102.5,47370.75,15426.09,3421.522
33,nonMD,EO,P8,137182.6,73984.27,61223.18,21233.36,5428.477
33,nonMD,EO,PO3,220648,83007.52,81747.71,20732.55,6990.048
33,nonMD,EO,PO4,221853,94600.73,99382.92,28737.19,8187.915
33,nonMD,EO,O1,228447,115477.8,70268.06,24799.56,11228.5
33,nonMD,EO,O2,208335,112736.2,75355.56,27260.95,7797.185
33,nonMD,EO,AF7,83504.02,24674.03,26579.89,9636.907,2969.416
33,nonMD,EO,AF8,134470,42722.82,40968.3,18873.7,6840.878
33,nonMD,EO,F5,57744.05,21381.44,22035.33,8400.988,2401.78
33,nonMD,EO,F1,112904.6,57152.38,43149.11,16944.13,4049.651
33,nonMD,EO,F2,101757.6,51713.62,41279.37,15690.14,4037.601
33,nonMD,EO,F6,110766.4,41941.48,36193.05,15337.04,5461.406
33,nonMD,EO,FT7,38237.6,11931.3,12487.75,5152.374,1768.671
33,nonMD,EO,FC3,64853.25,36811.26,25788.15,11621.38,3109.198
33,nonMD,EO,FCz,113598.5,75750.89,49456.25,19741.27,4347.019
33,nonMD,EO,FC4,73080.91,37405.57,28673.95,11347.31,3538.988
33,nonMD,EO,FT8,66299.16,21150.53,22723.92,7715.928,3121.192
33,nonMD,EO,C5,20973.85,9522.004,18765.13,5802.952,1471.278
33,nonMD,EO,C1,69730.28,40191.8,33086.89,12224.79,3492.718
33,nonMD,EO,C2,67262.98,36583.64,28337.03,11428.24,3295.4
33,nonMD,EO,C6,50450.3,19696.01,28337.7,12409.01,4304.259
33,nonMD,EO,TP7,54930.04,22210.11,28955.74,11557.36,3685.13
33,nonMD,EO,CP3,66422.48,26243.21,61447.34,14731.73,3165.852
33,nonMD,EO,CPz,69573.59,23544.37,35345.92,9527.023,3542.346
33,nonMD,EO,CP4,54407.08,18974.47,37586.68,14729.25,3199.068
33,nonMD,EO,TP8,75971.21,38590.2,30747.29,11292,3139.886
33,nonMD,EO,P5,102432.4,38042.91,58367.56,14649.61,4433.357
33,nonMD,EO,P1,121065.3,38509.71,50177.46,12989.26,4406.357
33,nonMD,EO,P2,112658.1,38160.21,50045.21,15121.61,4471.619
33,nonMD,EO,P6,104361.6,44645.82,55141.82,27609.68,8967.799
33,nonMD,EO,PO7,250881.7,112213.8,87994.15,25579.16,9452.945
33,nonMD,EO,POz,239866.8,92505.95,90996.08,25165.85,8118.882
33,nonMD,EO,PO8,217318.6,118135.8,87120.76,31772.45,8784.313
33,nonMD,EO,Oz,191959.7,104798.6,61894.92,23037.11,7761.308
33,nonMD,EO,P9,125388.3,57422.88,38764.51,14707.44,5205.956
33,nonMD,EO,P10,164579.3,86391.41,55116.58,21274.8,6358.734
33,nonMD,EO,TP9,27639.83,10531.41,13340.71,4907.568,1540.87
34,MD,EC,AFz,174749.8,52005.61,244504.1,12179.4,2578.579
34,MD,EC,Fp1,216859.1,51014.17,291875.8,12881.64,3288.524
34,MD,EC,Fp2,213757.2,50661.71,282042.8,12957.87,3943.126
34,MD,EC,AF3,182532.1,51556.92,253641.2,12783.21,2761.219
34,MD,EC,AF4,146050.7,46389.02,236517.9,10899.58,2187.453
34,MD,EC,F7,173394.8,47938.3,221401.9,12252.38,3668.795
34,MD,EC,F3,146760.4,48158.98,211878.1,13938.37,2801.147
34,MD,EC,Fz,163284.5,57472.18,209022.3,13884.76,2900.71
34,MD,EC,F4,128467.4,44041.61,206857.2,11203.43,2336.26
34,MD,EC,F8,129038.1,36671.73,198546.4,8321.435,1944.539
34,MD,EC,FC5,93345.64,29586.05,142491.5,8758.171,1892.315
34,MD,EC,FC1,115835.9,45437.93,131687.2,11534.83,2649.379
34,MD,EC,FC2,124464.2,49810.86,149594.3,13100.82,3219.936
34,MD,EC,FC6,120159.4,39406.77,160087.2,9818.154,2432.061
34,MD,EC,T7,77663.4,33114.38,109767.9,8674.906,1998.588
34,MD,EC,C3,72870.82,34232.11,97310.89,10731.31,2648.831
34,MD,EC,Cz,117502.2,51719.42,110038,12318.46,3250.473
34,MD,EC,C4,77088.62,38191.16,105674.7,12369.62,2837.058
34,MD,EC,T8,196087.5,63999.67,183008.5,15032.56,4949.68
34,MD,EC,CP5,65341.94,31198.23,106818.6,8830.135,1485.039
34,MD,EC,CP1,84623.23,33490.8,164804.1,8774.201,1678.691
34,MD,EC,CP2,98375.45,37153.04,172714.8,9792.575,1842.101
34,MD,EC,CP6,130214.2,50766.01,132834.9,12029.21,2432.715
34,MD,EC,P7,230567.1,123892.7,295540.1,17581.94,3746.864
34,MD,EC,P3,174355.4,51399.44,436509,14531.39,1632.721
34,MD,EC,Pz,217391,71167.45,480749.8,16389.04,2056.722
34,MD,EC,P4,225798.9,65949.43,333414.1,15034.96,2795.772
34,MD,EC,P8,670273.2,214151.3,575519.8,34743.21,7860.241
34,MD,EC,PO3,488934.5,136200.4,1000553,30361.58,4063.385
34,MD,EC,PO4,450790.9,132616.4,557779.3,24863.01,4606.103
34,MD,EC,O1,352985.2,138901.3,477413.1,23117.81,4860.303
34,MD,EC,O2,323775.5,129567.5,315541.7,22767.91,4531.68
34,MD,EC,AF7,224759.3,51183.65,263540.9,13906.48,4102.433
34,MD,EC,AF8,164642.5,41832.2,248143,10144.57,2715.919
34,MD,EC,F5,124817.3,37218.03,204184.8,11310.16,2399.125
34,MD,EC,F1,143899.6,49467.4,191579.2,13252.14,2705.359
34,MD,EC,F2,154655.8,55280.2,211194.2,12755.7,2540.06
34,MD,EC,F6,127377.8,36137.2,197615.7,8159.197,1812.604
34,MD,EC,FT7,89796.28,27656.88,137146.2,7947.685,1693.916
34,MD,EC,FC3,104711.9,41639.8,155053.2,13350.6,2705.843
34,MD,EC,FCz,124717.8,49499.93,134915.8,12039.09,2743.695
34,MD,EC,FC4,89617.93,38668.46,151924,11864.34,2663.995
34,MD,EC,FT8,120737,36579.24,167713.9,8522.108,1876.607
34,MD,EC,C5,71421.3,29144.02,85965.12,9503.107,2117.519
34,MD,EC,C1,86151.45,37502.85,79942.37,8822.496,2431.333
34,MD,EC,C2,87749.12,40307.39,94210.38,9685.086,2484.294
34,MD,EC,C6,80910.12,34988.95,102192.8,9840.598,2058.395
34,MD,EC,TP7,89521.49,52364.73,98293.41,10112.87,2490.27
34,MD,EC,CP3,70806.77,29802.19,122962,8644.376,1697.295
34,MD,EC,CPz,104381.6,44681.48,174800.4,10502.33,2195.054
34,MD,EC,CP4,92390.07,37074.39,135231,10832.95,2174.727
34,MD,EC,TP8,358264.2,138407.5,279730.3,23363.01,5281.467
34,MD,EC,P5,194715.7,67676.48,386236.5,15533.78,2253.457
34,MD,EC,P1,198602.8,56477.1,489661.1,14816,1666.648
34,MD,EC,P2,218430.9,67507.38,412942.5,16432.21,2422.639
34,MD,EC,P6,603998.9,160530.1,408433.8,36781.35,13257.82
34,MD,EC,PO7,475678.6,192102.3,657103.2,28219.51,5883.329
34,MD,EC,POz,404302.9,122039.4,686223.8,25573.9,3345.139
34,MD,EC,PO8,511952.7,170893.2,477152.9,28206.13,5903.437
34,MD,EC,Oz,306855.8,124008,348610.6,22059.32,4433.222
34,MD,EC,P9,352110,244597.5,316324,25106.12,7064.786
34,MD,EC,P10,490926.4,186041.3,389271.1,29351,7068.354
34,MD,EC,TP9,87397.94,59923.17,84386.73,6750.078,1641.641
34,MD,EO,AFz,73392.92,16341.69,66272.03,7614.878,2312.071
34,MD,EO,Fp1,54637.11,10378.84,64518.39,4367.225,990.3496
34,MD,EO,Fp2,54878.38,12292.55,74976.52,4702.977,1055.856
34,MD,EO,AF3,73445.74,16591.74,69565.88,8052.667,2441.792
34,MD,EO,AF4,57364.36,11717.06,55604.67,5641.904,1899.248
34,MD,EO,F7,58797.58,13772.69,69684.95,5576.207,1355.508
34,MD,EO,F3,69637.38,20243.37,78982.82,10350.52,2698.232
34,MD,EO,Fz,62044.12,16383,70258.21,7523.329,1928.819
34,MD,EO,F4,55349.32,14392.72,63330.28,7202.844,1867.297
34,MD,EO,F8,45974.79,10329.92,50536.55,4439.6,1049.361
34,MD,EO,FC5,37129.15,10909.91,43825.74,5266.84,1245.148
34,MD,EO,FC1,55829.39,18172.84,73335.98,8626.842,2285.098
34,MD,EO,FC2,48022.72,15859.17,72509.91,7435.06,1871.793
34,MD,EO,FC6,33896.62,10769.09,43733,6236.252,1627.694
34,MD,EO,T7,48377.06,14957.49,41255.47,5895.011,1812.525
34,MD,EO,C3,48408.88,19160.57,69471.07,9120.862,2376.063
34,MD,EO,Cz,54341.38,19597.72,62772.25,6086.244,2009.613
34,MD,EO,C4,29849.86,12657,53350.13,7684.12,2335.079
34,MD,EO,T8,63143.14,21224.08,59440.11,7609.637,2282.519
34,MD,EO,CP5,27014.15,10128.73,28317.8,4464.359,1167.702
34,MD,EO,CP1,45578.91,14582.15,54146.85,4317.839,995.4045
34,MD,EO,CP2,55226.19,15269.7,84725.37,6850.406,1602.833
34,MD,EO,CP6,40943.27,14820.68,66098.18,7182.178,1681.797
34,MD,EO,P7,82536.63,23817.8,75463.57,11084.31,3321.184
34,MD,EO,P3,76457.23,18004.34,81099.86,7777.86,1590.069
34,MD,EO,Pz,111812.7,23680.39,121773.7,10455.43,1857.048
34,MD,EO,P4,94632.91,21771.14,124312.1,10530.12,1971.224
34,MD,EO,P8,154429.5,54686.07,254044.4,18658.58,4317.555
34,MD,EO,PO3,182575.2,37705.28,179482.3,17013.41,4203.62
34,MD,EO,PO4,155215.3,34412.53,168035.6,16419.85,3740.398
34,MD,EO,O1,131350.2,36841.87,141503,14277.35,4012.656
34,MD,EO,O2,100734.5,33347.89,121156.3,12591.9,3958.983
34,MD,EO,AF7,59582.25,11734.07,62660.87,4809.282,1267.912
34,MD,EO,AF8,66610.6,12592.26,67216.52,4796.679,1370.899
34,MD,EO,F5,59663.93,15114.4,57420.67,7285.122,1972.125
34,MD,EO,F1,67382.22,19124.74,76544.63,9419.808,2501.357
34,MD,EO,F2,58307.34,15518.08,66669.89,7388.908,1897.718
34,MD,EO,F6,47045.59,10609.74,49928.21,4611.678,1132.642
34,MD,EO,FT7,36157.95,10166.92,40838.65,4724.311,1124.241
34,MD,EO,FC3,55756.63,20566.87,87593.91,11721.04,2827.284
34,MD,EO,FCz,56812.33,18081.78,71740.17,7440,2020.228
34,MD,EO,FC4,38375.62,14004.6,63130.68,8700.143,2314.17
34,MD,EO,FT8,48954.45,14286.59,51870.64,4917.068,1236.193
34,MD,EO,C5,32465.98,12919.87,37252.47,6077.435,1564.387
34,MD,EO,C1,43759.59,16809.35,55148,5876.505,1806.619
34,MD,EO,C2,41068.5,15706.06,62110.34,5977.733,1818.556
34,MD,EO,C6,27674.12,10758.59,28008.84,5946.039,1938.292
34,MD,EO,TP7,50536.37,17387.22,44604.27,7903.269,2526.811
34,MD,EO,CP3,33522.52,11762.97,35369.78,3722.593,950.3676
34,MD,EO,CPz,52177.34,15911.14,72773.47,5622.135,1422.279
34,MD,EO,CP4,44446.36,12431.81,67779.16,6474.542,1603.522
34,MD,EO,TP8,82797.41,34740.15,115370.4,11159.58,2650.061
34,MD,EO,P5,75939.35,18840.11,76652.84,9054.207,2329.947
34,MD,EO,P1,96795.72,20539.77,99573.99,8571.16,1469.865
34,MD,EO,P2,99137.35,20776.72,120846,10272.64,1755.361
34,MD,EO,P6,207123.3,74099.95,198431.2,28071.44,9795.797
34,MD,EO,PO7,134724.2,34171.01,146264.2,14922.36,4188.143
34,MD,EO,POz,154210.1,30499.18,130624.2,13960.46,3157.012
34,MD,EO,PO8,138660.9,47981.66,207902.8,16883.83,4227.73
34,MD,EO,Oz,99444.83,29851.85,113191.1,11498.62,3371.792
34,MD,EO,P9,145418.1,46322.04,121007.1,15300.25,5429.888
34,MD,EO,P10,142167.5,58566.47,204073.6,16816.26,4202.599
34,MD,EO,TP9,27577.22,8512.417,21247.3,3787.229,1275.111
35,nonMD,EC,AFz,58193.23,19885.23,51996.58,4827.435,1181.155
35,nonMD,EC,Fp1,119199.7,40732.63,97887.31,8989.805,2785.718
35,nonMD,EC,Fp2,82963.55,26175.29,67569.04,7240.628,2453.48
35,nonMD,EC,AF3,65623.48,22607.31,57074.59,5208.96,1348.564
35,nonMD,EC,AF4,49921.3,17103.39,46950.81,4353.134,1019.603
35,nonMD,EC,F7,110224.7,43097.48,61100.78,7125.006,2716.593
35,nonMD,EC,F3,46045.41,16301.43,42385.51,3713.49,918.9069
35,nonMD,EC,Fz,54257.6,18789.6,44070.61,4260.249,1009.85
35,nonMD,EC,F4,52426.36,19547.39,39944.78,4561.999,1171.836
35,nonMD,EC,F8,36004.74,15211.06,28523.36,4133.242,1132.332
35,nonMD,EC,FC5,37190.37,16592.51,28306.06,2906.305,832.7578
35,nonMD,EC,FC1,37102.18,13447.31,28688.89,2871.226,699.361
35,nonMD,EC,FC2,48483.58,18674.29,31076.1,3684.148,971.1039
35,nonMD,EC,FC6,28354.25,12045.03,22718.61,3220.585,774.2477
35,nonMD,EC,T7,64016.47,30787.46,31191.3,4898.131,1483.432
35,nonMD,EC,C3,21412.64,10652.9,14452.05,2462.521,551.7052
35,nonMD,EC,Cz,48792,20873.92,21223.06,3460.857,1163.278
35,nonMD,EC,C4,19201.17,11141.72,13597.37,2477.359,617.1515
35,nonMD,EC,T8,35379.02,17493.35,22046.52,4560.814,1050.712
35,nonMD,EC,CP5,37386.62,18111.17,28218.58,4452.01,907.4756
35,nonMD,EC,CP1,46384.47,18515.17,28629.86,4374.608,1062.205
35,nonMD,EC,CP2,33164.34,15205.17,20344.3,2976.72,949.1976
35,nonMD,EC,CP6,25728.81,11826.2,24683.61,3322.898,746.2051
35,nonMD,EC,P7,67739.87,32244.89,79708.95,10649.95,1967.601
35,nonMD,EC,P3,68541.55,26745.23,123263.1,10042.73,1441.065
35,nonMD,EC,Pz,92314.34,33165.25,118939.3,10156.55,1686.653
35,nonMD,EC,P4,68404.82,23955.82,96181.23,6861.535,1263.398
35,nonMD,EC,P8,78185.97,30492.2,57239.84,7017.611,1824.026
35,nonMD,EC,PO3,84850.33,33905.81,182260.9,13263.3,1920.397
35,nonMD,EC,PO4,114367.2,38145.26,162037.6,10699.68,2065.372
35,nonMD,EC,O1,63311.82,32323.57,67183.86,12605.12,2859.627
35,nonMD,EC,O2,82739.78,29555.57,80858.21,7031.446,1705.628
35,nonMD,EC,AF7,123189.6,44923.18,91483.52,9187.066,3144.076
35,nonMD,EC,AF8,49783,19104.43,44445.78,5010.224,1379.539
35,nonMD,EC,F5,59117.81,22396.89,48092.69,4361.52,1288.025
35,nonMD,EC,F1,46915.3,16043.26,42755.68,3759.353,877.1472
35,nonMD,EC,F2,53644.26,18978.24,42595.76,4314.688,1042.384
35,nonMD,EC,F6,38405.38,15075.05,29072.44,3870.319,984.6215
35,nonMD,EC,FT7,43676.29,20077.74,22917.5,3069,1069.793
35,nonMD,EC,FC3,23645.56,9516.377,22503.61,2189.551,511.087
35,nonMD,EC,FCz,49950.11,19021.61,33081.7,3607.492,954.7388
35,nonMD,EC,FC4,30794.28,13002.28,23050.54,3030.911,738.2618
35,nonMD,EC,FT8,19821.21,10379.7,12551.64,3008.796,625.2423
35,nonMD,EC,C5,31027.78,15790.87,16419.54,2822.678,754.7299
35,nonMD,EC,C1,34381.02,14532.21,16172.65,2770.858,761.893
35,nonMD,EC,C2,34462.72,16356.69,15908.61,2819.086,952.1373
35,nonMD,EC,C6,24256.05,11903.25,14726.09,3049.073,772.296
35,nonMD,EC,TP7,70353.8,35244.15,38810.49,7643.464,1890.535
35,nonMD,EC,CP3,30750.14,13815.64,26901.7,3945.649,760.295
35,nonMD,EC,CPz,55118.96,21661.88,29199.02,4449.357,1347.359
35,nonMD,EC,CP4,18769.52,9831.046,18614.2,2394.708,649.8953
35,nonMD,EC,TP8,55873.64,25644.28,30225.71,6102.007,1685.168
35,nonMD,EC,P5,64671.11,26226.6,115682.1,9727.801,1353.859
35,nonMD,EC,P1,79497.8,30629.68,122066.4,10464.58,1505.65
35,nonMD,EC,P2,74949.7,26727.75,117517.2,8187.375,1370.508
35,nonMD,EC,P6,83517.81,30948.46,93315.18,8113.069,1768.335
35,nonMD,EC,PO7,67864.35,33689.81,92502.34,12201.42,2208.051
35,nonMD,EC,POz,68133.37,24538.65,103884.1,7903.724,1326.554
35,nonMD,EC,PO8,82738.76,29265.29,80179.56,7071.359,1782.654
35,nonMD,EC,Oz,61915.37,29006.09,56825.02,9604.433,1998.797
35,nonMD,EC,P9,38064.57,18566.18,38164.73,6094.064,1188.819
35,nonMD,EC,P10,43056.3,16803.16,30995.46,3666.107,1180.551
35,nonMD,EC,TP9,29670.5,15075.64,19765.88,3798.538,867.7639
35,nonMD,EO,AFz,65343.49,28632.25,13894.98,4102.083,1407.103
35,nonMD,EO,Fp1,58409.58,27590.82,14352.88,3695.689,1268.836
35,nonMD,EO,Fp2,94977.04,41296,22227.16,6382.681,2677.649
35,nonMD,EO,AF3,50780.28,21594.91,10352.65,3143.181,1082.635
35,nonMD,EO,AF4,60761.26,27119.88,13665.27,4093.465,1524.429
35,nonMD,EO,F7,52261.86,26054.93,12632.82,3517.421,1377.647
35,nonMD,EO,F3,43000.67,17568.42,8353.913,2823.795,969.7411
35,nonMD,EO,Fz,69632.71,27444.55,13253.39,3768.713,1217.142
35,nonMD,EO,F4,60664.01,26335.16,13324.14,4052.189,1343.202
35,nonMD,EO,F8,96450.55,38016.93,20519.73,5385.798,2025.838
35,nonMD,EO,FC5,22371.44,9289.193,5199.319,2003.177,768.5425
35,nonMD,EO,FC1,41477.62,15422.55,7690.912,2128.294,741.8538
35,nonMD,EO,FC2,47553.09,19135.36,9802.846,2863.134,907.2236
35,nonMD,EO,FC6,41234.41,18503.46,10353.9,2892.026,982.8682
35,nonMD,EO,T7,32101.28,15108,8568.897,2596.211,968.4022
35,nonMD,EO,C3,26673.13,10681.7,5353.446,1846.333,644.0927
35,nonMD,EO,Cz,45067.63,17226.05,9156.222,2345.995,760.0546
35,nonMD,EO,C4,24846.01,11103.03,5377.348,1896.213,661.6236
35,nonMD,EO,T8,48460.55,18560.2,11383.35,2831.626,990.6707
35,nonMD,EO,CP5,38923.78,15143.41,9294.159,2912.544,871.2302
35,nonMD,EO,CP1,57833.36,22254.97,12848.1,3072.377,893.0459
35,nonMD,EO,CP2,36624.71,18337.42,10000.76,2645.466,745.0491
35,nonMD,EO,CP6,34649.05,18009.25,9083.816,3141.696,1464.255
35,nonMD,EO,P7,62232.08,23988.62,15644.25,4419.657,1362.556
35,nonMD,EO,P3,78242.84,30469.27,19704.58,5014.672,1267.274
35,nonMD,EO,Pz,102360,38666.34,25943.82,6467.002,1703.573
35,nonMD,EO,P4,45607.61,22478.48,13634.71,3979.327,1180.509
35,nonMD,EO,P8,83327.78,26919.91,16863.67,5398.35,2532.03
35,nonMD,EO,PO3,75934.88,32154.46,19371.97,5281.583,1711.584
35,nonMD,EO,PO4,93443.41,45869.5,24455.77,7757.906,2658.391
35,nonMD,EO,O1,36382.74,16323.46,9277.009,2677.496,1132.095
35,nonMD,EO,O2,68244.84,26422.06,15733.72,4826.424,1850.37
35,nonMD,EO,AF7,53148.48,24473.41,12010.64,3215.494,1213.927
35,nonMD,EO,AF8,124056.7,51664.87,25871.51,8062.881,4068.164
35,nonMD,EO,F5,35073.27,14974.19,7875.25,2936.907,1235.485
35,nonMD,EO,F1,62379.04,24817.76,11637.52,3479.011,1161.229
35,nonMD,EO,F2,62082.79,25629.34,12605.71,3593.649,1165.683
35,nonMD,EO,F6,52183.45,23056.9,12322.59,3467.048,1291.594
35,nonMD,EO,FT7,31358.55,15652.54,8412.786,2565.748,1009.222
35,nonMD,EO,FC3,30400.71,11178.28,5561.754,1972.392,763.3811
35,nonMD,EO,FCz,58515.59,22601.33,11507.4,3002.645,966.9272
35,nonMD,EO,FC4,30343.85,13629.56,7324.866,2274.715,737.4948
35,nonMD,EO,FT8,33152.41,13240.69,8271.756,2123.102,705.5391
35,nonMD,EO,C5,26106.19,10517.47,5832.279,2396.964,862.8655
35,nonMD,EO,C1,39857.31,14127.81,7473.303,2064.649,747.2595
35,nonMD,EO,C2,31870.08,13024.87,6659.221,2056.198,659.4531
35,nonMD,EO,C6,15524.92,6568.313,4022.239,1251.281,410.8445
35,nonMD,EO,TP7,55772.68,22695.94,15447.43,4546.638,1549.123
35,nonMD,EO,CP3,47480.31,18907.74,10181.31,3021.356,875.5305
35,nonMD,EO,CPz,58259.68,23384.81,13366.35,3375.803,1101.557
35,nonMD,EO,CP4,31656.08,13828.91,7629.635,2512.181,763.84
35,nonMD,EO,TP8,55173.6,19899.49,12197.66,3398.631,1143.644
35,nonMD,EO,P5,72518.11,28313.08,17788.46,5015.288,1338.999
35,nonMD,EO,P1,84684.45,30763.2,20671.63,5068.246,1335.003
35,nonMD,EO,P2,69193.52,31576.51,18952.62,5304.14,1520.76
35,nonMD,EO,P6,86830.07,34758.75,21264.75,7085.266,2437.435
35,nonMD,EO,PO7,47738.59,19254.18,10896.69,3213.483,1123.642
35,nonMD,EO,POz,57006.43,26899.97,13833.42,3985.44,1471.052
35,nonMD,EO,PO8,69898.13,25851.73,15379.98,4785.175,1808.434
35,nonMD,EO,Oz,39032.19,15861,8355.24,2409.568,933.4325
35,nonMD,EO,P9,33686.55,12691,8298.157,2283.974,788.3179
35,nonMD,EO,P10,53550.18,20405.38,10299.77,2730.097,1057.813
35,nonMD,EO,TP9,28181.84,10989.41,7447.042,2105.484,722.0862
36,MD,EC,AFz,69594.49,33287.67,321925.1,12187.83,1973.538
36,MD,EC,Fp1,210041.9,59287.47,403718.9,20945.72,6421.256
36,MD,EC,Fp2,191438.5,70325.8,310586.6,25470.13,9528.101
36,MD,EC,AF3,102792,34532.03,370504.4,14307.7,2742.631
36,MD,EC,AF4,123971.4,59286.77,320505.8,19572.98,4980.38
36,MD,EC,F7,419080.4,119634.3,616457.4,46068.71,14537.8
36,MD,EC,F3,79881.42,33002.68,351575.5,13041.23,1961.902
36,MD,EC,Fz,74961.14,38133.29,332402.5,13466.01,2045.068
36,MD,EC,F4,106656,60612.04,327163.3,17878.97,3345.513
36,MD,EC,F8,406790.3,149773.1,405858.7,55269.52,21606.68
36,MD,EC,FC5,137907.5,46891.92,285803.8,17461.87,4103.703
36,MD,EC,FC1,73643.98,33255.93,276917.5,12125.26,1585.09
36,MD,EC,FC2,78406.8,44346.59,256023.1,13835.51,2011.322
36,MD,EC,FC6,125955.3,63939.08,202755.7,18791.68,5019.828
36,MD,EC,T7,186009,70604.3,224903.2,21552.22,5196.893
36,MD,EC,C3,57023.88,28029.32,130811,10294.41,1495.337
36,MD,EC,Cz,71009.43,32531.55,171206.7,10912.83,1726.139
36,MD,EC,C4,53800.36,39507.69,117263,11797.77,1787.945
36,MD,EC,T8,151154.3,78222.05,134890.7,22859.01,6347.342
36,MD,EC,CP5,76905.73,40838.73,92383.84,12070.76,2642.201
36,MD,EC,CP1,44874.24,20104.89,77626.37,7820.696,1345.727
36,MD,EC,CP2,47433.61,24191.29,124243.1,10503.1,1436.753
36,MD,EC,CP6,88982.49,42025.72,177511.1,15810.66,2184.745
36,MD,EC,P7,124585.4,75428.53,227466.2,21043.49,3176.104
36,MD,EC,P3,94637.34,43333.49,347276.5,17631.05,3225.377
36,MD,EC,Pz,80859.96,39807.7,440488,16902.24,2350.263
36,MD,EC,P4,91522.61,45033.44,594737.9,23994.59,2508.13
36,MD,EC,P8,342164.9,194405.2,1453264,84763.63,6442.311
36,MD,EC,PO3,166926.5,86679.22,961273.9,33732.69,5005.345
36,MD,EC,PO4,265226.4,140674.8,1951757,77585.78,6681.753
36,MD,EC,O1,154531.9,91800.41,811304.2,31946.62,6074.703
36,MD,EC,O2,148913.2,91761.74,855764.6,37047.4,4405.784
36,MD,EC,AF7,502851.9,140267.7,679531.7,50769.98,17263.62
36,MD,EC,AF8,411138.9,146241.6,434577.2,54074.21,20395.64
36,MD,EC,F5,160001.5,50592.99,382210.1,20105.95,4964.845
36,MD,EC,F1,75823.07,34749.92,340744.1,12639.61,1751.867
36,MD,EC,F2,89554.81,50635.08,330946.8,15872.54,2677.511
36,MD,EC,F6,163186.6,80236.29,309681.5,25583.31,7159.176
36,MD,EC,FT7,297072.3,93846.48,403408.8,33135.67,9494.47
36,MD,EC,FC3,76740.57,32977.38,266545.3,12643.72,1836.92
36,MD,EC,FCz,88376.54,42210.23,321306.7,14221.66,2051.143
36,MD,EC,FC4,89083.62,54827.22,218470.2,16291.72,3804.103
36,MD,EC,FT8,214619,89130.35,210466.7,28181.16,8543.271
36,MD,EC,C5,84692.09,36037.69,140751.7,12146.92,2442.863
36,MD,EC,C1,51109.5,24226,132299.8,8853.538,1180.195
36,MD,EC,C2,47928.4,29102.07,118371.8,9873.42,1345.604
36,MD,EC,C6,82870.73,47686.79,102652,12802.98,3140.559
36,MD,EC,TP7,133741.8,69715.16,128650.1,18717,3493.214
36,MD,EC,CP3,50536.57,25229.75,81870.67,9543.334,1780.265
36,MD,EC,CPz,43188.75,19338.81,81068.55,7731.881,1350.146
36,MD,EC,CP4,52401.78,30671.15,167279.9,13298.9,1542.405
36,MD,EC,TP8,147317,75469.99,215738.3,25348.64,3810.164
36,MD,EC,P5,92440.62,51284.11,267539.5,17011.02,2862.742
36,MD,EC,P1,85139.21,38963.62,400259.8,16291.06,2616.809
36,MD,EC,P2,91648.12,44634.55,592096.8,23607.03,2402.022
36,MD,EC,P6,229833.5,94704.53,857397.2,46848.57,5280.002
36,MD,EC,PO7,163279,93955.55,693505.1,31048.61,4772.311
36,MD,EC,POz,148775.1,84044.52,1130345,35263.2,4510.837
36,MD,EC,PO8,328278.3,188291,1711756,86276.7,7662.668
36,MD,EC,Oz,134042.8,80606.12,689316.8,28585.08,4528.792
36,MD,EC,P9,173743.1,99979.23,265143.3,31318.57,5038.786
36,MD,EC,P10,154261.3,94036.77,415262.5,36459.93,5171.136
36,MD,EC,TP9,94672.91,46328.58,82884.02,12408.36,2532.806
36,MD,EO,AFz,42027.11,15558.15,19371.29,4424.505,926.7327
36,MD,EO,Fp1,41257.46,13523.35,17582.95,4336.948,1213.21
36,MD,EO,Fp2,59034.07,20548.1,21501.56,6255.083,1984.931
36,MD,EO,AF3,36741.43,13128.14,21074.44,3894.043,720.9806
36,MD,EO,AF4,64344.86,25553.23,27481.26,6638.854,1762.284
36,MD,EO,F7,56717.41,19841.33,32327.22,5782.764,1677.44
36,MD,EO,F3,39218.3,15411.79,23519.79,4455.186,881.3399
36,MD,EO,Fz,53454.38,22175.28,23658.02,5520.769,1263.556
36,MD,EO,F4,67840.55,31042.35,34360.93,7492.566,1830.131
36,MD,EO,F8,113044.8,33971.47,42353.21,10612.91,4377.534
36,MD,EO,FC5,31144.25,13291.05,21659.24,3726.032,932.2887
36,MD,EO,FC1,49666.91,21329.34,21194.79,5365.84,1596.302
36,MD,EO,FC2,46893.23,24561.42,27653.05,5814.286,1394.739
36,MD,EO,FC6,59933.33,23537.47,34923.57,6593.096,2026.188
36,MD,EO,T7,31501.67,14125.65,23529.07,4363.086,1161.426
36,MD,EO,C3,24665.29,13505.11,16213.38,3950.921,1412.031
36,MD,EO,Cz,44646.58,19233.52,18861.79,4950.822,1626.174
36,MD,EO,C4,35008.43,24610.07,43512.67,6656.579,1373.772
36,MD,EO,T8,75384.3,25248.37,40108.66,8223.096,3276.07
36,MD,EO,CP5,46754.55,19568.34,29524.9,5737.683,1910.818
36,MD,EO,CP1,39939.09,14473,26088.1,4642.098,1491.497
36,MD,EO,CP2,41592.82,15738.89,33917.14,5592.889,1168.417
36,MD,EO,CP6,44867.12,24399.46,48450.81,8123.815,1835.776
36,MD,EO,P7,57671.33,26216.92,37371.21,8822.263,2967.874
36,MD,EO,P3,69140.73,24671.75,58428.39,8863.165,2081.39
36,MD,EO,Pz,92127.64,25965.03,79263.92,10130.03,1575.908
36,MD,EO,P4,78777.34,25861.18,67389.01,10308.9,1439.287
36,MD,EO,P8,119259.4,69077.3,103287.8,20852.33,4157.897
36,MD,EO,PO3,105617,39631.6,75902.18,13615.44,3377.617
36,MD,EO,PO4,155382.1,66176.08,151788.1,25862.41,3345.494
36,MD,EO,O1,95225.12,39155.82,51045.3,12036.69,4277.008
36,MD,EO,O2,102847.3,49102.63,54993.25,12866.87,3340.515
36,MD,EO,AF7,48635.81,15955.72,24430.76,5051.523,1477.202
36,MD,EO,AF8,77296.89,24809.36,26938.3,6933.301,2250.922
36,MD,EO,F5,37462.03,14116.38,23639,4235.871,823.0773
36,MD,EO,F1,49703.28,19655.04,23598.71,5091.815,1102.69
36,MD,EO,F2,54545.39,24721.41,27962.6,6007.843,1387.068
36,MD,EO,F6,79380.25,31828.93,40254.31,8302.966,2393.097
36,MD,EO,FT7,50503.66,18953.75,31007.45,5500.565,1614.133
36,MD,EO,FC3,35053.46,15342.46,19677.8,4433.586,1213.738
36,MD,EO,FCz,57448.3,23747.32,21882.04,5677.268,1769.813
36,MD,EO,FC4,44667.5,26672.35,37642.9,6530.649,1421.824
36,MD,EO,FT8,97110.55,29198.97,40416.99,10183.63,5036.67
36,MD,EO,C5,16539.14,10202.84,16472.62,3088.83,916.8843
36,MD,EO,C1,42206.43,19353.29,18797.87,5136.562,1821.804
36,MD,EO,C2,29856.1,16499.91,23067.32,4405.547,1154.528
36,MD,EO,C6,35124.32,18073.47,35829.46,5284.695,1544.392
36,MD,EO,TP7,36293.75,18495.2,26734.88,5958.307,1702.734
36,MD,EO,CP3,34668.67,15204.23,27900.32,4958.877,1613.771
36,MD,EO,CPz,42634.35,13493.6,26653.16,4667.539,1263.882
36,MD,EO,CP4,39233.33,20799.77,46203.82,6995.4,1282.665
36,MD,EO,TP8,52162.05,27617.16,48643.37,8204.604,2658.948
36,MD,EO,P5,49268.96,21220.94,38588.29,7070.042,1962.195
36,MD,EO,P1,87675.35,26059.37,72216.35,9506.163,1609.648
36,MD,EO,P2,92612.86,27804.96,80169.96,11366.47,1632.726
36,MD,EO,P6,125367,53315.75,58507.84,14624.91,3919.021
36,MD,EO,PO7,88494.19,36921.02,53307.87,12016.53,4086.547
36,MD,EO,POz,144529.9,45886.05,121399.8,16839.73,2272.461
36,MD,EO,PO8,132737.4,72998.45,100696.5,21986.11,4443.5
36,MD,EO,Oz,100380.4,43474.63,46427.32,11119.87,3334.038
36,MD,EO,P9,89922.92,38283.72,49000.79,12998.56,4723.423
36,MD,EO,P10,84306.91,43021.08,53234.39,11571.82,3695.532
36,MD,EO,TP9,23941.29,11387.86,16404.87,4012.316,1415.679
37,nonMD,EC,AFz,34413.12,10700.11,11991.06,3724.066,2233.649
37,nonMD,EC,Fp1,20900.65,6548.456,6855.273,2188.477,1399.342
37,nonMD,EC,Fp2,35450.5,10845.12,15158.33,6120.955,2456.395
37,nonMD,EC,AF3,12707.2,4050.765,4665.752,1417.79,912.2189
37,nonMD,EC,AF4,19898.12,6386.465,8099.149,2769.4,1642.978
37,nonMD,EC,F7,21990.83,6624.317,5957.863,2458.89,1499.198
37,nonMD,EC,F3,17314.46,5222.446,4784.003,1898.029,1151.996
37,nonMD,EC,Fz,10508.79,3430.501,4157.001,1304.236,864.0227
37,nonMD,EC,F4,18724.47,6153.008,8000.756,3080.484,1887.517
37,nonMD,EC,F8,19372.74,6044.031,8310.355,3310.874,1570.241
37,nonMD,EC,FC5,17005.83,6114.988,5883.376,2861.972,2268.464
37,nonMD,EC,FC1,1739.956,530.6884,721.3071,289.033,109.0921
37,nonMD,EC,FC2,7507.306,2425.637,3204.117,1566.465,864.5272
37,nonMD,EC,FC6,15802.58,5359.396,6730.729,2823.166,1894.74
37,nonMD,EC,T7,20691.04,8271.151,9155.538,4032.327,3150.156
37,nonMD,EC,C3,7801.324,3272.759,3934.88,1491,1271.241
37,nonMD,EC,Cz,1972.481,657.1269,585.3087,295.0544,216.6416
37,nonMD,EC,C4,5162.943,1578.308,1332.652,709.6213,455.8382
37,nonMD,EC,T8,123.2059,39.12968,41.21637,25.26172,15.10701
37,nonMD,EC,CP5,11002.22,4234.405,5179.391,1662.108,1355.257
37,nonMD,EC,CP1,9988.89,3175.078,3478.188,1060.509,696.1978
37,nonMD,EC,CP2,9395.79,2964.982,3238.81,1339.591,660.2742
37,nonMD,EC,CP6,2625.538,916.4611,1607.003,856.558,258.5407
37,nonMD,EC,P7,8106.573,3104.805,3790.366,1210.87,987.438
37,nonMD,EC,P3,20865.75,6315.571,7080.529,2586.597,1217.081
37,nonMD,EC,Pz,20495.16,6253.648,7424.545,2845.057,1220.625
37,nonMD,EC,P4,23303.14,7180.943,8512.242,3363.59,1439.42
37,nonMD,EC,P8,9237.474,2851.114,4416.938,2054.069,690.3281
37,nonMD,EC,PO3,16549.29,5232.344,6000.73,1835.242,1151.448
37,nonMD,EC,PO4,22857.01,7152.521,10997.59,5069.477,1623.182
37,nonMD,EC,O1,5895.273,1822.951,2024.087,633.7923,374.2608
37,nonMD,EC,O2,17501.62,5544.792,8595.531,4014.722,1266.16
37,nonMD,EC,AF7,30285.26,9155.312,8888.886,3155.392,1876.606
37,nonMD,EC,AF8,48273.95,15106,21353.46,9232.578,4288.19
37,nonMD,EC,F5,20640.68,6217.024,5573.669,2300.925,1404.897
37,nonMD,EC,F1,11259.72,3603.77,4302.929,1340.464,845.5225
37,nonMD,EC,F2,13495.12,4413.489,5667.97,2034.512,1258.597
37,nonMD,EC,F6,21320.25,6977.147,9074.729,3433.099,2084.222
37,nonMD,EC,FT7,25590.45,10019.85,10771.32,4820.88,3805.013
37,nonMD,EC,FC3,3682.499,1224.906,1096.932,544.5045,394.7193
37,nonMD,EC,FCz,6795.865,2366.673,2918.813,990.729,745.8077
37,nonMD,EC,FC4,13589.44,4678.132,5808.997,2346.353,1653.702
37,nonMD,EC,FT8,13592.93,4605.897,5814.596,2365.212,1588.604
37,nonMD,EC,C5,17567.46,7290.943,8673.331,3294.119,2843.882
37,nonMD,EC,C1,1268.426,436.6839,502.645,153.4203,113.0536
37,nonMD,EC,C2,3158.032,1158.148,1143.16,542.9792,429.6366
37,nonMD,EC,C6,578.5752,195.6222,240.2416,110.4055,73.33048
37,nonMD,EC,TP7,8921.512,3547.752,4334.249,1458.086,1251.526
37,nonMD,EC,CP3,12435.33,4562.588,5478.595,1692.54,1355.928
37,nonMD,EC,CPz,7764.484,2345.491,2525.396,912.7191,454.8128
37,nonMD,EC,CP4,13954.19,4253.113,5612.52,2209.931,851.6788
37,nonMD,EC,TP8,2231.166,681.8466,968.8962,402.6976,149.3816
37,nonMD,EC,P5,9947.24,3635.483,4359.636,1342.994,1074.822
37,nonMD,EC,P1,20404.73,6191.752,7174.172,2667.856,1194.746
37,nonMD,EC,P2,21752.78,6702.022,8201.704,3259.718,1336.383
37,nonMD,EC,P6,18120.01,5652.766,8053.486,3494.22,1193.667
37,nonMD,EC,PO7,7004.169,2328.137,2584.416,805.4921,560.5559
37,nonMD,EC,POz,21447.84,6553.083,8402.192,3304.568,1292.421
37,nonMD,EC,PO8,18989.82,6009.828,9587.05,4599.644,1425.2
37,nonMD,EC,Oz,7800.035,2374.752,3178.47,1231.25,494.5305
37,nonMD,EC,P9,5450.425,2121.33,2604.357,844.042,692.204
37,nonMD,EC,P10,3825.114,1184.979,1746.788,803.0924,333.9596
37,nonMD,EC,TP9,5732.776,2306.965,2803.899,971.0867,841.9941
37,nonMD,EO,AFz,43340.54,14490.34,15561.9,4991.988,2731.227
37,nonMD,EO,Fp1,37802.36,12392.53,11668.15,4000.235,2421.879
37,nonMD,EO,Fp2,37453.67,11782.76,15614.38,6370.301,2675.457
37,nonMD,EO,AF3,26923.14,8830.399,8964.662,3293.284,1775.431
37,nonMD,EO,AF4,26069.6,8828.976,10664.41,3909.348,1958.023
37,nonMD,EO,F7,27917.91,9160.094,7995.792,2973.786,1925.544
37,nonMD,EO,F3,24143.93,7977.461,7002.054,2566.028,1654.686
37,nonMD,EO,Fz,14239.8,4985.118,5553.284,1943.706,1149.777
37,nonMD,EO,F4,21801.56,7317.202,9395.142,3751.164,1954.498
37,nonMD,EO,F8,19594.99,6058.89,8237.143,3319.74,1564.421
37,nonMD,EO,FC5,20034.07,7606.222,7304.324,3269.171,2592.293
37,nonMD,EO,FC1,2726.788,991.9449,1129.423,563.6572,317.9439
37,nonMD,EO,FC2,10130.42,3378.002,3619.424,1832.051,1209.653
37,nonMD,EO,FC6,16174.36,5325.849,6549.662,2847.441,2025.298
37,nonMD,EO,T7,22407.85,8637.222,9157.927,4158.443,3157.242
37,nonMD,EO,C3,7712.013,3177.808,3932.158,1578.75,1367.267
37,nonMD,EO,Cz,2582.122,937.1141,836.246,422.3918,301.6134
37,nonMD,EO,C4,6575.956,1802.479,1585.632,987.9348,558.5818
37,nonMD,EO,T8,2219.994,872.3246,769.6493,640.6085,518.0111
37,nonMD,EO,CP5,12141.25,4479.481,5286.817,1689.078,1360.145
37,nonMD,EO,CP1,10265.68,3242.216,3583.665,1103.368,712.8922
37,nonMD,EO,CP2,15909.38,5414.703,5954.525,2396.596,1037.05
37,nonMD,EO,CP6,2768.723,1025.684,1778.271,964.6303,313.8312
37,nonMD,EO,P7,10789.58,4173.885,4492.172,1560.971,1200.973
37,nonMD,EO,P3,21974.75,7101.241,8107.013,2875.485,1234.606
37,nonMD,EO,Pz,21985.72,7247.417,8819.345,3295.129,1252.985
37,nonMD,EO,P4,24651.35,8222.945,9998.681,3831.775,1470.853
37,nonMD,EO,P8,16038.87,5564.038,7724.245,3747.937,1301.325
37,nonMD,EO,PO3,18575.78,6195.649,6760.399,2121.922,1300.015
37,nonMD,EO,PO4,28873.42,10025.87,15148.59,6965.275,2036.589
37,nonMD,EO,O1,10869.11,3888.264,3831.88,1559.44,960.3423
37,nonMD,EO,O2,22805.29,8096.018,12175.92,5693.017,1728.426
37,nonMD,EO,AF7,36135.87,11838.89,11249.29,3782.011,2247.856
37,nonMD,EO,AF8,50638.14,16298.67,23166.23,10114.21,4240.486
37,nonMD,EO,F5,26099.96,8639.913,7612.022,2859.682,1832.004
37,nonMD,EO,F1,16102.2,5549.96,6108.657,2132.422,1187.994
37,nonMD,EO,F2,17525.99,5966.998,7314.633,2810.127,1456.328
37,nonMD,EO,F6,23835.77,7968.88,10286.52,3996.248,2106.272
37,nonMD,EO,FT7,25786.42,10507.17,11317.92,4940.585,3780.936
37,nonMD,EO,FC3,5448.992,1997.48,1806.232,880.7514,672.6133
37,nonMD,EO,FCz,8859.636,3183.085,3633.893,1347.233,879.6497
37,nonMD,EO,FC4,14884.39,5196.688,6317.929,2611.852,1675.027
37,nonMD,EO,FT8,13953.53,4565.505,5679.761,2437.379,1740.618
37,nonMD,EO,C5,17467.79,7162.492,8584.643,3299.303,2838.512
37,nonMD,EO,C1,1556.135,511.0699,605.5075,279.1165,215.9872
37,nonMD,EO,C2,4147.307,1618.07,1554.582,721.855,534.6879
37,nonMD,EO,C6,1103.919,379.0396,421.6508,301.608,235.6865
37,nonMD,EO,TP7,11561.59,4508.432,4956.016,1772.707,1400.381
37,nonMD,EO,CP3,12793.24,4596.922,5485.282,1688.961,1341.98
37,nonMD,EO,CPz,8650.437,2791.836,3099.648,1107.136,497.5075
37,nonMD,EO,CP4,14663.16,4275.264,5318.483,2161.457,912.9042
37,nonMD,EO,TP8,3656.232,1338.613,1640.015,790.9914,376.9601
37,nonMD,EO,P5,12438.35,4645.777,5036.663,1645.76,1248.194
37,nonMD,EO,P1,21429.51,6951.539,8208.159,2975.055,1207.274
37,nonMD,EO,P2,24089.15,8110.319,10192.97,3946.47,1411.573
37,nonMD,EO,P6,20657.62,6947.861,10182.47,4396.226,1268.102
37,nonMD,EO,PO7,11927.41,4231.802,4008.87,1472.57,1022.264
37,nonMD,EO,POz,23255.69,7772.012,9919.426,3886.745,1456.403
37,nonMD,EO,PO8,25317.75,8906.743,13737.69,6585.687,1932.288
37,nonMD,EO,Oz,11728.19,4191.478,5058.291,2219.082,1020.061
37,nonMD,EO,P9,9339.026,3667.343,3700.561,1488.193,1125.421
37,nonMD,EO,P10,9678.029,3430.273,4086.742,2174.265,1026.393
37,nonMD,EO,TP9,6898.757,2758.427,3088.193,1114.135,901.4492
38,MD,EC,AFz,278630.3,234627.7,1132368,21752.57,3222.8
38,MD,EC,Fp1,260219,230402.6,1146088,25839.33,5267.524
38,MD,EC,Fp2,329424.8,267494.3,1118441,26621.47,6476.868
38,MD,EC,AF3,275870,231468.6,1072442,22167.22,3205.061
38,MD,EC,AF4,253023.8,237863.8,1012630,20631.65,3115.83
38,MD,EC,F7,187246,164971.2,666357.9,15679.5,3824.875
38,MD,EC,F3,225386.7,192577.5,853485.4,19143.97,3021.642
38,MD,EC,Fz,179923.4,168207.2,918611.4,18370.91,2626.645
38,MD,EC,F4,194810.4,201624.4,721531.1,17986.96,3291.168
38,MD,EC,F8,195108.2,209241.2,584589.7,15999.09,2908.203
38,MD,EC,FC5,184155.4,148644.2,432828,12248.9,3359.427
38,MD,EC,FC1,96102.31,100359.9,472838.4,12019.4,1808.946
38,MD,EC,FC2,86732.57,108297.8,514019.2,13130.56,1814.229
38,MD,EC,FC6,134875,143090.2,373077.2,13467.69,2799.263
38,MD,EC,T7,251867.2,255581.6,596265.5,19561.45,4737.728
38,MD,EC,C3,104357.2,108192,256883,11716.32,2383.44
38,MD,EC,Cz,95936.89,126746.7,492272.2,14653.58,2163.896
38,MD,EC,C4,108698.2,110009.3,283720.3,11860.26,1835.587
38,MD,EC,T8,201426.3,219104.4,499832.8,18947,4432.024
38,MD,EC,CP5,159079.9,202747.3,580384.1,20002.08,2676.77
38,MD,EC,CP1,149992.6,201619.6,754785.3,20969.17,3209.345
38,MD,EC,CP2,217003.2,275700.2,987056.7,22966.3,2457.191
38,MD,EC,CP6,165383.1,152701.6,540038.1,16772.29,2743.602
38,MD,EC,P7,311980.8,363692.7,1774470,49213.33,4117.093
38,MD,EC,P3,215248.3,282145.7,1273605,30681.84,4048.323
38,MD,EC,Pz,322530.2,414037.6,1651899,36183.61,4710.483
38,MD,EC,P4,275740.1,306440.1,1297632,29073.87,3502.91
38,MD,EC,P8,178013.5,188373.7,1011619,24434.92,6311.547
38,MD,EC,PO3,364073.8,433098.7,2632818,61398.78,6033.962
38,MD,EC,PO4,345803.3,337452.3,1878462,47748.8,7693.14
38,MD,EC,O1,339405.4,307563.4,1753308,52054.21,7621.891
38,MD,EC,O2,308919.4,238691.9,1410276,45411.54,10369.22
38,MD,EC,AF7,192808.8,184995.8,936361.2,20885.72,3439.118
38,MD,EC,AF8,280463.7,257340.5,973791.9,22550.3,4210.85
38,MD,EC,F5,218465.8,187124.5,756791.8,17836.46,3446.913
38,MD,EC,F1,213723.1,185371.9,856611.6,18704.26,2852.25
38,MD,EC,F2,173394.2,176391.6,860382,17984.81,2727.198
38,MD,EC,F6,179206.8,199998.5,617696.7,17755.7,4053.936
38,MD,EC,FT7,243290.1,206392.4,545058,15559.69,4991.881
38,MD,EC,FC3,135474.9,118441,383900.9,11398.28,2482.274
38,MD,EC,FCz,86473.61,102005.2,585801.5,13897.99,1983.598
38,MD,EC,FC4,99823.51,114444,364652.7,12498.37,2395.226
38,MD,EC,FT8,177354,202175.1,446558.2,15876.11,3423.668
38,MD,EC,C5,154031.8,151930.3,335032.7,12461.99,2728.456
38,MD,EC,C1,80427.31,93978.27,342508,12479.07,2324.145
38,MD,EC,C2,91692.47,116334,395421,12442.7,1579.86
38,MD,EC,C6,154714.2,135273.7,324526.9,14318.22,3161.18
38,MD,EC,TP7,241381.9,277997.1,766745.2,26212.81,4538.025
38,MD,EC,CP3,129372.1,169213.7,566604.8,19391.32,2946.458
38,MD,EC,CPz,254102.6,349954.7,1253756,29321.93,3323.586
38,MD,EC,CP4,167030.2,175181.3,617482.9,17108.4,2078.548
38,MD,EC,TP8,201614.1,206139.3,624209.9,20437,4459.83
38,MD,EC,P5,194521.3,268681.7,1220848,32539.65,2841.669
38,MD,EC,P1,219405.7,284703.1,1283903,30361.53,3970.376
38,MD,EC,P2,314756.8,385250.6,1604792,33468.8,4086.456
38,MD,EC,P6,204956.1,208405.4,1046202,25940.47,3846.866
38,MD,EC,PO7,396512.8,438012.3,2577025,65514.11,5781.448
38,MD,EC,POz,316216.1,309948.5,1804140,44067.1,6442.098
38,MD,EC,PO8,338462.5,311355.2,1619316,48181.21,8572.966
38,MD,EC,Oz,292856,236944.3,1313276,40074.2,6853.175
38,MD,EC,P9,317160.5,289177,1110655,36467.75,5917.555
38,MD,EC,P10,37162.6,37868.85,122580.1,5865.291,1515.131
38,MD,EC,TP9,125021.3,132690.5,425182,14566.15,1973.885
38,MD,EO,AFz,108537.7,87474.62,290281.7,12105.31,2800.748
38,MD,EO,Fp1,143781.5,80381.91,295907.4,14167.93,4755.287
38,MD,EO,Fp2,156323.3,96212.05,298319.5,14358.46,5859.032
38,MD,EO,AF3,95553.48,72220.48,271347.4,10862.93,2606.642
38,MD,EO,AF4,107793.6,79818.41,250774.9,11445.82,3439.341
38,MD,EO,F7,97496.88,66853.08,218856.8,9409.086,3033.824
38,MD,EO,F3,86685.22,63389.55,211194.2,9800.151,2552.971
38,MD,EO,Fz,91796.75,72166.97,226267.7,9982.759,2302.78
38,MD,EO,F4,86751.63,63384.35,180648.6,9146.508,2991.556
38,MD,EO,F8,98285.73,72274.02,202987.2,8869.278,3282.383
38,MD,EO,FC5,79761.4,52755.04,140173.9,7410.67,2804.951
38,MD,EO,FC1,66582.7,44877.55,110504.7,6295.615,1763.595
38,MD,EO,FC2,68622.87,48595.36,111939.8,6901.492,1818.403
38,MD,EO,FC6,67384.73,53542.47,133049.3,7059.231,2644.075
38,MD,EO,T7,158682.3,118536.2,245780.1,16002.07,8209.827
38,MD,EO,C3,50875.47,39173.79,125846.5,7684.841,2480.761
38,MD,EO,Cz,74480.34,48946.91,102668.3,7139.56,2004.412
38,MD,EO,C4,49851.93,37061.82,76842.41,6363.143,2088.144
38,MD,EO,T8,107975.9,81671.34,173469.7,11389.11,5558.286
38,MD,EO,CP5,83705.8,67254.48,174248.5,10055.9,3398.458
38,MD,EO,CP1,83237.54,70218,267551.1,11182.65,2350.336
38,MD,EO,CP2,85236.26,73255.33,254519.2,9882.505,2152.406
38,MD,EO,CP6,75479.15,62234.55,162725.7,9798.28,3774.605
38,MD,EO,P7,136140,112778.7,235672.9,14442.43,3135.848
38,MD,EO,P3,101296.8,87524.69,352756,12757.4,2376.477
38,MD,EO,Pz,142706.1,123275.2,547669.4,16355.86,2646.126
38,MD,EO,P4,94187.84,83440.42,380843.4,12994.94,2616.444
38,MD,EO,P8,128700,114257.3,370940,20421.4,6447.238
38,MD,EO,PO3,140162.7,116146.8,390132.9,18369.47,3807.656
38,MD,EO,PO4,133586.4,109275.3,538975.2,19767.69,4073.831
38,MD,EO,O1,134293.4,90205.32,196886,15287.36,4357.333
38,MD,EO,O2,107261.1,75133.99,225249.6,14388.29,4384.646
38,MD,EO,AF7,139903.6,73252.77,269438.4,13180.76,4914.667
38,MD,EO,AF8,145210.1,84536.23,260146.6,12642.41,4912.8
38,MD,EO,F5,87025.4,56946.83,199161.6,9774.777,3305.528
38,MD,EO,F1,84789.3,63563.66,215424.2,9626.419,2371.618
38,MD,EO,F2,87163.67,68276.2,204807.3,9452.82,2353.951
38,MD,EO,F6,81166.17,55865.3,165993.5,7768.118,2642.509
38,MD,EO,FT7,112220.7,80478.89,191397.9,10285.07,4387.602
38,MD,EO,FC3,52879.04,36071.48,100482,5641.753,1814.801
38,MD,EO,FCz,81882.49,55754.17,134683.9,7760.304,2155.965
38,MD,EO,FC4,50822.95,37962.7,83927.71,5811.88,1792.915
38,MD,EO,FT8,90404.02,70480.61,169974,8641.978,3577.146
38,MD,EO,C5,70502.28,55448.62,137977,8332.742,3514.879
38,MD,EO,C1,53793.79,36605.96,102919.8,6549.727,1949.904
38,MD,EO,C2,60314.66,41872.41,75986.94,5987.157,1561.098
38,MD,EO,C6,57172.39,46127.19,104731.6,7210.464,3084.127
38,MD,EO,TP7,155225.5,109063.6,196452.6,12143.64,4595.022
38,MD,EO,CP3,68659.64,58369.54,209652.5,10757.05,2976.454
38,MD,EO,CPz,118956.6,99891.11,358714.7,13078.86,2463.066
38,MD,EO,CP4,61686.48,52549.33,179030.3,8492.614,2245.442
38,MD,EO,TP8,129799.1,100645.7,225364.8,15784.11,6867.542
38,MD,EO,P5,97096.1,80703.92,222739.4,11801.05,2912.516
38,MD,EO,P1,100078.4,88465.09,359154,13067.85,2419.606
38,MD,EO,P2,125213,108780,511041.2,15008.63,2545.179
38,MD,EO,P6,85695.66,74001.54,294550.9,12732.63,3528.875
38,MD,EO,PO7,149453.2,125312.3,285302.8,18281.78,3961.269
38,MD,EO,POz,146895.2,104266,574655.9,19588.98,3575.578
38,MD,EO,PO8,143945.4,116894.9,373822.6,21071.27,6520.442
38,MD,EO,Oz,107038.8,66542.78,188147.6,13178.82,4079.461
38,MD,EO,P9,160914,107337.5,193241.7,16009.62,5129.851
38,MD,EO,P10,160414.7,109693,233681.1,20084.08,8216.762
38,MD,EO,TP9,72310.01,49803.61,84620.19,6088.29,2435.709
39,MD,EC,AFz,111292.4,52152.21,168901.9,13260.09,4073.214
39,MD,EC,Fp1,277610.1,72341.57,238988.9,24042.62,12481.21
39,MD,EC,Fp2,238401.8,55529.85,215832.6,19808.92,9401.393
39,MD,EC,AF3,55687.98,26916.27,137540.9,8118.147,1697.982
39,MD,EC,AF4,69254.23,33160.21,141002.3,9025.989,2690.322
39,MD,EC,F7,37298.86,10264.7,68720.31,4022.855,994.2499
39,MD,EC,F3,79008.08,38172.55,111612.4,10023.81,2612.899
39,MD,EC,Fz,109041.6,55353.68,223264.3,12818.9,3842.107
39,MD,EC,F4,105329.9,46810.52,167025.9,12141.09,4323.173
39,MD,EC,F8,79076.41,17854.65,120213.4,6395.304,1618.328
39,MD,EC,FC5,36105.92,14765.98,50907.9,4989.028,1432.271
39,MD,EC,FC1,68196.2,37130.64,178944,8750.273,2055.206
39,MD,EC,FC2,87329.8,43907.68,190413.3,9998.404,3223.222
39,MD,EC,FC6,61299.81,26196.51,121518.2,8019.288,3042.843
39,MD,EC,T7,28770.02,13412.41,75142.76,4781.948,1250.271
39,MD,EC,C3,33569.99,18961.51,172776,6722.706,1312.236
39,MD,EC,Cz,62222.55,30239.1,232631.2,7480.86,1713.101
39,MD,EC,C4,46160.15,23618.16,123127.1,7321.213,2197.033
39,MD,EC,T8,85120.09,31091.9,134644.9,7910.507,2486.168
39,MD,EC,CP5,31657.1,12169.07,98070.28,6712.199,1569.061
39,MD,EC,CP1,52541.13,23190.17,325279.9,10341.13,1517.957
39,MD,EC,CP2,53576.14,21860.9,182494.2,9095.525,1697.691
39,MD,EC,CP6,50633.08,26872.79,131256.6,9741.914,2711.613
39,MD,EC,P7,97158.22,44305.46,224263,16545.84,3717.182
39,MD,EC,P3,80533.55,29481.09,231436.2,14542.24,3016.43
39,MD,EC,Pz,153385.3,64561.91,705021,26948.74,3322.082
39,MD,EC,P4,138477.3,51945.72,389176.2,23851.46,4001.536
39,MD,EC,P8,107221.5,45518.37,597988.1,19205.61,3069.466
39,MD,EC,PO3,212303.2,61265.62,451844.8,24527.93,6024.44
39,MD,EC,PO4,269892.8,97270.46,997162.9,38328.11,6854.519
39,MD,EC,O1,148002.3,59957.63,574523.7,18870.9,4284.798
39,MD,EC,O2,133324.5,52313.32,609917.4,17696.94,3670.569
39,MD,EC,AF7,2523641,638057.8,1501901,198176.8,120090.3
39,MD,EC,AF8,970197.9,229071.9,654920.6,74876.27,42360.69
39,MD,EC,F5,42851.7,13016.06,66370.45,5540.467,1314.944
39,MD,EC,F1,151551.2,71014.35,199275.6,15364.42,5435.385
39,MD,EC,F2,114265.8,50510.02,178118,12947.94,4661.22
39,MD,EC,F6,38535.41,15213.87,99724.98,5182.992,1268.176
39,MD,EC,FT7,94542.8,24694.42,92404.52,7362.276,3283.333
39,MD,EC,FC3,74772.95,38781.65,141378.2,9210.23,2352.965
39,MD,EC,FCz,84811.18,44567.9,219896.6,9607.686,2541.571
39,MD,EC,FC4,93455.73,43283.7,187654.8,11571.75,4426.35
39,MD,EC,FT8,114417.8,27600.89,92054.27,6757.428,2655.65
39,MD,EC,C5,18646.8,8377.235,68670.41,4442.46,846.3051
39,MD,EC,C1,48671.36,25794.22,221757.4,7164.213,1414.645
39,MD,EC,C2,46051.02,22009.1,154073.5,6390.174,1686.065
39,MD,EC,C6,32261.99,17404.08,85768.91,5488.204,1866.294
39,MD,EC,TP7,60148.85,26372.44,124289.2,9763.367,2142.229
39,MD,EC,CP3,33018.36,16913.77,201607.2,8042.498,1409.579
39,MD,EC,CPz,52558.55,22820.77,307439.7,9020.598,1275.048
39,MD,EC,CP4,44726.98,20108.29,102622.2,8517.972,1916.431
39,MD,EC,TP8,43615.63,25356.33,229823,9670.747,1790.622
39,MD,EC,P5,71737.8,26444.37,201422.3,13007.89,2697.244
39,MD,EC,P1,114658.1,46835.77,524566.2,20500.03,2953.051
39,MD,EC,P2,132974,55018.62,458039.8,22968.35,3136.424
39,MD,EC,P6,152213,55115.71,458614.2,26863.28,4828.989
39,MD,EC,PO7,148661.8,56075.15,448648.4,21356.26,4976.067
39,MD,EC,POz,253509.2,76671.31,641563.2,27877.19,5262.573
39,MD,EC,PO8,117019.4,52786.17,660965.8,20206.07,3460.553
39,MD,EC,Oz,147019.7,54628.1,556664.4,17595.29,4250.465
39,MD,EC,P9,293220.8,123035.1,556623.6,28247.96,9518.812
39,MD,EC,P10,180448.3,72823.34,521291.5,19333.03,5840.339
39,MD,EC,TP9,28808.45,13475.74,68720,4858.011,1058.263
39,MD,EO,AFz,43125.69,16757.64,43355.45,5260.724,2436.064
39,MD,EO,Fp1,101613.7,25102.15,59445.09,9502.954,5639.985
39,MD,EO,Fp2,61167.73,15672.71,36672.85,7615.276,3576.55
39,MD,EO,AF3,45274.75,15003.33,44916.98,5353.481,2279.972
39,MD,EO,AF4,46297.83,17281.51,59983.89,7375.739,5069.583
39,MD,EO,F7,51265.77,15541.9,46907.4,5066.832,1681.336
39,MD,EO,F3,33347.49,10065.69,21572.58,3653.77,2033.053
39,MD,EO,Fz,35628.77,14800.08,25306.87,3840.659,1633.906
39,MD,EO,F4,21780.21,9517.859,28191.44,3118.144,1228.437
39,MD,EO,F8,41330.75,12308.12,40225.03,4007.82,1268.731
39,MD,EO,FC5,19501.21,6539.726,27078.89,2292.225,976.5409
39,MD,EO,FC1,25889.02,9760.532,23582.74,2927.75,1317.201
39,MD,EO,FC2,21797.03,10194.66,29460.6,2969.067,1299.417
39,MD,EO,FC6,29893.67,9666.946,40080.64,3762.759,1247.488
39,MD,EO,T7,22075.6,7541.759,36443.36,4132.188,3111.204
39,MD,EO,C3,38379.13,15914.52,139791.9,8538.276,2740.83
39,MD,EO,Cz,61650.36,16373.24,33406.39,4628.831,2038.112
39,MD,EO,C4,25155.32,12094.5,63784.93,4547.901,2131.307
39,MD,EO,T8,44098.18,13958.26,25218.46,3738.585,2204.594
39,MD,EO,CP5,20192.32,7932.175,66823.13,4478.015,1383.898
39,MD,EO,CP1,76128,19820.78,68166.69,6984.812,2493.804
39,MD,EO,CP2,45524.32,14181.61,47424.04,4640.436,2551.653
39,MD,EO,CP6,20319.61,8328.334,41856.27,3251.224,1336.954
39,MD,EO,P7,20915.44,8424.392,13886.1,2983.187,1883.524
39,MD,EO,P3,44513.43,12524.62,50368.36,5218.895,1730.478
39,MD,EO,Pz,75127.3,19979.62,48599.9,6453.318,3282.152
39,MD,EO,P4,60616.23,23187.91,91527.91,8844.765,3047.754
39,MD,EO,P8,45327.07,19191.67,41722.2,5533.922,2409.789
39,MD,EO,PO3,44081,15691.87,31447,5096.662,2084.435
39,MD,EO,PO4,74354,31174.92,103606.3,11008.39,3034.021
39,MD,EO,O1,34426.67,15118.29,16380.91,3809.849,2192.944
39,MD,EO,O2,25442.12,10614.68,19095.68,2954.011,1396.842
39,MD,EO,AF7,145576.8,36152.01,83618.23,13715.94,5880.389
39,MD,EO,AF8,52158.64,14738.32,47719.08,5510.957,1736.997
39,MD,EO,F5,43785.56,13140.23,30309.71,4745.684,2820.081
39,MD,EO,F1,31840.6,11570.42,20406.25,3195.094,1459.724
39,MD,EO,F2,26335.66,11577.05,27507.88,3560.243,1535.064
39,MD,EO,F6,30980.51,10119.96,38483.31,3988.349,1971.179
39,MD,EO,FT7,32854.62,9583.235,28812.36,3537.106,2453.351
39,MD,EO,FC3,20759.73,8424.861,41047.73,3070.816,1384.946
39,MD,EO,FCz,36679.53,13937.44,15144.57,3056.108,1544.896
39,MD,EO,FC4,19936.65,10263.15,41410.33,3451.375,1320.079
39,MD,EO,FT8,32196.22,9700.024,35512.18,3459.89,1043.907
39,MD,EO,C5,15086.33,7550.594,72251.78,4292.961,1417.907
39,MD,EO,C1,48305.96,15623.91,73942.23,6067.088,2381.726
39,MD,EO,C2,39476.03,16294.39,60298.8,5166.721,2512.592
39,MD,EO,C6,18361.07,7046.124,36966.43,2542.399,794.4741
39,MD,EO,TP7,9100.297,3699.02,17962.37,1443.333,824.3002
39,MD,EO,CP3,50553.55,16433.06,108776.7,8076.216,2569.065
39,MD,EO,CPz,47476.21,12100.94,32339.7,3866.242,1776.45
39,MD,EO,CP4,31645.3,12081.08,58840.64,4471.091,2173.339
39,MD,EO,TP8,18298.94,6427.493,22192.69,2117.771,990.1325
39,MD,EO,P5,38996.56,11401.11,46919.56,4658.525,1616.803
39,MD,EO,P1,70025.8,18335.91,54963.68,6413.147,2229.84
39,MD,EO,P2,61949.05,19923.74,65481.08,7289.406,3175.752
39,MD,EO,P6,76463.57,27433.75,97274.51,10630.46,3852.577
39,MD,EO,PO7,28227.01,12734.34,15726.24,3335.822,1791.407
39,MD,EO,POz,48889.47,18031.37,44655.17,6091.893,2368.085
39,MD,EO,PO8,35640.26,15100.63,36820.05,4661.539,1790.582
39,MD,EO,Oz,25511.95,10788.77,13784.11,2740.69,1431.434
39,MD,EO,P9,74943.44,27321.37,32797.73,7038.925,4973.294
39,MD,EO,P10,50028.83,17773.58,25625.74,4568.547,3045.968
39,MD,EO,TP9,7806.825,3006.729,6499.949,1167.27,923.9492
4,nonMD,EC,AFz,207963.4,123578.9,553242.7,29283.87,3191.303
4,nonMD,EC,Fp1,174144,82288.67,549879.9,31669.6,4497.154
4,nonMD,EC,Fp2,202297.8,106086.1,563386.2,31513.55,3997.814
4,nonMD,EC,AF3,157534.9,93112.73,522338.8,28258.43,3259.781
4,nonMD,EC,AF4,221009.1,138545.3,556559.9,29878.37,2815.292
4,nonMD,EC,F7,113457.9,65367.41,409216.1,24396.05,3165.003
4,nonMD,EC,F3,152923,95951.01,466079.8,26492.37,3005.239
4,nonMD,EC,Fz,187689.5,124885.1,514844.4,29412.63,3302.938
4,nonMD,EC,F4,220661,159164,520142.2,31917.75,3013.019
4,nonMD,EC,F8,166954.3,83781.9,449091.1,26730.89,3101.292
4,nonMD,EC,FC5,90120.51,53557.59,275487.7,18675.54,2006.052
4,nonMD,EC,FC1,148661.3,96740.75,368172.8,25481.81,3121.156
4,nonMD,EC,FC2,161459.9,126313.7,421439.3,29363.36,2785.787
4,nonMD,EC,FC6,123913.7,82914.67,331925.1,21742.49,1969.073
4,nonMD,EC,T7,60689.69,43912.33,118300.5,14054.65,2014.108
4,nonMD,EC,C3,86544.22,58425.06,184999.6,18927.89,1996.952
4,nonMD,EC,Cz,135740.1,97368.68,297814.3,26064.65,2819.938
4,nonMD,EC,C4,95213.66,90602.96,238203.3,21896.9,1851.377
4,nonMD,EC,T8,92868.05,67097.7,198783.2,20634.38,2151.266
4,nonMD,EC,CP5,87075.02,62902.52,232721.9,24066.65,1865.902
4,nonMD,EC,CP1,99695.2,74768.79,272458.5,24959.67,1955.743
4,nonMD,EC,CP2,91823.54,84726.7,261490.8,23899.57,1858.288
4,nonMD,EC,CP6,117690.7,94737.7,279661.5,31157.56,2553.553
4,nonMD,EC,P7,322033.5,208671.1,1048293,82623.84,5525.661
4,nonMD,EC,P3,124027.1,95152.1,510564.5,36399.3,2407.984
4,nonMD,EC,Pz,120183.8,91713.04,458204.4,34697.23,2395.778
4,nonMD,EC,P4,151074.6,134159.3,606130.2,45383.41,3323.413
4,nonMD,EC,P8,415558.5,312649,1527964,102697.7,7713.014
4,nonMD,EC,PO3,351883.7,244101.2,1745109,109936.2,6797.847
4,nonMD,EC,PO4,536845.3,364372.4,2398564,153902.6,11062.37
4,nonMD,EC,O1,281562.9,182326.3,1023143,64162.58,5774.315
4,nonMD,EC,O2,506806.7,340021.7,2017543,126265.1,14177.99
4,nonMD,EC,AF7,152331.7,79240.3,518273,30742.65,4054.675
4,nonMD,EC,AF8,198554.4,104932.5,539933.9,30816.24,3767.496
4,nonMD,EC,F5,130691.8,76199.98,451933.3,27917.87,4593.61
4,nonMD,EC,F1,159832,101166.8,470258.8,26891.02,3149.478
4,nonMD,EC,F2,219162.4,147074.4,520412.9,31020.78,3196.741
4,nonMD,EC,F6,213561.8,135620.3,522965.1,31903.13,3317.203
4,nonMD,EC,FT7,76321.66,48577.49,245172.5,16629.62,2329.195
4,nonMD,EC,FC3,109532.6,70140.12,299695.7,20470.33,2276.755
4,nonMD,EC,FCz,173550.5,119738.2,435935.3,30102.34,3565.113
4,nonMD,EC,FC4,139710.3,119424.4,370425.6,26379.51,2243.62
4,nonMD,EC,FT8,123145.6,67437.09,312986.6,21449.03,2470.314
4,nonMD,EC,C5,57209.83,40096.65,131123.2,14480.99,1667.848
4,nonMD,EC,C1,111871.8,75952.28,231258.7,21590.22,2422.205
4,nonMD,EC,C2,109969.5,94759.19,257581.7,22648.06,2042.59
4,nonMD,EC,C6,89382.08,65166.52,177833,21048.46,2097.839
4,nonMD,EC,TP7,119801,83692.18,230751.2,28060.29,2470.167
4,nonMD,EC,CP3,89852.76,66410.66,230968.3,23594.85,1931.437
4,nonMD,EC,CPz,106661.2,81897.59,294421.9,26124.01,2133.805
4,nonMD,EC,CP4,101727.7,95034.99,252113.8,27345.31,2221.74
4,nonMD,EC,TP8,123794.1,101858.9,312173.1,32427.44,2837.456
4,nonMD,EC,P5,183710.5,126035.4,708360.4,50896.59,3101.922
4,nonMD,EC,P1,114292.1,90006.41,475307.3,33829.99,2294.188
4,nonMD,EC,P2,120486,98466.62,498877.6,36933.59,2590.171
4,nonMD,EC,P6,267983.8,196251.1,982663.1,70817.27,5235.653
4,nonMD,EC,PO7,545856.4,320349.3,2214424,146956.1,9569.066
4,nonMD,EC,POz,216330.9,171325.5,990264.1,65642.44,5253.951
4,nonMD,EC,PO8,969526.9,673622.4,4359699,259720.5,19483.55
4,nonMD,EC,Oz,288530.4,201452.6,986528.8,66008.09,9312.113
4,nonMD,EC,P9,274956.7,192523.5,610321.6,56170.68,5467.648
4,nonMD,EC,P10,355351.7,306094,927457.7,74836.12,8778.545
4,nonMD,EC,TP9,165131.3,126739.6,262111.7,32635.6,3568.002
4,nonMD,EO,AFz,130757.2,66496.01,147472.5,14532.77,2140.673
4,nonMD,EO,Fp1,70733.1,31410.6,148339,11128.3,1104.906
4,nonMD,EO,Fp2,121585.4,56671.84,157061.8,13733.56,2419.406
4,nonMD,EO,AF3,69866.67,34943.45,128179.7,10104.16,1282.202
4,nonMD,EO,AF4,151609.3,78839.79,152216.1,16583.8,2644.701
4,nonMD,EO,F7,63220.64,29359.63,121133.3,9383.515,1207.564
4,nonMD,EO,F3,72500.48,38593.3,110111.9,9977.118,1463.236
4,nonMD,EO,Fz,109216,59204.13,127178.5,13332.45,1953.238
4,nonMD,EO,F4,159182.1,90499.36,146828.6,18855.52,2789.097
4,nonMD,EO,F8,94952.12,44477.96,141877.7,12629.7,1728.002
4,nonMD,EO,FC5,34673.86,18912.5,71057.09,7258.54,882.135
4,nonMD,EO,FC1,58556.44,33924.49,88508.7,9695.655,1397.882
4,nonMD,EO,FC2,85141.05,55043.89,108144.2,14559.46,1777.79
4,nonMD,EO,FC6,86813.82,51733.45,110393.6,16579.76,1960.078
4,nonMD,EO,T7,49955.03,27412.37,59634.16,9158.87,1143.432
4,nonMD,EO,C3,47041.14,28264.12,75252.85,11276.21,1077.426
4,nonMD,EO,Cz,70434.59,43128.96,105490.6,12866.45,1493.408
4,nonMD,EO,C4,66332.47,48646.73,95534.89,19490.4,1866.407
4,nonMD,EO,T8,55592.13,30375.12,81104.75,11302.98,1335.624
4,nonMD,EO,CP5,71759.27,43407.3,122681.4,19393.46,1584.856
4,nonMD,EO,CP1,75975.97,41583.52,127445,14426.01,1363.438
4,nonMD,EO,CP2,70173.41,42643.26,117801.1,13371.53,1510.276
4,nonMD,EO,CP6,70591.39,42048.83,124643,21993.95,1976.803
4,nonMD,EO,P7,118114.2,76234.54,248712.2,30846.49,2748.949
4,nonMD,EO,P3,78204.56,42437.35,172148.8,17758.41,1500.862
4,nonMD,EO,Pz,91974.88,43841.94,146993.9,14510.65,1666.949
4,nonMD,EO,P4,87819.66,44658.61,198389.3,19882.5,1984.339
4,nonMD,EO,P8,138645.9,99361.55,360023.4,40503.36,3711.221
4,nonMD,EO,PO3,164145.2,81170.75,398266.8,35308.43,2826.7
4,nonMD,EO,PO4,241021.2,116826.7,621489.7,58196.18,4166.655
4,nonMD,EO,O1,128303.2,67943.73,182905.7,20384.61,2386.003
4,nonMD,EO,O2,184492.7,106086.1,363783.7,40655.69,3865.329
4,nonMD,EO,AF7,66826.72,29498.91,147356.2,10538.79,1135.964
4,nonMD,EO,AF8,116272.4,58836.3,159819.9,14519.67,2297.881
4,nonMD,EO,F5,50021.62,24514.87,107989,8435.565,1165.8
4,nonMD,EO,F1,76532.2,41053.45,110448.5,10341.69,1525.055
4,nonMD,EO,F2,127095.9,73147.81,133314.6,16161.18,2294.457
4,nonMD,EO,F6,145717.6,79065.06,153133.4,19993.53,3272.655
4,nonMD,EO,FT7,57687.15,28083.93,87533.65,8336.129,1173.544
4,nonMD,EO,FC3,40027.11,23340.34,71649.66,7933.503,1013.219
4,nonMD,EO,FCz,81309.83,46854.58,108760.2,12844.8,1885.067
4,nonMD,EO,FC4,87617.89,62648.28,112301.7,18559.21,2087.462
4,nonMD,EO,FT8,72532.17,35283.27,108840.8,10945.75,1402.399
4,nonMD,EO,C5,46433.75,27210.02,64328.98,11282.28,1159.381
4,nonMD,EO,C1,53143.31,32333.71,86566.49,10801.03,1131.311
4,nonMD,EO,C2,63575.13,44475.73,92643.84,13651.63,1532.635
4,nonMD,EO,C6,60662.58,36473.1,79525.16,16934.85,1652.396
4,nonMD,EO,TP7,61768.99,39530.45,84272.77,14254.76,1500.406
4,nonMD,EO,CP3,68210.05,39987.91,122099.7,16652.98,1337.432
4,nonMD,EO,CPz,81229.11,44693,129843.1,13536.66,1427.505
4,nonMD,EO,CP4,70913.15,42778.82,112193.2,20454.09,1877.082
4,nonMD,EO,TP8,61715.97,40532.04,113161.6,17098.54,1841.893
4,nonMD,EO,P5,90434.53,54281.41,228390.7,25377.17,1907.881
4,nonMD,EO,P1,82283.88,40958.07,148473.5,14389.07,1397.83
4,nonMD,EO,P2,87118.4,40918.3,169393.7,15973.74,1737.199
4,nonMD,EO,P6,101337.3,64749.86,289947.7,31380.61,2601.925
4,nonMD,EO,PO7,199191.3,114184.7,438093.7,47702.17,3964.791
4,nonMD,EO,POz,148764.8,69390.48,240529,24968.97,2408.537
4,nonMD,EO,PO8,292443.1,198518.5,855393.6,89837.05,6446.801
4,nonMD,EO,Oz,132731.1,70815.81,182764.4,21501.81,2734.197
4,nonMD,EO,P9,109364.5,67152.83,119201,18076.5,2477.401
4,nonMD,EO,P10,135282.5,86885.7,181805.9,25130.17,3628.218
4,nonMD,EO,TP9,87139.7,51150.31,80784.3,12447.88,2053.106
40,MD,EC,AFz,443360.6,120635,444393.2,20494.13,4422.557
40,MD,EC,Fp1,610857.1,197724.2,519151.5,40745.3,13407.02
40,MD,EC,Fp2,667941.2,190887.9,451348.7,41293.13,16855.44
40,MD,EC,AF3,386557.6,118835.8,409856,22362.71,6083.151
40,MD,EC,AF4,466238,124915.5,449636.2,22102.38,5446.168
40,MD,EC,F7,205633.2,86918.26,239007.1,19019.22,5969.633
40,MD,EC,F3,411163.8,122994.6,468492.8,22632.74,5356.266
40,MD,EC,Fz,464877.1,134282.5,524564.2,23806.4,5055.986
40,MD,EC,F4,437089,124388.4,419006.2,20970,4300.49
40,MD,EC,F8,314379,107594,203451.7,22175.35,7396.831
40,MD,EC,FC5,151532.2,65804.59,191362.9,14671.98,4064.465
40,MD,EC,FC1,296849.4,101615.3,360872.4,18722.4,3937.122
40,MD,EC,FC2,369019.9,115662.9,378983,20416.48,4273.365
40,MD,EC,FC6,174564.3,64129.95,150742.1,12157.43,2909.515
40,MD,EC,T7,113631.2,57211.64,130540.9,14865.38,3124.359
40,MD,EC,C3,139606.5,61320.05,163272.5,12441.32,2583.741
40,MD,EC,Cz,263774.6,90068.75,253228.3,16056.62,3066.331
40,MD,EC,C4,108168,49561.54,84049.57,10525.72,2450.355
40,MD,EC,T8,139309.8,72969.4,113558.4,15784.16,5005.678
40,MD,EC,CP5,230172.2,87559.85,221737,22369.89,3981.993
40,MD,EC,CP1,144896.2,60561.27,134039.1,13310.89,2708.379
40,MD,EC,CP2,129696.7,56877.46,105817.2,12152.35,2484.744
40,MD,EC,CP6,475531.8,154648.8,531438.8,35416.97,5552.032
40,MD,EC,P7,1622141,392060.8,1251757,88057.08,18701.64
40,MD,EC,P3,367603.9,138080.4,450280.2,31838.84,5879.485
40,MD,EC,Pz,262577.2,115323.7,346778.2,25695.81,4374.526
40,MD,EC,P4,246950.5,116120.9,387611.2,26068.13,3936.951
40,MD,EC,P8,2599096,613389.3,1979887,136391.6,19634.97
40,MD,EC,PO3,657434.6,222422.9,764379.2,45183.02,13048.52
40,MD,EC,PO4,1102982,404783.8,1619446,94351.45,14831.36
40,MD,EC,O1,653196.2,220479.9,744573.6,44405.96,12891.95
40,MD,EC,O2,1097639,358862,1348032,81988.41,16608.81
40,MD,EC,AF7,604930.2,237603.3,558536.2,54993.88,20522.23
40,MD,EC,AF8,568802.9,179638.2,383820,40098.95,16170.42
40,MD,EC,F5,207081.4,86971.88,240870.9,19065.97,5943.686
40,MD,EC,F1,408754.5,121142.3,473375,22346.38,5135.972
40,MD,EC,F2,476593.1,135064,504851.5,23342.43,4842.745
40,MD,EC,F6,390237,112527.1,341677.2,19565.38,4666.929
40,MD,EC,FT7,116835.8,60087.25,132331.6,15206.43,3341.916
40,MD,EC,FC3,274845.9,97030.14,339468.8,17895.19,3760.219
40,MD,EC,FCz,440792.7,132669.4,491213,23953.44,5097.366
40,MD,EC,FC4,258804,87102.01,254547.5,15279.48,3079.895
40,MD,EC,FT8,142359,73839.39,114534.6,15914.84,5112.694
40,MD,EC,C5,76884.12,43731.32,98750.48,12130.98,2506.99
40,MD,EC,C1,179232,67761.15,184448.9,13073.14,2819.364
40,MD,EC,C2,195111.1,70925.73,169776.7,13715.65,2871.033
40,MD,EC,C6,69835.44,42111.75,66017.7,9512.29,2350.601
40,MD,EC,TP7,257738.4,94382.9,239920.4,24169.3,4365.956
40,MD,EC,CP3,124525.2,60261.82,139412.2,14646.23,2970.402
40,MD,EC,CPz,184452.4,69516.77,166834.2,14982.8,3006.038
40,MD,EC,CP4,87607.87,50158.81,119250.9,12515.73,2504.071
40,MD,EC,TP8,478186.5,153954.2,527692.5,35536.56,5547.871
40,MD,EC,P5,378086.4,142785.4,460498.4,32752.95,6288.453
40,MD,EC,P1,284407.4,122078.4,371577.3,26859.15,4749.371
40,MD,EC,P2,246653.1,115676.9,385388.4,26092.56,3994.408
40,MD,EC,P6,495809.8,155566.4,581428.5,36750.18,6078.63
40,MD,EC,PO7,1341727,374184.9,1413629,87346.46,23509.78
40,MD,EC,POz,487142,228408.9,775074.4,46755.47,7094.263
40,MD,EC,PO8,3236997,850094.8,3618776,230220.4,32547.65
40,MD,EC,Oz,661689.3,240785.1,851940.6,48075.8,10839.43
40,MD,EC,P9,967295.7,235691.2,596066.2,55303.57,19209.68
40,MD,EC,P10,1631360,408096.7,1110760,90032.02,24063.57
40,MD,EC,TP9,224776.8,68228.27,158247.2,20474.79,6117.132
40,MD,EO,AFz,139771,40575.25,150318.5,17234.81,1849.963
40,MD,EO,Fp1,94506.48,25413.96,92117.5,10411.78,1513.888
40,MD,EO,Fp2,106977.8,30103.72,110107.1,12645.38,1806.744
40,MD,EO,AF3,121832,34983.82,134592.9,14873.39,1919.772
40,MD,EO,AF4,149206,43600.42,146114.1,17385.17,2218.172
40,MD,EO,F7,88635.09,28962.11,89575.48,12064.91,2202.385
40,MD,EO,F3,128879.9,38914.64,139493.6,16491.62,1814.324
40,MD,EO,Fz,149466.8,46057.52,166768.6,19468.54,1915.957
40,MD,EO,F4,149162.4,47575.26,149090.8,18936.72,2147.675
40,MD,EO,F8,87979.28,27545.75,71097.86,10154.91,1913.363
40,MD,EO,FC5,58220.82,20768.27,64996.57,8957.406,1427.625
40,MD,EO,FC1,99125.94,33431.32,106222.7,14624.04,1814.824
40,MD,EO,FC2,129432.2,46490.5,124540.2,17419.23,2026.258
40,MD,EO,FC6,64981.25,23422.75,60693.2,8748.78,1190.437
40,MD,EO,T7,49895.61,23008.6,51830.83,9051.459,2071.246
40,MD,EO,C3,46825.06,19927.97,49946.54,9601.771,1504.162
40,MD,EO,Cz,72650.8,27305.8,69665.7,11577.83,1330.473
40,MD,EO,C4,41528.47,20330.1,34937.33,7231.312,1204.802
40,MD,EO,T8,44449.3,18706.72,37844.38,8796.767,1551.897
40,MD,EO,CP5,78756.43,41788.4,80119.98,18170.83,3000.538
40,MD,EO,CP1,42782.63,19034.7,32311.84,8364.662,1292.845
40,MD,EO,CP2,37824.79,20694.8,34056.73,7869.94,1694.527
40,MD,EO,CP6,136299.3,51604.71,174871,26953.92,2198.141
40,MD,EO,P7,395189.4,168301.9,421850.9,84687.21,11336.68
40,MD,EO,P3,125607.5,52544.06,137924.9,24537.76,2896.714
40,MD,EO,Pz,96254.98,38474.02,94738.5,15663.45,2347.685
40,MD,EO,P4,110445.4,40846.35,135035.7,16471.43,2614.661
40,MD,EO,P8,670399.8,224468.2,683858.7,115893.3,7706.74
40,MD,EO,PO3,234577.6,78310.79,251490.6,32176.83,3863.911
40,MD,EO,PO4,390102.8,127020.8,508995.1,55826.14,5667.793
40,MD,EO,O1,231921.7,76936.61,248230.8,31377.01,3680.349
40,MD,EO,O2,265626.8,86256.23,289571.2,35483.51,3948.709
40,MD,EO,AF7,70450.25,21112.85,83250.36,9451.473,1628.488
40,MD,EO,AF8,88717.34,25632.16,83850.51,10401.33,1833.855
40,MD,EO,F5,89783.28,29280.71,90211.63,12202.5,2242.422
40,MD,EO,F1,128493,38715.94,140589.7,16520.79,1799.854
40,MD,EO,F2,150975.3,46666.97,163166.6,19371.48,1937.49
40,MD,EO,F6,119529.6,38151.79,116032.7,14474.86,1852.118
40,MD,EO,FT7,52075.48,24254.74,52569.53,9438.12,2227.784
40,MD,EO,FC3,96025.84,32379.63,103439.2,14294.21,1828.547
40,MD,EO,FCz,145120.9,48472.33,146437.2,19324.92,2070.35
40,MD,EO,FC4,104399,38952.2,93782.18,13754.21,1769.594
40,MD,EO,FT8,45180.47,18979.33,38032.62,8780.061,1628.108
40,MD,EO,C5,39202.34,22117.34,42860.61,9493.073,1800.008
40,MD,EO,C1,48360.3,19532.33,48906.54,8883.403,1177.853
40,MD,EO,C2,65954.8,28290.38,54591.88,10174.22,1652.568
40,MD,EO,C6,31521.86,17805.05,28411.06,6591.273,1124.934
40,MD,EO,TP7,81484.13,43157.99,85996.94,18896.71,2883.007
40,MD,EO,CP3,39931.51,20626.56,39341.78,9704.928,1358.729
40,MD,EO,CPz,41427.16,19501.31,36228.51,8629.997,1330.464
40,MD,EO,CP4,32001.15,17326.74,42889.68,7490.499,1488.43
40,MD,EO,TP8,138243.1,52244.86,175330,27370.95,2178.214
40,MD,EO,P5,127878,53428.07,140980.6,24958.08,2956.227
40,MD,EO,P1,111244.4,42852.33,104333.7,18117.71,2336.24
40,MD,EO,P2,108815.4,40650.84,132789,16349.71,2596.031
40,MD,EO,P6,134374.5,54076.28,182788.2,28278.99,2442.639
40,MD,EO,PO7,393732.1,152697.8,468428.2,81076.45,10923.42
40,MD,EO,POz,238764.5,84797.37,266322.6,32424.53,4120.584
40,MD,EO,PO8,951192.1,309406,1114673,153520.6,11409.93
40,MD,EO,Oz,233426.7,77279.31,247203.4,31478.7,3753.123
40,MD,EO,P9,150850.5,62858.58,167545.3,32084.92,4264.158
40,MD,EO,P10,376158.2,133563.8,352973.2,65038.41,5045.004
40,MD,EO,TP9,59485.28,30311.64,64673.56,14454.78,2114.387
41,nonMD,EC,AFz,77521.31,19384.59,22249.65,8069.118,3607.986
41,nonMD,EC,Fp1,38854.47,9891.4,10353.94,3237.724,1186.179
41,nonMD,EC,Fp2,103917.3,21356.56,27620.28,7882.848,3316.154
41,nonMD,EC,AF3,41706.61,13226.28,10156.62,4699.326,1533.923
41,nonMD,EC,AF4,83199.91,22214.92,24919.65,6711.071,2808.956
41,nonMD,EC,F7,49169.13,16340.29,12001.95,5108.051,2294.381
41,nonMD,EC,F3,44573.9,14990.76,10393.35,5324.74,1883.253
41,nonMD,EC,Fz,61660.73,21688.81,15689.43,6153.76,1806.616
41,nonMD,EC,F4,47046.71,15607.97,14524.04,4549.363,1750.995
41,nonMD,EC,F8,152936.5,37657.98,47925.15,13210.81,5710.432
41,nonMD,EC,FC5,40692.27,14230.13,9628.166,4683.348,2157.757
41,nonMD,EC,FC1,42280.45,14708.1,10797.96,4658.94,1484.105
41,nonMD,EC,FC2,30589.2,12483.71,11058.15,4218.97,1361.104
41,nonMD,EC,FC6,27981.11,7632.135,8337.952,2831.112,1208.75
41,nonMD,EC,T7,30181.62,10892.83,8151.474,2946.491,1393.399
41,nonMD,EC,C3,26343.15,8679.407,7818.061,3193.44,1084.937
41,nonMD,EC,Cz,28327.39,10498.01,7557.735,3187.528,1529.569
41,nonMD,EC,C4,17860.73,7161.11,6554.466,2517.396,867.0344
41,nonMD,EC,T8,41262.81,11495.11,9554.946,3744.6,1442.83
41,nonMD,EC,CP5,30908.28,9969.075,9364.453,3004.119,1111.088
41,nonMD,EC,CP1,27804.61,9407.514,9596.77,3635.263,1236.867
41,nonMD,EC,CP2,24140.63,8053.315,8557.531,2977.385,1216.62
41,nonMD,EC,CP6,25490.05,8687.49,7398.53,3392.824,1231.421
41,nonMD,EC,P7,29459.04,10554.5,10265.55,3074.866,1152.284
41,nonMD,EC,P3,44513.44,15485.35,21965.45,6118.763,1830.272
41,nonMD,EC,Pz,37837.38,11948.02,14064.35,4736.723,1566.27
41,nonMD,EC,P4,33809.82,9292.029,9933.704,3628.891,1296.65
41,nonMD,EC,P8,52658.59,18355.03,14986.25,8846.647,3151.893
41,nonMD,EC,PO3,42414.54,12040.54,21865.19,4775.779,1428.207
41,nonMD,EC,PO4,37269.94,11186.18,12916.49,4375.98,1482.636
41,nonMD,EC,O1,46785.32,12792.78,15969.37,4130.072,1166.507
41,nonMD,EC,O2,46664.46,14397.67,14608.89,5046.993,1523.404
41,nonMD,EC,AF7,43592.11,12942.02,11003.24,4631.283,2337.313
41,nonMD,EC,AF8,233662.6,49306.65,45574.29,14642.66,6892.58
41,nonMD,EC,F5,40475.04,13776.53,9931.923,4711.044,1833.8
41,nonMD,EC,F1,64918.82,22205.43,16171.66,6621.831,1993.628
41,nonMD,EC,F2,51711.14,17688.2,15426.08,4975.709,1564.369
41,nonMD,EC,F6,83487.16,21528.49,21896.24,6655.819,2809.907
41,nonMD,EC,FT7,31423.07,10815.05,8517.835,3189.676,1446.334
41,nonMD,EC,FC3,30523.18,10302.34,7792.023,3802.827,1363.096
41,nonMD,EC,FCz,42110.8,17073.58,12169.64,4947.033,1530.734
41,nonMD,EC,FC4,21578.14,8715.63,8836.876,3380.772,1243.884
41,nonMD,EC,FT8,61540.28,15666.76,15284.73,5284.419,2319.95
41,nonMD,EC,C5,35079.29,11570.1,9892.116,3740.355,1426.176
41,nonMD,EC,C1,25824.43,8126.85,6515.704,2816.198,1105.799
41,nonMD,EC,C2,40258.8,14473.54,13039.99,4803.5,1800.544
41,nonMD,EC,C6,17609.61,5363.37,5193.21,1850.87,635.4333
41,nonMD,EC,TP7,26836.45,8649.659,8180.983,2799.1,1006.438
41,nonMD,EC,CP3,24476.32,8580.697,9201.351,3137.064,1004.831
41,nonMD,EC,CPz,26985.43,8653.185,9509.005,3283.283,1124.232
41,nonMD,EC,CP4,14129.19,5079.742,4912.408,1993.322,734.2506
41,nonMD,EC,TP8,85364.11,25485.22,18885.58,10084.92,3829.823
41,nonMD,EC,P5,32878.09,11468.41,15771.21,4123.208,1225.875
41,nonMD,EC,P1,42514.5,13777.32,17382.61,5478.937,1671.487
41,nonMD,EC,P2,56666.59,13542.86,15869.49,5120.926,1735.519
41,nonMD,EC,P6,36664.84,11008.51,10368.27,4705.612,1593.059
41,nonMD,EC,PO7,31281.92,10085.54,12471.8,3420.884,1078.494
41,nonMD,EC,POz,50236.95,12159.93,14063.65,4026.304,1202.005
41,nonMD,EC,PO8,38776.85,12151.54,10825.07,4468.001,1503.332
41,nonMD,EC,Oz,30610.32,10389.09,11653.55,3853.167,1152.241
41,nonMD,EC,P9,48041.79,14879.78,14460.78,4399.248,1760.138
41,nonMD,EC,P10,75001.05,24603.22,19548.77,8688.064,2656.259
41,nonMD,EC,TP9,19088.34,6341.245,6633.388,1830.77,719.2486
41,nonMD,EO,AFz,38830.19,11960.67,7557.08,2795.118,888.3732
41,nonMD,EO,Fp1,52961.48,18665.55,15722.56,6663.571,1802.257
41,nonMD,EO,Fp2,30353.49,9199.082,5946.817,2981.335,1188.517
41,nonMD,EO,AF3,43493.61,15619.45,11036.62,4269.48,1196.204
41,nonMD,EO,AF4,75878.4,28474.83,27397.8,11877.45,2718.397
41,nonMD,EO,F7,25686.29,9173.147,6546.349,3215.909,925.9015
41,nonMD,EO,F3,44683.49,16399.94,10628.05,4251.278,1135.228
41,nonMD,EO,Fz,63574.86,21854.82,13371.88,4990.192,1394.13
41,nonMD,EO,F4,35194.76,13993.59,12094.63,4862.43,1131.349
41,nonMD,EO,F8,88985.7,29485.28,23212.42,11538.94,2826.848
41,nonMD,EO,FC5,29348.29,12263.74,8518.525,3762.917,950.5903
41,nonMD,EO,FC1,59425.23,21659.13,13109.59,5206.848,1143.444
41,nonMD,EO,FC2,45610.64,15203.2,11104.06,3970.393,1106.349
41,nonMD,EO,FC6,18590.9,7726.671,6982.708,2710,739.4967
41,nonMD,EO,T7,18637.97,8298.655,7316.682,3475.504,776.0682
41,nonMD,EO,C3,37972.32,15994.25,10136.77,4992.043,1028.033
41,nonMD,EO,Cz,43374.42,15244.37,11069.18,4300.96,912.4713
41,nonMD,EO,C4,32581.63,13396.03,13108.01,4780.583,1297.901
41,nonMD,EO,T8,14211.01,6119.496,4511.546,2200.058,411.0383
41,nonMD,EO,CP5,16828.97,7954.132,7071.821,3385.046,663.7627
41,nonMD,EO,CP1,40480,14601.26,10457.54,4867.373,963.2601
41,nonMD,EO,CP2,37287.38,15229.35,15176.17,5919.276,1291.243
41,nonMD,EO,CP6,21888.5,11063.86,9514.729,3949.65,860.578
41,nonMD,EO,P7,21268.51,8839.519,7798.8,3261.323,676.2635
41,nonMD,EO,P3,32964.72,13249.14,11476.36,5331.184,1135.051
41,nonMD,EO,Pz,55588.44,19909.72,15952.98,6356.018,1626.938
41,nonMD,EO,P4,37623.82,18800.98,17866.7,6682.922,1395.134
41,nonMD,EO,P8,107492.4,36198.98,22957.46,11072.28,2355.415
41,nonMD,EO,PO3,31097.89,11596.83,9765.539,3997.539,958.7861
41,nonMD,EO,PO4,26922.07,12180.54,10058.53,3824.606,838.2346
41,nonMD,EO,O1,19123.43,6922.304,5074.742,1849.203,492.2021
41,nonMD,EO,O2,31598.86,11842.98,8759.307,3701.683,896.6934
41,nonMD,EO,AF7,66692.09,22688.48,17879.3,7956.056,2538.792
41,nonMD,EO,AF8,85504.55,29381.22,25242.67,11979.14,2687.66
41,nonMD,EO,F5,29962.72,11567.76,8257.601,3340.911,907.3908
41,nonMD,EO,F1,59709.21,21129.27,12876.63,4842.607,1319.27
41,nonMD,EO,F2,51269.86,20270.8,16364.19,6856.344,1543.545
41,nonMD,EO,F6,34952.46,13626.42,11647.58,5719.036,1132.799
41,nonMD,EO,FT7,21567.99,8788.649,7073.583,3348.491,842.9992
41,nonMD,EO,FC3,36560.61,14704.22,9135.89,4017.5,882.3138
41,nonMD,EO,FCz,57719.69,19484.01,11940.6,4407.458,1064.933
41,nonMD,EO,FC4,39555.52,13704.58,11068.69,4085.214,1249.992
41,nonMD,EO,FT8,13043.61,5445.616,4210.399,2013.39,413.3051
41,nonMD,EO,C5,27652.9,12335.18,8755.537,4165.707,925.9319
41,nonMD,EO,C1,42800.29,15913.9,9827.841,4366.752,809.5774
41,nonMD,EO,C2,45687.97,15792.64,13045.57,4779.257,1252.11
41,nonMD,EO,C6,15046.98,7140.207,7044.891,2722.277,669.796
41,nonMD,EO,TP7,18061.3,8316.378,8063.079,3284.602,688.1611
41,nonMD,EO,CP3,33593.62,14055.9,10379.18,4987.542,1106.049
41,nonMD,EO,CPz,36532.23,13372.01,11053.09,4642.762,968.6338
41,nonMD,EO,CP4,26124.75,11488.71,11026.37,4203.306,1046.969
41,nonMD,EO,TP8,391646.7,128374.9,89787.62,43334.36,10369.23
41,nonMD,EO,P5,30153.04,13137.91,11617.55,5701.959,1185.568
41,nonMD,EO,P1,34850.65,12791.04,10578.49,4524.288,1086.733
41,nonMD,EO,P2,45406.22,20018.58,19852.18,7567.919,1612.483
41,nonMD,EO,P6,36358.45,16366.98,12150.53,4916.39,1034.215
41,nonMD,EO,PO7,22767.51,8716.679,6878.686,2629.46,603.3505
41,nonMD,EO,POz,32688.72,11683.05,8784.313,3287.055,839.4193
41,nonMD,EO,PO8,37937.14,15130.39,10264.21,4252.482,957.7611
41,nonMD,EO,Oz,32324.96,10849.15,7206.258,3170.849,779.9433
41,nonMD,EO,P9,16989.61,5719.15,3940.264,1399.708,365.4082
41,nonMD,EO,P10,184599,56230.28,30308.74,14585.34,4614.578
41,nonMD,EO,TP9,8203.653,3297.708,2715.42,1479.719,327.6943
42,MD,EC,AFz,108288.9,47891.52,390123.8,13883.12,3024.249
42,MD,EC,Fp1,106138.8,43535.46,395121.2,17181.11,3968.296
42,MD,EC,Fp2,160416.9,51460.52,409676.8,18505.37,5917.855
42,MD,EC,AF3,96949.73,43288.97,369170.3,13569.51,2831.354
42,MD,EC,AF4,111162.4,50048.85,358153.4,13949.47,3373.422
42,MD,EC,F7,84177.34,47109.38,247693.6,15108.39,3661.534
42,MD,EC,F3,101698.5,50902.16,336561,12638.07,2700.647
42,MD,EC,Fz,106590,54835.55,376227.9,12935.37,2832.722
42,MD,EC,F4,99730.7,56256.6,330365.2,12936.25,2795.291
42,MD,EC,F8,77103.94,38696.85,225500.4,12290.59,3427.563
42,MD,EC,FC5,44119.69,24083.36,181622.8,7965.707,1511.409
42,MD,EC,FC1,81465.41,47641.58,318011,10588.9,2314.661
42,MD,EC,FC2,69212.8,43733.31,309701.4,10739.76,2543.509
42,MD,EC,FC6,42499.68,26834.16,180867.9,8677.509,1920.451
42,MD,EC,T7,73278.7,52705.96,137046.8,11706.72,3195.923
42,MD,EC,C3,30866.89,19033.3,117792,5236.733,1245.359
42,MD,EC,Cz,55714.93,35759.55,219658.7,8392.622,2400.05
42,MD,EC,C4,27989.12,21647.46,105837.6,5981.026,1400.133
42,MD,EC,T8,53339.75,33172.77,92288.51,11075.61,4336.606
42,MD,EC,CP5,46831.97,34447.36,74473.1,9998.791,2584.69
42,MD,EC,CP1,37809.97,21045.55,58081.43,7430.694,1438.307
42,MD,EC,CP2,36087.91,20703.14,62244.45,7243.132,1409.809
42,MD,EC,CP6,33473.06,19324.53,103432.7,8262.45,1648.152
42,MD,EC,P7,128768.9,95175.14,433249.6,32956.05,4972.563
42,MD,EC,P3,62313.12,36682.11,243335.4,18306.38,2766.739
42,MD,EC,Pz,91919.38,47608.64,320808.3,23046.46,2635.432
42,MD,EC,P4,80102.77,40897.28,579854.9,22388.52,2317.733
42,MD,EC,P8,277579.5,147922.2,1528282,67140.36,11308.33
42,MD,EC,PO3,152345.4,101006.6,1233784,51425.41,5311.25
42,MD,EC,PO4,272282.2,155786.5,2732496,82254.97,8156.049
42,MD,EC,O1,199208.5,127754.2,1225057,55303.95,7691.15
42,MD,EC,O2,213014.6,113659.1,1289492,45725.41,9236.714
42,MD,EC,AF7,111160.7,52979.02,325711.9,17832.26,4691.18
42,MD,EC,AF8,155416.7,57584.12,335496.8,17592.95,5690.063
42,MD,EC,F5,81296.38,39299.85,274802.8,12185.06,2625.852
42,MD,EC,F1,107114.6,56000.62,365429.6,13061.61,3040.822
42,MD,EC,F2,104292.9,55303.17,362346.1,13060.5,3018.029
42,MD,EC,F6,78782.39,43611.58,256325.2,11415.26,2411.684
42,MD,EC,FT7,56726.08,37137.23,183259.4,10447.97,2293.706
42,MD,EC,FC3,68444.58,37527.91,245111.7,9087.216,1821.42
42,MD,EC,FCz,83197.91,52443.32,360104.9,12251.5,3025.804
42,MD,EC,FC4,49101.39,33975.26,229217.9,9061.746,1874.286
42,MD,EC,FT8,35263.84,24207.29,141634.9,8607.163,2604.844
42,MD,EC,C5,35459.32,23465.21,105991.3,6754.742,1701.349
42,MD,EC,C1,44440.23,28712.56,187136.9,6972.319,1818.098
42,MD,EC,C2,40330.2,28617.56,161175.4,7304.445,2153.803
42,MD,EC,C6,26226.11,18172.9,67839.14,6277.334,1737.064
42,MD,EC,TP7,89620.75,70291.95,138516.1,16646.75,4494.979
42,MD,EC,CP3,29883.01,18553.62,49651.53,6463.051,1797.572
42,MD,EC,CPz,42179.85,22899.26,70090.09,7059.281,1400.078
42,MD,EC,CP4,28652.4,16860.17,65178.41,6733.713,1257.822
42,MD,EC,TP8,71490.71,41789.25,211248.9,15326.45,4582.724
42,MD,EC,P5,80390.74,59452.34,357653.9,23860.17,3895.582
42,MD,EC,P1,63399.34,36902.41,246286.1,18698.92,2938.7
42,MD,EC,P2,89827.48,44654.16,491989.8,23017.7,2669.488
42,MD,EC,P6,166204,75337.07,967611.9,36729.75,4667.474
42,MD,EC,PO7,263144.6,180084.5,1513094,84804.16,9992.318
42,MD,EC,POz,158519.1,82510.37,1138918,37215.09,5323.025
42,MD,EC,PO8,371154.8,204428,2433314,95313.03,14286.07
42,MD,EC,Oz,157547.1,83493.48,1129876,37098.38,5440.375
42,MD,EC,P9,147312.6,93256.97,234947.4,25481.34,7256.711
42,MD,EC,P10,274063.4,142894.3,605156.8,47456.49,24046.36
42,MD,EC,TP9,45234.29,32787.23,70261.47,8788.661,2145.672
42,MD,EO,AFz,56497,29208.81,33087.49,6746.444,1961.31
42,MD,EO,Fp1,48817.06,18050.83,22807.44,5549.346,2388.49
42,MD,EO,Fp2,54049.18,21840.66,26726.38,5429.542,1759.195
42,MD,EO,AF3,44705.8,21132.37,25430.47,5518.08,1853.364
42,MD,EO,AF4,63219.62,31360.75,34119.7,6681.911,2028.698
42,MD,EO,F7,38057.21,15653.25,20334.02,5722.765,2437.615
42,MD,EO,F3,49053.54,26438.68,29916.84,6027.651,1687.994
42,MD,EO,Fz,58038.8,35372.19,36944.23,6922.37,1735.127
42,MD,EO,F4,72611.55,40544.8,40199,7268.237,2027.119
42,MD,EO,F8,57014.93,25707.25,30830.69,5866.857,1993.125
42,MD,EO,FC5,23968.67,12236.21,17507.86,4401.116,1581.57
42,MD,EO,FC1,46800,31137.76,35027.59,6630.098,1546.684
42,MD,EO,FC2,45488.64,30982.27,35239.65,6091.469,1385.248
42,MD,EO,FC6,34175.53,15885.56,21612.84,3746.473,1182.163
42,MD,EO,T7,62437.95,38751.19,55246.38,12544.22,5671.381
42,MD,EO,C3,29689.48,15440.65,15792.43,4108.281,1344.662
42,MD,EO,Cz,34047.66,22881.7,25428.52,4589.245,1201.902
42,MD,EO,C4,20934.63,12374.76,14879.72,2919.309,912.6361
42,MD,EO,T8,47051.75,26422.38,28897.38,5501.316,1740.828
42,MD,EO,CP5,42126.69,23739.86,32064.87,6117.105,2434.487
42,MD,EO,CP1,41516.44,17551.06,18736.88,3959.939,1126.942
42,MD,EO,CP2,33077.89,15473.94,18720.01,4083.455,1194.34
42,MD,EO,CP6,25037.05,13484.81,17515.43,4232.598,1293.546
42,MD,EO,P7,75610.5,48910.47,58533.76,11942.14,4144.686
42,MD,EO,P3,45118.83,19366.84,31282.35,5449.621,1317.07
42,MD,EO,Pz,64028.42,27037.16,48319.07,8522.559,1602.988
42,MD,EO,P4,43742.28,21027.76,43585.53,9267.206,1814.855
42,MD,EO,P8,88471.7,53984.87,66905.32,20427.26,7238.946
42,MD,EO,PO3,72892.26,35899.49,59100.79,10712.68,2423.544
42,MD,EO,PO4,103531.4,53789.75,129397.2,25743.1,4657.964
42,MD,EO,O1,98692.5,51005.09,64634.94,13897.56,3861.822
42,MD,EO,O2,100495.2,50218.94,76114.24,18705.06,6499.808
42,MD,EO,AF7,50725.86,17366.76,22658.69,5787.207,2823.351
42,MD,EO,AF8,63917.72,28383.88,33407.18,6367.133,2039.655
42,MD,EO,F5,35638.59,15915.63,20190.53,4573.677,1523.371
42,MD,EO,F1,55242.95,33134.75,36187.99,6877.178,1717.13
42,MD,EO,F2,63830.92,38703.63,40844.2,7285.271,1832.692
42,MD,EO,F6,63286.11,32233.98,37085.91,6894.8,2137.372
42,MD,EO,FT7,32722.35,19766.96,30651.08,6692.332,2605.154
42,MD,EO,FC3,40794.61,23824.27,24521.51,5462.217,1622.883
42,MD,EO,FCz,45843.3,32362,38537.77,6593.271,1395.605
42,MD,EO,FC4,35795.8,21641.66,27280.62,4560.083,1148.592
42,MD,EO,FT8,47884.09,22120.97,28036.64,5490.967,1950.285
42,MD,EO,C5,26614.42,15140.48,20983.61,4906.859,2052.704
42,MD,EO,C1,39356.93,22540.05,22799.03,4590.775,1197.893
42,MD,EO,C2,24606.86,16696.49,19958.6,3585.953,1033.861
42,MD,EO,C6,24684.63,13178.96,15741.51,3014.659,961.2405
42,MD,EO,TP7,70711.55,48994.01,65447.75,11159.6,4562.636
42,MD,EO,CP3,26630.41,12813.08,13695.62,3071.27,1103.316
42,MD,EO,CPz,48580.18,23961.48,23218.91,4819.941,1442.77
42,MD,EO,CP4,24314.39,11803.27,15754.88,3672.594,1065.364
42,MD,EO,TP8,53200.18,35649.22,38252.82,8674.421,2515.037
42,MD,EO,P5,55052.13,29034.22,38873.48,7406.369,2518.72
42,MD,EO,P1,48933.77,20581.78,32641.98,5832.594,1483.091
42,MD,EO,P2,53607.13,24454.5,54791.38,10086.52,1600.736
42,MD,EO,P6,54567.71,31978.59,47722.71,11695.12,3001.491
42,MD,EO,PO7,111667,58920.75,65845.32,17254.65,4671.302
42,MD,EO,POz,89131.51,41398.96,89905.53,15018.07,3180.271
42,MD,EO,PO8,121357,67431.65,89287.12,28226.58,10130.36
42,MD,EO,Oz,89355.7,41685.29,90776.3,15113.21,3245.668
42,MD,EO,P9,79076.84,52733.77,57454.07,11613.5,3819.91
42,MD,EO,P10,94910.76,56231.55,55766.54,17868,8309.698
42,MD,EO,TP9,34038.5,23584.63,29959.74,6120.758,2650.885
5,nonMD,EC,AFz,56041.46,31493.7,228363.5,10962.74,2634.301
5,nonMD,EC,Fp1,54214.58,26233.51,219124.6,11037.17,2622.026
5,nonMD,EC,Fp2,69007.92,28805.08,205844,17394.03,7343.283
5,nonMD,EC,AF3,101782,36412.87,226797.3,13622.41,5043.647
5,nonMD,EC,AF4,68928.12,33143.03,196007.7,15951.03,7018.723
5,nonMD,EC,F7,46008.06,17294.81,127801.4,7922.038,3329.955
5,nonMD,EC,F3,55373.86,30813.26,194145.4,9788.577,2512.561
5,nonMD,EC,Fz,62039.66,34126.25,205004.1,10582.37,2601.355
5,nonMD,EC,F4,78667.64,35752.3,180042.2,15807.63,6205.727
5,nonMD,EC,F8,53637.49,20538.94,115654.2,8755.292,2684.706
5,nonMD,EC,FC5,36127.36,15806.55,93021.38,6827.046,3493.666
5,nonMD,EC,FC1,55726.62,27890.95,133902.2,8207.686,2218.607
5,nonMD,EC,FC2,42597.98,24220.65,124912.8,8426.782,1822.695
5,nonMD,EC,FC6,38239.99,17280.53,77045.27,8166.363,4379.937
5,nonMD,EC,T7,76203.87,17508.61,36471.23,6659.678,3975.518
5,nonMD,EC,C3,34174.37,18223.53,74279.58,8435.442,2684.859
5,nonMD,EC,Cz,36057.82,20729.94,77093.27,7037.189,1379.969
5,nonMD,EC,C4,22498.97,14041.14,47800.94,6441.84,2038.425
5,nonMD,EC,T8,52858.43,18535.61,46520.81,14003.17,13884.6
5,nonMD,EC,CP5,31261.13,14502.31,48346.98,6642.773,1788.087
5,nonMD,EC,CP1,32324.64,21942.15,121700.4,9671.549,1570.915
5,nonMD,EC,CP2,34912.17,22257.62,122934.3,8680.401,2009.637
5,nonMD,EC,CP6,42877.68,18993.77,77079.17,7444.985,2933.218
5,nonMD,EC,P7,60913.06,28972.99,115688.1,10840.37,3892.53
5,nonMD,EC,P3,46063.26,28314.54,233717.1,17289.99,2061.188
5,nonMD,EC,Pz,70937.25,44396.62,338199,19393.6,2497.267
5,nonMD,EC,P4,65476.52,40109.62,332717.5,17196.28,2932.712
5,nonMD,EC,P8,102011.1,68840.8,430977.3,27851.8,5264.241
5,nonMD,EC,PO3,96134.08,54182.22,561952.4,35312.28,4022.865
5,nonMD,EC,PO4,99292.35,58375.5,450351.5,25358.64,4500.059
5,nonMD,EC,O1,90912.94,49704.54,368320.8,22208.13,3981.828
5,nonMD,EC,O2,83403.3,49860.14,279885.8,18633.02,4301.25
5,nonMD,EC,AF7,73586.02,27413.1,192188.1,11592.29,4294.091
5,nonMD,EC,AF8,96146.12,32220.54,169870.2,15347.69,6865.387
5,nonMD,EC,F5,55812.66,26214.79,162479.2,11007.19,5966.804
5,nonMD,EC,F1,55943.45,31593.38,196162.1,10034.03,2577.872
5,nonMD,EC,F2,100794.7,38995.79,197092,12418.55,3284.548
5,nonMD,EC,F6,60759.16,25581.05,143884.8,13207.01,6125.875
5,nonMD,EC,FT7,31077.05,11057.41,69899.1,4893.29,1827.09
5,nonMD,EC,FC3,37761.7,20950.7,113238.3,7460.152,2547.51
5,nonMD,EC,FCz,60865.63,32682.66,149281.5,9427.702,2199.186
5,nonMD,EC,FC4,41367.17,20043.61,94995.96,9353.494,3998.097
5,nonMD,EC,FT8,33470.2,13245.31,62139.62,5831.44,1793.938
5,nonMD,EC,C5,20838.71,10396.35,38945.81,4976.522,2327.578
5,nonMD,EC,C1,27562.66,16205.46,69701.56,6017.271,1637.148
5,nonMD,EC,C2,26793.35,16150.94,61531.35,6189.468,1414.055
5,nonMD,EC,C6,35576.95,14514.77,32174.39,7251.832,4472.444
5,nonMD,EC,TP7,28784.98,15442.92,55400.17,5699.59,1388.798
5,nonMD,EC,CP3,27235.51,16431.81,76039.8,7459.971,1402.856
5,nonMD,EC,CPz,42078.14,28341.36,138202.1,10418.57,1809.801
5,nonMD,EC,CP4,27890.48,17602.44,81440.91,6801.291,1949.708
5,nonMD,EC,TP8,72028.8,33726.66,121264.3,16159.51,7641.504
5,nonMD,EC,P5,58824.51,32494.63,265800.3,19025.83,2635.196
5,nonMD,EC,P1,65675.47,39670.96,294553.7,19655.01,2755.802
5,nonMD,EC,P2,63560.6,39483.74,313506.2,17101.2,2946.134
5,nonMD,EC,P6,81849.05,46951.14,384028.9,20489.39,3468.653
5,nonMD,EC,PO7,99881.16,55114.64,458625.8,28083.93,4616.007
5,nonMD,EC,POz,85771.39,49190.5,382753.4,21987.79,3020.623
5,nonMD,EC,PO8,95472.98,60833.07,399230.8,24572.23,4822.501
5,nonMD,EC,Oz,82105.76,46789.73,258181.6,16813.68,3622.975
5,nonMD,EC,P9,164886,68914.53,249050.3,22975.13,8189.26
5,nonMD,EC,P10,95036.77,59040.93,259812.2,31547.4,20254.56
5,nonMD,EC,TP9,56055.67,29217.39,120090,11360.53,4295.503
5,nonMD,EO,AFz,69574.77,29411.34,44867.42,9515.569,3092.188
5,nonMD,EO,Fp1,150183.4,56917.53,67732.81,23357.83,9493.537
5,nonMD,EO,Fp2,242446.1,92725.09,87643.53,43895.47,20047.72
5,nonMD,EO,AF3,60285.25,25523.91,40247.23,8461.597,2763.548
5,nonMD,EO,AF4,84573.72,32912.28,44059.29,19808.04,11208.06
5,nonMD,EO,F7,52685.58,20704.3,30142.03,6255.136,1623.255
5,nonMD,EO,F3,50121.6,22113.73,37474.16,6491.753,1660.49
5,nonMD,EO,Fz,57220.59,24767.87,37414.8,7417.152,2100.177
5,nonMD,EO,F4,61368.15,23155.02,31740.34,9182.78,3246.39
5,nonMD,EO,F8,59439.46,22809.41,29629.85,9320.262,3899.106
5,nonMD,EO,FC5,30572.98,12027.27,22364.67,4415.741,1194.276
5,nonMD,EO,FC1,46289.76,18014.2,25392.37,6165.641,1781.809
5,nonMD,EO,FC2,49790.65,19330.2,21692.57,6258.506,1552.378
5,nonMD,EO,FC6,28508.15,10340.3,15657.95,4256.473,1067.017
5,nonMD,EO,T7,24500.33,9116.777,9538.888,4079.239,1939.526
5,nonMD,EO,C3,42373.54,17956.66,40472.82,9968.287,1958.73
5,nonMD,EO,Cz,56073.59,24049.92,23241.44,7051.735,1813.31
5,nonMD,EO,C4,43459,19785.68,23793.97,7692.363,1245.992
5,nonMD,EO,T8,35613.34,13769.06,15607.97,6155.17,3333.324
5,nonMD,EO,CP5,30130.41,14205.19,20794.5,5539.432,1355.255
5,nonMD,EO,CP1,40202.23,19206.17,33075,6747.804,1205.486
5,nonMD,EO,CP2,45321.53,21367.56,35138.82,7214.516,1462.357
5,nonMD,EO,CP6,29544.66,14387.2,22523.77,5791.011,1156.853
5,nonMD,EO,P7,36611.75,14458.26,20577.5,6221.762,1724.793
5,nonMD,EO,P3,48816.44,20903.89,37913.05,8227.032,1448.365
5,nonMD,EO,Pz,62144.37,24976.76,51417.31,8878.665,1515.529
5,nonMD,EO,P4,62747.96,27939.42,67572.43,11244.23,1556.552
5,nonMD,EO,P8,63873.32,30064.43,58443.44,13806.83,2969.501
5,nonMD,EO,PO3,85242.37,32295.11,55978.66,13207.31,2597.868
5,nonMD,EO,PO4,107686.8,37482.21,74816.09,16292.8,2341.613
5,nonMD,EO,O1,84664.75,29099.06,34725.75,10315.59,3021.846
5,nonMD,EO,O2,76537.09,27029.22,37806.09,10451.58,3416.327
5,nonMD,EO,AF7,88275.34,37213.8,48324.86,14199.15,4921.718
5,nonMD,EO,AF8,112756.6,45143.99,52630.17,14888.17,4599.308
5,nonMD,EO,F5,51757.6,21869.31,35588.96,7341.817,1883.003
5,nonMD,EO,F1,50446.64,22405.36,38214.05,6606.319,1696.693
5,nonMD,EO,F2,51748.09,21258.2,32145.05,7656.44,2582.237
5,nonMD,EO,F6,65034.42,23373.93,31759.16,12861.57,7044.125
5,nonMD,EO,FT7,25296.96,11493.54,19783.25,4245.441,881.2438
5,nonMD,EO,FC3,43541.37,17336.21,31574.01,6775.096,1456.935
5,nonMD,EO,FCz,59283.52,23104.29,26012.98,6995.932,2069.346
5,nonMD,EO,FC4,66116.09,17936.57,19873.34,6434.747,1424.97
5,nonMD,EO,FT8,40035.83,12768.81,15042.01,4751.611,2008.52
5,nonMD,EO,C5,18860.7,9532.166,19389.01,4653.444,849.5826
5,nonMD,EO,C1,41855.24,16818.92,22561.24,6235.544,1606.762
5,nonMD,EO,C2,44970.56,19139.82,20350.25,6318.605,1361.137
5,nonMD,EO,C6,33887.87,12893.99,14565.22,5205.03,1204.308
5,nonMD,EO,TP7,14507.61,6513.143,8641.423,2765.8,756.2691
5,nonMD,EO,CP3,39833.85,18407.57,31026.55,7223.938,1408.332
5,nonMD,EO,CPz,49667.07,23333.86,37689.26,7616.671,1627.492
5,nonMD,EO,CP4,41697.29,20391.92,31845.08,7451.67,1270.117
5,nonMD,EO,TP8,36985.96,16017.05,24624.24,7906.914,2521.949
5,nonMD,EO,P5,52984.95,21217.3,34623.39,8103.595,1509.951
5,nonMD,EO,P1,62706.07,25459.28,50608.36,9601.436,1716.579
5,nonMD,EO,P2,65989.94,25470.25,57216.28,10135.47,1879.386
5,nonMD,EO,P6,61497.47,28403.77,65629.37,12831.3,2011.614
5,nonMD,EO,PO7,88193.52,30616.86,39013.86,12354.76,3886.342
5,nonMD,EO,POz,96271.29,31940.79,51573.62,11028.8,2265.797
5,nonMD,EO,PO8,68280.27,28217.42,52244.39,12262.56,2690.765
5,nonMD,EO,Oz,93545.22,31248.58,32148.78,9491.135,3085.005
5,nonMD,EO,P9,67268.31,21988.46,19453.6,8744.102,4160.9
5,nonMD,EO,P10,85834.24,27168.74,31759.97,12868.43,7653.98
5,nonMD,EO,TP9,37359.7,13682.54,15344.18,5031.588,1922.807
6,nonMD,EC,AFz,87518.14,78753.34,211748.2,12225.21,2573.938
6,nonMD,EC,Fp1,84412.7,45601.87,233338,9791.278,2389.27
6,nonMD,EC,Fp2,46884.17,35297.26,112235.8,6004.189,1503.977
6,nonMD,EC,AF3,76213.27,55539.2,210001.5,10886.39,2585.206
6,nonMD,EC,AF4,76667.22,59629.97,203187.3,10238.19,2374.807
6,nonMD,EC,F7,75438.96,40664.99,152642.6,8358.758,2555.6
6,nonMD,EC,F3,69501.68,51539.75,176037,11135,2323.233
6,nonMD,EC,Fz,86752.95,83181.88,182848.8,12938.79,2496.802
6,nonMD,EC,F4,80983.13,64437.45,168981.8,11291.5,2817.36
6,nonMD,EC,F8,67028.8,38230.38,157514.4,8136.848,2338.463
6,nonMD,EC,FC5,30855.11,19140.74,77316.12,4943.75,1051.073
6,nonMD,EC,FC1,51131.73,46653.69,105446.2,8724.101,1521.195
6,nonMD,EC,FC2,58138.72,52139.15,106392.4,8999.02,1834.807
6,nonMD,EC,FC6,34966.16,26758.58,89509.24,5748.361,1337.886
6,nonMD,EC,T7,37144.84,24608.96,72623.81,4584.29,1073.658
6,nonMD,EC,C3,22621.61,19963.38,83426.6,6183.429,890.8337
6,nonMD,EC,Cz,58373.47,46727.63,156260.6,8219.779,1496.435
6,nonMD,EC,C4,31859.77,30915.29,98428.81,7663.663,1252.393
6,nonMD,EC,T8,30499.55,21263.1,71241.46,4900.755,999.2962
6,nonMD,EC,CP5,28120.39,23487.31,69019.34,5698.274,1180.923
6,nonMD,EC,CP1,89369.13,57526.88,442981.9,14270.89,2021.53
6,nonMD,EC,CP2,82302.39,48807.25,334182.9,11985.88,1983.155
6,nonMD,EC,CP6,25088.86,23879.55,86320.31,7022.751,956.1086
6,nonMD,EC,P7,52182.1,48328.54,109788.4,8893.062,2607.551
6,nonMD,EC,P3,162488.4,82599.47,669510.2,21368.54,2820.561
6,nonMD,EC,Pz,171976,119906.1,766663.9,27119.3,4114.853
6,nonMD,EC,P4,88162.84,53520.62,311585.9,14660.77,2307.74
6,nonMD,EC,P8,55972.72,53797.46,186280.2,11123.75,1695.54
6,nonMD,EC,PO3,104400.8,76029.9,372284,16250.37,2878.735
6,nonMD,EC,PO4,136661.1,101153.1,475880.2,24091.03,3900.55
6,nonMD,EC,O1,52425.39,48995,119026.1,7844.95,1807.02
6,nonMD,EC,O2,53342.83,54899.2,174268.1,9709.741,2016.232
6,nonMD,EC,AF7,79790.2,40621.36,201959.7,9050.038,2478.499
6,nonMD,EC,AF8,80093.31,41269.47,204505.2,8988.942,2419.48
6,nonMD,EC,F5,56391.36,34299.27,155720.9,7965.054,1867.666
6,nonMD,EC,F1,72182.75,66582.3,174801,11446.48,2027.626
6,nonMD,EC,F2,79115.77,73453.69,169373,11566.39,2429.879
6,nonMD,EC,F6,61853.34,41387.77,151415.1,8444.914,2341.232
6,nonMD,EC,FT7,27436.62,16715.88,49064.51,3625.69,933.7928
6,nonMD,EC,FC3,34782.61,29183.08,86450.88,7922.255,1578.819
6,nonMD,EC,FCz,78368.11,67422.72,132003.1,11669.75,2422.193
6,nonMD,EC,FC4,37792.57,34920.75,94680.72,7202.478,1434.438
6,nonMD,EC,FT8,60917.98,49767.92,133902.5,7910.941,1684.022
6,nonMD,EC,C5,18625.46,13109.15,40018.39,3837.056,704.1779
6,nonMD,EC,C1,48420.38,38365.2,145615.6,8910.352,1386.469
6,nonMD,EC,C2,46593.43,38957.63,128050.5,7604.501,1356.104
6,nonMD,EC,C6,24554.95,24635.74,67845.88,6563.698,1189.556
6,nonMD,EC,TP7,55037.82,36998.33,70053.91,8035.312,3210.186
6,nonMD,EC,CP3,59667.68,36892.75,254210.1,11044.75,1470.204
6,nonMD,EC,CPz,103917.4,65446.67,410037.8,13050.44,2228.392
6,nonMD,EC,CP4,53425.1,38315.96,213195,11267.45,1751
6,nonMD,EC,TP8,33053.06,28254.2,82946.88,6280.428,897.4344
6,nonMD,EC,P5,56484.47,44978.15,172546.6,10006.15,2093.856
6,nonMD,EC,P1,169552,85392.12,687962.1,21939.16,2929.666
6,nonMD,EC,P2,114816.8,68547.42,407472.9,16945.29,2935.024
6,nonMD,EC,P6,85557.41,63556.93,291540.5,16196.6,2487.729
6,nonMD,EC,PO7,64031.3,61643.5,152663.2,10355.97,2694.997
6,nonMD,EC,POz,79346.2,65391.67,275707.9,13528.43,2214.932
6,nonMD,EC,PO8,80926.01,75717.38,270508.2,15014,2699.946
6,nonMD,EC,Oz,48548.94,48527.66,133794.8,7860.075,1370.356
6,nonMD,EC,P9,38743.8,24883.92,89141.9,5658.948,1397.958
6,nonMD,EC,P10,52680.08,47504.81,153673.9,8116.332,1343.225
6,nonMD,EC,TP9,56666.26,44683.1,153470.3,8270.121,2582.684
6,nonMD,EO,AFz,57737.93,55805.66,41401.89,5973.478,1758.286
6,nonMD,EO,Fp1,22084.16,14061.76,29229.85,2418.197,689.3727
6,nonMD,EO,Fp2,18403.56,15096.14,15626.74,1979.261,634.333
6,nonMD,EO,AF3,31715.09,28011.57,30353.02,3647.788,998.384
6,nonMD,EO,AF4,41369.34,32279.21,34756.39,4485.72,1482.179
6,nonMD,EO,F7,19519.83,10058.23,32114.36,2305.753,685.4613
6,nonMD,EO,F3,30208.57,26230.34,25152.25,3570.914,1098.607
6,nonMD,EO,Fz,53118.35,43764.96,38991.63,5470.495,1534.766
6,nonMD,EO,F4,32919.74,22337.39,29150.32,3878.411,1101.475
6,nonMD,EO,F8,26235.58,14136.43,28761.89,3044.678,1183.176
6,nonMD,EO,FC5,14450.51,10248.03,21822.87,2399.998,893.9669
6,nonMD,EO,FC1,30462.55,18071.88,24934.3,3376.293,930.8088
6,nonMD,EO,FC2,34699.67,16746.51,30805.33,4048.355,1143.567
6,nonMD,EO,FC6,16896.42,12014.84,21077.19,2659.289,781.0558
6,nonMD,EO,T7,26877.87,15363.65,36488.46,3026.041,951.4221
6,nonMD,EO,C3,15814.15,11463.8,22329.78,2943.328,1125.069
6,nonMD,EO,Cz,37074.48,14524.36,56727.61,3652.807,1047.408
6,nonMD,EO,C4,20054.9,12530.5,23092.17,3075.176,934.8267
6,nonMD,EO,T8,17679.83,13884.04,23903.46,2492.766,814.0373
6,nonMD,EO,CP5,24278.31,19150.54,31078.46,4013.033,1484.781
6,nonMD,EO,CP1,50942.55,22437.38,116866.5,6010.486,1234.157
6,nonMD,EO,CP2,46269.82,19226.21,84188.62,4789.991,1286.791
6,nonMD,EO,CP6,12997.71,12808.73,18098.84,2550.1,761.6234
6,nonMD,EO,P7,28541.57,18171.75,34885.18,3427.866,1038.608
6,nonMD,EO,P3,58844.26,27006.35,159801.6,8787.668,1624.316
6,nonMD,EO,Pz,83547.22,40075.98,200681.2,10780.85,1931.687
6,nonMD,EO,P4,41932.58,20837.29,70426.96,6443.036,1603.05
6,nonMD,EO,P8,29338.2,18356.03,37402.66,4232.178,1297.407
6,nonMD,EO,PO3,34866.12,19238.31,55696.75,4775.476,1037.37
6,nonMD,EO,PO4,47291.3,24755.65,66169.52,7877.247,1795.393
6,nonMD,EO,O1,31696.04,17008.23,34374.13,3346.925,1017.207
6,nonMD,EO,O2,33122.72,17966.46,33205.28,3997.775,1311.092
6,nonMD,EO,AF7,19263.75,8702.437,31070.64,2056.506,557.8774
6,nonMD,EO,AF8,26550.06,11959.8,31866.49,2897.016,1155.476
6,nonMD,EO,F5,17358.1,11559.58,26839.72,2415.06,764.2101
6,nonMD,EO,F1,51810.62,42681.48,35099.74,5456.764,1536.922
6,nonMD,EO,F2,45359.33,34961.37,37509.61,4940.82,1481.756
6,nonMD,EO,F6,21935.76,12866.87,26764.84,3041.874,930.1195
6,nonMD,EO,FT7,13588.33,9205.543,19028.69,2037.432,764.6377
6,nonMD,EO,FC3,18212.43,13544.26,16290.81,2853.58,1226.242
6,nonMD,EO,FCz,37941.98,19957.36,34207.65,4197.664,1100.425
6,nonMD,EO,FC4,19198.67,11537.53,20624.7,2898.153,801.0713
6,nonMD,EO,FT8,43796.75,19590.06,44525.91,3753.243,1537.11
6,nonMD,EO,C5,19057.05,15190.46,25077.1,3511.9,1450.42
6,nonMD,EO,C1,27075.59,12555.93,40663.07,3329.317,998.0334
6,nonMD,EO,C2,34953.64,14601.16,39254.69,3653.786,1164.088
6,nonMD,EO,C6,9869.855,9092.427,15141.62,2023.844,562.1623
6,nonMD,EO,TP7,33814.75,21230.58,42682.5,4167.319,1330.249
6,nonMD,EO,CP3,33368.43,21095.62,62665.67,5512.641,1649.48
6,nonMD,EO,CPz,56640.62,23320.53,122726.4,5702.649,1315.897
6,nonMD,EO,CP4,29775.8,15783.71,43381.42,4105.585,1259.585
6,nonMD,EO,TP8,18535.36,13748.85,25706.84,2701.64,853.7359
6,nonMD,EO,P5,24818.19,18153.99,37418.94,3974.479,1227.548
6,nonMD,EO,P1,60603.01,27859.2,164281.1,8975.957,1667.606
6,nonMD,EO,P2,48240.61,22700.06,91445.88,6697.995,1493.386
6,nonMD,EO,P6,31808.74,19329.19,48443.5,5745.112,1426.253
6,nonMD,EO,PO7,25126.06,15732.79,25536.56,2646.065,807.5558
6,nonMD,EO,POz,45639.29,21304.74,59384.36,6877.435,1338.98
6,nonMD,EO,PO8,36611.64,20650.47,41238.63,4870.809,1537.277
6,nonMD,EO,Oz,28563.88,15738.74,27630.5,3126.358,943.9301
6,nonMD,EO,P9,18434.05,13333.4,22125.93,2466.133,891.2541
6,nonMD,EO,P10,48951.44,24475.93,44717.07,5023.345,2448.289
6,nonMD,EO,TP9,77010.74,32053.47,68027.82,7231.505,3624.978
7,nonMD,EC,AFz,17868.21,11543.7,70896.49,3323.11,793.4382
7,nonMD,EC,Fp1,19167.91,10306.61,58197.32,3766.487,1446.858
7,nonMD,EC,Fp2,30354.52,15941.58,80432.05,6079.63,2600.109
7,nonMD,EC,AF3,15591.99,10050.07,62211.13,2956.908,719.6407
7,nonMD,EC,AF4,21683.59,13027.12,75789.09,4041.829,1177.356
7,nonMD,EC,F7,11102.61,6028.468,37388.34,2477.533,928.4608
7,nonMD,EC,F3,12889.25,9162.37,56042.95,2558.068,558.3632
7,nonMD,EC,Fz,14557.61,10798.35,65600.91,2792.399,603.0074
7,nonMD,EC,F4,17095.01,12066.82,73068.46,3131.177,647.3868
7,nonMD,EC,F8,21158.29,13635.71,74993.76,3978.976,1021.019
7,nonMD,EC,FC5,7757.501,6166.548,32379.15,1823.799,522.8436
7,nonMD,EC,FC1,10373.6,8200.711,44374.3,2280.866,762.7939
7,nonMD,EC,FC2,13723.94,10334.53,61911.99,2687.558,726.068
7,nonMD,EC,FC6,11697.33,8294.755,44971.09,2494.89,649.1633
7,nonMD,EC,T7,3070.402,2179.241,10740.91,907.674,280.1855
7,nonMD,EC,C3,6082.039,4582.52,16748.96,1634.727,786.9836
7,nonMD,EC,Cz,9575.595,6521.528,30168.57,2374.252,1383.238
7,nonMD,EC,C4,7328.104,5179.284,29645.59,1704.204,616.8335
7,nonMD,EC,T8,12495.96,8750.835,29101.88,3407.028,1170.19
7,nonMD,EC,CP5,5644.279,3623.985,10749.06,1435.624,601.5977
7,nonMD,EC,CP1,14615.41,7576.293,20852.62,3625.734,2269.802
7,nonMD,EC,CP2,8671.603,3583.972,16183.47,2246.809,1557.925
7,nonMD,EC,CP6,7934.811,4900.17,25039.29,2502.48,948.4374
7,nonMD,EC,P7,15240.51,10784.75,60485.23,3574.888,1207.573
7,nonMD,EC,P3,21101.82,12532.37,54646,4391.83,1619.55
7,nonMD,EC,Pz,28403.77,14555.27,73189.9,5756.84,2579.529
7,nonMD,EC,P4,23758.85,12634.06,78001.05,5222.488,2022.53
7,nonMD,EC,P8,23656.4,18832.3,84214.41,6582.184,2035.536
7,nonMD,EC,PO3,55639.61,39927.01,224667.8,12188.17,3554.329
7,nonMD,EC,PO4,74526.86,52888.74,318568,15726.24,3660.003
7,nonMD,EC,O1,50713.09,35123.89,202042.6,11954.68,5374.822
7,nonMD,EC,O2,37154.01,28906.74,166871.2,7675.929,2023.482
7,nonMD,EC,AF7,9457.707,4186.839,21660.08,2121.25,1178.67
7,nonMD,EC,AF8,36865.42,18713.98,65643.13,8312.569,4544.983
7,nonMD,EC,F5,9918.457,6735.218,41665.33,1957.718,448.2933
7,nonMD,EC,F1,11485.33,8211.563,50415.95,2207.826,465.2679
7,nonMD,EC,F2,16161.06,11602.9,71018.42,2985.216,613.4554
7,nonMD,EC,F6,17908.64,11997.59,70714.66,3272.377,727.6621
7,nonMD,EC,FT7,5150.203,3062.701,18905.93,1174.559,380.0877
7,nonMD,EC,FC3,8614.099,6829.595,36133.29,2015.942,568.5969
7,nonMD,EC,FCz,13992.99,10959.8,61039.17,2988.851,993.6546
7,nonMD,EC,FC4,11739.76,8680.891,51808.87,2312.676,613.5302
7,nonMD,EC,FT8,6652.842,4716.537,16985.79,1829.382,591.6562
7,nonMD,EC,C5,3232.046,2529.913,9610.467,880.1478,375.001
7,nonMD,EC,C1,7305.827,5247.915,19944.25,1906.675,1030.36
7,nonMD,EC,C2,7472.041,5063.023,27212.7,1798.586,971.9396
7,nonMD,EC,C6,6962.949,4910.651,23584.34,1688.947,484.5388
7,nonMD,EC,TP7,4296.717,3037.866,13591.94,1194.994,377.4376
7,nonMD,EC,CP3,10144.27,5810.283,15272.75,2542.909,1391.083
7,nonMD,EC,CPz,13765.44,6329.838,20706.88,3380.685,2285.268
7,nonMD,EC,CP4,6516.405,2846.237,16270.81,1832.032,1065
7,nonMD,EC,TP8,9885.158,7648.724,28552.2,3099.758,1008.281
7,nonMD,EC,P5,17320,11862.59,61358.11,3576.062,908.7566
7,nonMD,EC,P1,26225.63,14134.73,65493.84,5329.841,2279.467
7,nonMD,EC,P2,26270,13102.06,77378.88,5599.741,2445.676
7,nonMD,EC,P6,31951.02,22591.5,125673.3,8100.482,2234.137
7,nonMD,EC,PO7,55882.73,39717.84,224379,12891.82,4302.019
7,nonMD,EC,POz,65245.41,38796.52,226529.6,12218.74,3648.217
7,nonMD,EC,PO8,62512.7,47647.93,268962.9,14066.61,3482.974
7,nonMD,EC,Oz,29125.23,21151.37,123694.4,6370.84,2412.685
7,nonMD,EC,P9,39093.73,21067.76,102491.5,10383.15,6977.261
7,nonMD,EC,P10,8068.97,6495.17,27156.15,2207.101,781.7627
7,nonMD,EC,TP9,38449.45,17876.02,72798.06,10124.33,7283.154
7,nonMD,EO,AFz,27107.66,9921.435,12448.41,2233.42,796.1534
7,nonMD,EO,Fp1,36227.98,13266.95,14339.49,2534.562,900.2543
7,nonMD,EO,Fp2,36011.47,14611.55,15416.33,2907.637,991.1085
7,nonMD,EO,AF3,23081.05,8603.458,10735.69,1852.802,651.6085
7,nonMD,EO,AF4,31172.41,12958.78,13308.25,2661.63,957.2413
7,nonMD,EO,F7,22993.35,9563.197,8831.924,1862.173,658.0725
7,nonMD,EO,F3,27692.27,12128.65,12297.54,2402.657,859.7372
7,nonMD,EO,Fz,19600.23,7298.02,9754.642,1798.243,664.9062
7,nonMD,EO,F4,23485.7,10427.51,9850.325,2171.623,785.9407
7,nonMD,EO,F8,33422.82,13141.74,15023.04,2729.118,884.6643
7,nonMD,EO,FC5,19931.4,9382.687,10402.57,1990.313,682.2011
7,nonMD,EO,FC1,19541.67,7170.507,10006.09,1888.891,731.1426
7,nonMD,EO,FC2,17029.45,6572.367,6525.687,1530.566,611.6238
7,nonMD,EO,FC6,12763.29,4990.193,5295.787,1095.272,355.2091
7,nonMD,EO,T7,14518.38,8103.733,6516.34,1506.284,529.7521
7,nonMD,EO,C3,11789.47,6558.412,7657.852,1400.49,507.3471
7,nonMD,EO,Cz,14756.45,6558.043,6718.162,1383.786,575.3092
7,nonMD,EO,C4,15159.57,7256.553,5836.323,1281.396,445.2144
7,nonMD,EO,T8,31893.06,14321.9,17718.45,3235.194,1111.767
7,nonMD,EO,CP5,12252.18,6850.492,6886.365,1312.801,437.6065
7,nonMD,EO,CP1,17399.38,8204.394,8269.151,1567.086,602.4514
7,nonMD,EO,CP2,11814.44,4460.198,3435.747,744.0535,305.0983
7,nonMD,EO,CP6,16901.22,8813.943,11837.81,2035.872,705.1589
7,nonMD,EO,P7,23124.07,8968.172,8899.812,1910.195,680.1906
7,nonMD,EO,P3,23480.83,9876.663,11107.73,2087.341,698.4637
7,nonMD,EO,Pz,35702.9,10094.73,12788.14,2386.382,832.3195
7,nonMD,EO,P4,20456.35,7417.554,10370.62,1749.156,612.3528
7,nonMD,EO,P8,50403,22462.17,33267.69,5845.206,2182.741
7,nonMD,EO,PO3,37895.7,12158.05,15504.12,3013.967,1024.352
7,nonMD,EO,PO4,41763.16,14847.46,23842.6,4103.773,1506.552
7,nonMD,EO,O1,32639.07,10596.32,14046.75,2767.302,1023.172
7,nonMD,EO,O2,39652.59,14947.95,21046.02,3965.112,1556.955
7,nonMD,EO,AF7,27832.88,9442.521,12173.44,2339.167,827.4246
7,nonMD,EO,AF8,48554.3,21976.22,20717.84,4337.775,1516.717
7,nonMD,EO,F5,32422.35,14463.43,16128.84,3042.196,1043.496
7,nonMD,EO,F1,27971.06,10486.49,13778.38,2399.199,851.6818
7,nonMD,EO,F2,22106.22,8750.49,9862.108,2075.587,777.5778
7,nonMD,EO,F6,32244.92,14132.05,13220.17,3112.933,1115.887
7,nonMD,EO,FT7,25953.32,11256.11,10253.37,2248.217,802.0254
7,nonMD,EO,FC3,17356.27,7996.331,10865.69,1926.989,691.1917
7,nonMD,EO,FCz,14368.11,5724.495,6954.314,1499.138,622.2205
7,nonMD,EO,FC4,17759.94,8302.576,6385.092,1706.047,633.1846
7,nonMD,EO,FT8,29733.3,16109.31,15811.85,3036.341,1009.445
7,nonMD,EO,C5,15134.75,8918.585,9220.587,1766.686,604.5291
7,nonMD,EO,C1,26089.77,12190.25,11687.94,2392.85,970.2615
7,nonMD,EO,C2,20232.79,8334.719,6237.795,1628.466,682.1903
7,nonMD,EO,C6,13377.73,7301.877,7226.589,1428.405,453.5919
7,nonMD,EO,TP7,12866.77,6437.725,5622.209,1203.167,414.5963
7,nonMD,EO,CP3,19302.68,10512.01,11371.88,2086.839,721.7713
7,nonMD,EO,CPz,14427.23,6432.58,6104.213,1219.339,500.3103
7,nonMD,EO,CP4,10936.43,5384.908,5043.752,972.6234,331.239
7,nonMD,EO,TP8,31177.44,14992.5,21108.7,3684.793,1334.364
7,nonMD,EO,P5,22206.07,9829.37,10653.04,1984.234,659.8589
7,nonMD,EO,P1,24241.46,9083.271,10431.39,1868.166,629.113
7,nonMD,EO,P2,17875.48,5464.039,6895.052,1205.818,428.5869
7,nonMD,EO,P6,47323.09,20132.1,30441.61,5227.309,1906.865
7,nonMD,EO,PO7,34936.6,11491.56,14119.77,2802.068,966.5854
7,nonMD,EO,POz,36153.54,10003,14863,2654.114,904.3737
7,nonMD,EO,PO8,55649.89,21814.95,33188.75,5901.965,2235.8
7,nonMD,EO,Oz,29129.1,9943.978,14343.09,2700.422,1028.805
7,nonMD,EO,P9,27984.53,9889.952,9483.083,2185.926,863.8773
7,nonMD,EO,P10,53292.08,23153.05,30291.69,5726.99,2279.464
7,nonMD,EO,TP9,35662.78,13261.31,10561.35,2612.266,1052.571
8,MD,EC,AFz,68461,28993.35,398867.2,15921.13,2321.384
8,MD,EC,Fp1,54303.7,22041.04,390493.2,14406.95,2282.091
8,MD,EC,Fp2,43873.86,18052.83,365257.4,12218.25,2002.911
8,MD,EC,AF3,62063.07,26142.08,385859.2,15517.7,2216.647
8,MD,EC,AF4,59968.82,25085.75,366145,14296.41,2344.079
8,MD,EC,F7,102354.2,45771.29,334658,20095.03,5831.857
8,MD,EC,F3,73806.68,32245.16,365708,16809.79,2710.567
8,MD,EC,Fz,91260.11,39620.14,388702.2,18124.84,3273.502
8,MD,EC,F4,60275.16,26550.65,311147.7,13804.66,2276.92
8,MD,EC,F8,65128.21,25400.77,261757.2,13645.71,3033.079
8,MD,EC,FC5,43227.58,20543.62,224184.5,12010.96,2340.835
8,MD,EC,FC1,78656.93,36485.8,296983.8,15402.04,2908.251
8,MD,EC,FC2,66651.38,31194.97,237337,13453.7,2608.856
8,MD,EC,FC6,36681.21,16694.1,152651.5,11428.04,1999.49
8,MD,EC,T7,65621.9,31534.28,175743.7,13493.92,4207.452
8,MD,EC,C3,38967.2,21044.78,144565.7,13215.63,1898.911
8,MD,EC,Cz,72157.02,34474.55,215517.9,13427.7,2452.267
8,MD,EC,C4,34638.08,20434.5,133696,16957.83,2191.027
8,MD,EC,T8,129766.5,54341.3,157815.5,28245.56,7835.487
8,MD,EC,CP5,35933.43,17208.7,111361,15928.85,3045.39
8,MD,EC,CP1,64068.41,31254.22,194943.9,18988.1,2321.857
8,MD,EC,CP2,76352.17,39095.53,384634.3,24365.07,2909.998
8,MD,EC,CP6,49008.96,27182.38,364073.6,22564.52,2863.411
8,MD,EC,P7,112000.5,54146.98,468524.5,35882.31,7949.98
8,MD,EC,P3,76052.96,35049.67,435674.8,31158.58,3847.353
8,MD,EC,Pz,112054.5,61332.12,893923.1,38590.56,4132.845
8,MD,EC,P4,103294.6,54879.44,1140960,44936,4445.649
8,MD,EC,P8,199100.3,115452.2,1291142,72393.59,8389.772
8,MD,EC,PO3,144540.6,64667.98,1160930,53593.36,6697.178
8,MD,EC,PO4,242060.6,125758.5,2855490,103041.3,11945.93
8,MD,EC,O1,123996.3,57263.17,538269.9,31908.25,7502.83
8,MD,EC,O2,135964.5,66743.91,776218.9,39419.13,6440.925
8,MD,EC,AF7,73433.4,31000.34,376800.9,16559.12,3547.418
8,MD,EC,AF8,45788.85,19161.74,345217.3,12036.5,2102.579
8,MD,EC,F5,57018.9,24676.27,331151.7,14649.92,2536.866
8,MD,EC,F1,85789.29,37643.21,382284.1,17716.09,3081.886
8,MD,EC,F2,76509.06,33563.68,343895.6,15727.67,2887.618
8,MD,EC,F6,45093.44,19034.16,277214.2,11691.42,1896.203
8,MD,EC,FT7,95525,44647.27,280000.4,18908.27,6174.048
8,MD,EC,FC3,58850.13,27802.82,269880.2,14204.43,2395.012
8,MD,EC,FCz,83077.97,37523.21,308883.7,15404.7,3018.462
8,MD,EC,FC4,38809.2,20061.22,178086.8,11758.36,1913.012
8,MD,EC,FT8,117009,45510.88,197545.4,20544.06,6257.472
8,MD,EC,C5,26173.61,14595.24,111356.1,10807.06,1936.754
8,MD,EC,C1,63566.02,31213.79,188135.3,13486.33,2377.943
8,MD,EC,C2,51311.06,26780.83,174422.8,14512.23,2189.289
8,MD,EC,C6,35871.76,18340.68,80000.46,14219.51,2583.729
8,MD,EC,TP7,45395.37,23139.2,142962.3,11702.29,3166.133
8,MD,EC,CP3,53966.74,25712.68,142705.7,20199.65,2453.253
8,MD,EC,CPz,80613.82,39472,283989.6,17961.62,2429.644
8,MD,EC,CP4,64765.94,34828.66,362374.2,29175.16,3318.354
8,MD,EC,TP8,94251.55,48512.68,321617,28169.94,4349.427
8,MD,EC,P5,81301.34,37296.43,446999.1,34541.98,5673.937
8,MD,EC,P1,93745.11,45657.17,582426.7,32752.18,3484.846
8,MD,EC,P2,111389.5,60606.02,1130671,43326.03,4065.127
8,MD,EC,P6,149923.3,79996.57,1639898,63729.47,7082.115
8,MD,EC,PO7,121880.1,59562.39,682115.3,40031.99,8248.741
8,MD,EC,POz,142152.1,68913.02,1283371,50660.66,6174.423
8,MD,EC,PO8,185656.9,99557.75,1470457,66375.77,8222.384
8,MD,EC,Oz,146853.6,62503.57,537205.4,34696.62,7455.887
8,MD,EC,P9,162758.4,72836.77,451037.4,35722.85,14126.49
8,MD,EC,P10,138950.4,71114.26,514769.8,35053.29,6472.068
8,MD,EC,TP9,76038.84,36835.5,293230.8,17063.97,4815.229
8,MD,EO,AFz,62831.68,22538.73,46519.54,11263.94,2948.771
8,MD,EO,Fp1,86716.05,30473.17,58224.31,15268.02,4691.543
8,MD,EO,Fp2,78523.34,28432.19,53040.29,13862.51,4637.374
8,MD,EO,AF3,74907.75,26550.55,51077.99,13567.96,3597.162
8,MD,EO,AF4,49221.09,17174.85,34441.6,9136.646,2463.398
8,MD,EO,F7,37606.7,14860.39,37615.41,7897.709,1767.443
8,MD,EO,F3,75315.13,27269.29,55159.79,14122.28,3460.246
8,MD,EO,Fz,67277.23,24595.87,48833.88,13157.94,3267.877
8,MD,EO,F4,41894.62,14696.2,34773.12,8678.975,2624.753
8,MD,EO,F8,37141.86,13248.38,29203.75,7733.846,2171.527
8,MD,EO,FC5,25414.86,10800.37,31645.64,7178.165,1211.084
8,MD,EO,FC1,45275.4,18904.34,39847.61,12443.25,2470.879
8,MD,EO,FC2,36875.18,15382.35,32351.1,11120.49,2161.757
8,MD,EO,FC6,26841.4,9924.224,17416.12,8297.104,1837.953
8,MD,EO,T7,14789.61,8015.05,24735.54,7058.073,1307.8
8,MD,EO,C3,25918.12,13161.91,32042.95,12470.09,1880.43
8,MD,EO,Cz,32307.74,16426.2,37099.37,11601.92,1879.529
8,MD,EO,C4,32441.97,19830.43,48473.64,17684.42,2468.087
8,MD,EO,T8,13626.21,7566.987,19376.92,7272.656,1349.748
8,MD,EO,CP5,30814.76,13721.24,26929.17,14938.25,2998.956
8,MD,EO,CP1,52988.2,23969.48,48306.96,18148.03,2828.169
8,MD,EO,CP2,62721.44,33593.19,94023.23,21353.04,3045.438
8,MD,EO,CP6,25126.92,15566.22,64326.59,15276.62,1998.902
8,MD,EO,P7,92942.77,42287.24,68586.83,29075.31,7668.302
8,MD,EO,P3,67577.74,24572.07,43754.29,21172.81,4738.405
8,MD,EO,Pz,113629.5,45465.56,144858.4,32169.63,5535.738
8,MD,EO,P4,75021.03,38624.65,180485.1,33170.86,3957.267
8,MD,EO,P8,126097.9,67661.88,184937.5,61497.37,12721.17
8,MD,EO,PO3,104336.8,36740.01,62557.84,26551.19,6100.176
8,MD,EO,PO4,143822.9,60484.46,326913,67786.09,6156.964
8,MD,EO,O1,97277.48,43166.77,72808.72,25146.99,6069.072
8,MD,EO,O2,108051.5,48394.04,110975.4,34623.63,6945.997
8,MD,EO,AF7,85654.08,30222.17,54011.21,14661.91,4658.743
8,MD,EO,AF8,56092.84,20195.52,34547.98,9907.674,3710.051
8,MD,EO,F5,57329.55,20752.17,45202.34,10705.9,2534.349
8,MD,EO,F1,66006.77,24185.94,49248.94,13106.03,3066.071
8,MD,EO,F2,58273.73,20927.38,40594.01,11862.33,2813.04
8,MD,EO,F6,52223.67,17866.73,35163.2,12196.64,3165.678
8,MD,EO,FT7,22484.58,10169.87,30095.21,6455.723,1205.973
8,MD,EO,FC3,42945.08,17527.35,40497.96,11010.91,2202.227
8,MD,EO,FCz,47147.04,19438.88,40408.76,12227.47,2615.328
8,MD,EO,FC4,29751.82,12785.31,25920.61,10473.89,1665.768
8,MD,EO,FT8,16781.08,7834.857,15355,7698.055,1323.368
8,MD,EO,C5,21615.78,10549.76,27614.12,10894.87,1839.874
8,MD,EO,C1,29562.51,15030.92,34840.78,11862.21,2082.126
8,MD,EO,C2,31619.69,17987.68,43354.25,13934.1,1999.103
8,MD,EO,C6,25162.34,14806.91,35384,14707.19,2323.461
8,MD,EO,TP7,31783.04,15743.18,32630.12,14757.16,3195.188
8,MD,EO,CP3,43115.05,19317.27,36776.04,17938.88,3099.354
8,MD,EO,CPz,65544.03,30428.02,68653.54,18308.45,2893.693
8,MD,EO,CP4,49519.51,30527.11,99196.3,23967.03,3243.858
8,MD,EO,TP8,17998.79,9537.901,25206.16,9203.617,1947.095
8,MD,EO,P5,72778.94,28191.34,45023.68,26004.33,6129.483
8,MD,EO,P1,88610.62,32439.02,76086.34,22298.84,4476.626
8,MD,EO,P2,99297.66,44363.2,177893.6,32780.35,4464.439
8,MD,EO,P6,99374.86,48781.19,238365.3,51563.22,6039.674
8,MD,EO,PO7,90285.63,39191.76,59385.89,23586.07,6167.045
8,MD,EO,POz,136679.5,49131.91,165151.5,37752.51,5727.576
8,MD,EO,PO8,108855,51617.8,175892.4,49990.72,7093.266
8,MD,EO,Oz,99756.66,44947.87,82916.74,27711.07,6241.845
8,MD,EO,P9,78675.12,40097.04,74841.29,24148.85,6196.012
8,MD,EO,P10,71297.64,38945.25,77614.54,27952.52,5658.572
8,MD,EO,TP9,48631.27,24695.2,56605.41,15752.77,4459.025
9,nonMD,EC,AFz,204840,204984.4,495905.9,18765.18,2235.787
9,nonMD,EC,Fp1,201420.4,170204.3,468912.8,16648.41,3327.895
9,nonMD,EC,Fp2,208531.1,182544,467271.8,18844.46,3169.37
9,nonMD,EC,AF3,170147.5,173812.5,443626.2,16198.31,1990.224
9,nonMD,EC,AF4,191707.2,186625.8,447123.4,18743.75,2212.454
9,nonMD,EC,F7,168919.6,166975.6,290035.2,16214.44,2360.446
9,nonMD,EC,F3,196733.5,226560.7,424960.4,23261.96,2813.228
9,nonMD,EC,Fz,225480.4,270835.7,536152.9,24822.37,2470.281
9,nonMD,EC,F4,184415,193773,402194.9,19765.56,1997.501
9,nonMD,EC,F8,167922.5,136892.7,268517.6,15068.87,2536.419
9,nonMD,EC,FC5,111278.3,122365.1,208903.3,13680.13,2100.235
9,nonMD,EC,FC1,175845,237970.5,397195,22848.99,2560.871
9,nonMD,EC,FC2,181177.3,246765.6,392650.3,23872.63,2204.187
9,nonMD,EC,FC6,90018.29,82852.3,165607.8,11572.15,2178.337
9,nonMD,EC,T7,124983,134225.4,115190.7,15165.5,2775.733
9,nonMD,EC,C3,106556.3,127884.6,177696.8,15335.5,2160.347
9,nonMD,EC,Cz,198721.9,247065.8,325579.8,26721.54,4841.795
9,nonMD,EC,C4,80704.88,112343.8,103748.8,12419.02,1875.273
9,nonMD,EC,T8,79140.77,72715.48,63336.86,7044.513,1211.641
9,nonMD,EC,CP5,65684,85623.8,111407.3,10488.36,1293.771
9,nonMD,EC,CP1,154824.6,155707.4,185506.3,13380.59,2077.543
9,nonMD,EC,CP2,144307.7,151172.3,168232.8,12769.81,1707.303
9,nonMD,EC,CP6,113398.7,118987.5,318408.5,14221.36,2125.171
9,nonMD,EC,P7,269066.9,333995.9,565409.2,31055.09,3452.643
9,nonMD,EC,P3,168264.6,177965.2,377233.2,18312.69,2016.743
9,nonMD,EC,Pz,201379.2,187948.3,376998.8,17205.12,1914.045
9,nonMD,EC,P4,283428.9,252056.2,955650.7,29507.53,3639.062
9,nonMD,EC,P8,424421.2,399233.6,1061537,39128.47,4765.1
9,nonMD,EC,PO3,292792.4,310626.5,881593,31222.23,3363.53
9,nonMD,EC,PO4,645547.8,526316.8,2549401,63209.14,7627.518
9,nonMD,EC,O1,201827,226780.7,513943.7,20843.82,3376.561
9,nonMD,EC,O2,294277.7,287038.7,890539.4,31703.61,6657.39
9,nonMD,EC,AF7,178146.3,161003.5,358065.4,15642.02,2806.55
9,nonMD,EC,AF8,201352.8,164442.8,385694.1,18367.03,3326.434
9,nonMD,EC,F5,160142,180230,338181.3,19618.32,2447.704
9,nonMD,EC,F1,205753.1,241743.8,488020.7,22218.7,2438.612
9,nonMD,EC,F2,212327.4,236486,466664.8,22794.84,2324.797
9,nonMD,EC,F6,199308.3,168656.9,314760,23262.05,2930.401
9,nonMD,EC,FT7,134322.3,135725.7,187470.6,13824.02,2186.135
9,nonMD,EC,FC3,125940.5,159780.3,275073.6,16882.15,1941.782
9,nonMD,EC,FCz,242584.8,352136.3,521333.4,33952.95,3474.906
9,nonMD,EC,FC4,122019.1,150806.3,244719.2,15779.38,1615.39
9,nonMD,EC,FT8,281066.7,293599.2,354278.5,27774.88,6573.406
9,nonMD,EC,C5,64979.52,79374.99,105940,10299.22,1441.48
9,nonMD,EC,C1,134613.3,164198.8,233157.7,15498.64,2290.082
9,nonMD,EC,C2,117775.1,160406,173821.1,15460.48,1965.52
9,nonMD,EC,C6,46644.06,56585.69,59759.36,8204.26,1592.764
9,nonMD,EC,TP7,133063.2,159319.4,177294.7,16016.23,2038.03
9,nonMD,EC,CP3,98447.38,108723.3,143562.5,12126.43,1616.131
9,nonMD,EC,CPz,165485.8,173449.6,182524.9,14439.05,2317.251
9,nonMD,EC,CP4,102561.5,116658.5,188718.2,12466.68,1677.59
9,nonMD,EC,TP8,201695.2,198108.3,411501.4,19441.56,2716.967
9,nonMD,EC,P5,149642.7,184144.9,399217.2,19241.97,1998.895
9,nonMD,EC,P1,195320.1,190006.7,371974.9,17577.19,1931.444
9,nonMD,EC,P2,251895,224707.5,707669.7,23570.38,2579.533
9,nonMD,EC,P6,401203.9,369912.4,1336860,41580.64,5254.936
9,nonMD,EC,PO7,319476.2,377911.4,817618.2,34210.85,4139.107
9,nonMD,EC,POz,250992.5,247916,824506.4,25867.52,3300.892
9,nonMD,EC,PO8,555170.2,507306.4,1678435,52063.34,6188.083
9,nonMD,EC,Oz,198357.5,215143.8,505680,20861.1,3962.16
9,nonMD,EC,P9,111372.6,93578.82,141220.7,10134.04,1780.131
9,nonMD,EC,P10,266836.3,273921.2,363286.8,21678.17,3190.256
9,nonMD,EC,TP9,212073.2,198995.5,175407.6,20374.11,6826.878
9,nonMD,EO,AFz,124417.6,129993.6,126079,12501.14,1679.205
9,nonMD,EO,Fp1,70243.56,60061.4,124307.3,6214.337,1124.237
9,nonMD,EO,Fp2,119254.9,88001.09,125561.2,11988.77,2429.552
9,nonMD,EO,AF3,85297.23,94430,112911.7,9013.785,1260.661
9,nonMD,EO,AF4,119449.4,100711.9,109786.9,11917.64,2031.892
9,nonMD,EO,F7,109954.5,87340.49,115736.6,9495.861,1804.011
9,nonMD,EO,F3,93280.05,112040.2,96672.65,10696.96,1574.6
9,nonMD,EO,Fz,165727.6,219142.8,128217.5,21438.55,2626.485
9,nonMD,EO,F4,102816.6,97955.91,86391.54,11198.66,1764.181
9,nonMD,EO,F8,62789.66,52363.92,72649.63,6394.347,1552.291
9,nonMD,EO,FC5,74446.38,66053.76,73850.12,7798.178,1383.966
9,nonMD,EO,FC1,118574.5,141251.9,75978.42,14353.93,2087.696
9,nonMD,EO,FC2,120987,144664.4,77487.8,15795.71,2074.115
9,nonMD,EO,FC6,35626.42,35922.92,41483.86,5593.145,1149.609
9,nonMD,EO,T7,124375.4,103954.6,78592.3,12921.57,2223.404
9,nonMD,EO,C3,66868.76,70776.09,52516.79,9370.908,1727.689
9,nonMD,EO,Cz,151706.5,160046.8,86023.48,16495.84,2825.577
9,nonMD,EO,C4,65805.77,68556.69,67539.8,10203.7,1623.349
9,nonMD,EO,T8,88032.42,92362.78,67150.36,10685.09,2478.084
9,nonMD,EO,CP5,72777.18,76632.45,65184.17,10874.63,1673.258
9,nonMD,EO,CP1,99688.88,96441.1,102124.9,10049.59,1936.7
9,nonMD,EO,CP2,109893.9,93204.63,117759.3,10154.58,1797.48
9,nonMD,EO,CP6,77870.6,88767.68,115768.3,10648.72,1726.68
9,nonMD,EO,P7,86721.74,92664.05,89539.95,11394.36,1592.506
9,nonMD,EO,P3,97869.48,111523.6,189697.1,13247.76,2144.516
9,nonMD,EO,Pz,188725.2,110098.2,179389,11892.74,1996.003
9,nonMD,EO,P4,151372,118696.7,261550.3,13793.12,1994
9,nonMD,EO,P8,166410.5,176134.5,165045.5,17941.67,3178.769
9,nonMD,EO,PO3,139263.3,152416.8,258946.4,16407.01,2573.665
9,nonMD,EO,PO4,296173.2,190919.8,376806.7,20443.42,2968.233
9,nonMD,EO,O1,102493.7,96064.06,59755.3,9457.276,1833.855
9,nonMD,EO,O2,133192.2,110311.1,89529.3,10337.28,1779.2
9,nonMD,EO,AF7,87107.05,73070.47,113325.9,7749.989,1429.293
9,nonMD,EO,AF8,112592.3,78494.58,101668.4,11542.79,2795.875
9,nonMD,EO,F5,76353.9,72508.47,98323.98,7663.992,1325.733
9,nonMD,EO,F1,133045.9,167172.9,114323.2,15777.33,2075.785
9,nonMD,EO,F2,127037.5,137692.8,101342.2,14386.13,1978.014
9,nonMD,EO,F6,81373.55,59800.28,76085.06,9029.785,2136.834
9,nonMD,EO,FT7,123869.2,101012,103954.8,11675.55,2225.646
9,nonMD,EO,FC3,64504.12,70511.52,58421.46,7833.296,1313.634
9,nonMD,EO,FCz,201523.1,262424,125945.3,27227.46,3521.853
9,nonMD,EO,FC4,74771.23,75362.12,53044.39,9281.622,1412.254
9,nonMD,EO,FT8,135546.4,113116.1,66398.66,11714.02,2610.402
9,nonMD,EO,C5,64138.3,60805.94,50731.71,8463.648,1381.651
9,nonMD,EO,C1,103045.9,107952,57916.65,11719.14,2210.502
9,nonMD,EO,C2,107274.4,109700.7,71439.9,13369.93,2257.884
9,nonMD,EO,C6,43367.6,52152.46,49009.51,7582.005,1327.859
9,nonMD,EO,TP7,60362.47,53052.89,43272.34,7104.705,1011.982
9,nonMD,EO,CP3,71086.67,79457.3,89148.04,10298.72,1793.442
9,nonMD,EO,CPz,145920.6,126375.7,129440.1,12868.29,2448.761
9,nonMD,EO,CP4,80407.26,74134.09,113785.4,9760.403,1509.075
9,nonMD,EO,TP8,122725,135862.2,116292.3,14617.11,2831.699
9,nonMD,EO,P5,72509.32,89626.29,136940.9,11498.53,1636.692
9,nonMD,EO,P1,142588.3,114787.9,192561.9,12339.38,2077.061
9,nonMD,EO,P2,183071.6,115371.7,241941.8,12903.58,2011.525
9,nonMD,EO,P6,161015.6,164454.6,252939.3,17706.31,2795.337
9,nonMD,EO,PO7,94358.23,106556,112101.1,11925.23,1897.139
9,nonMD,EO,POz,234448.2,129777.3,183128.4,14264.85,2287.939
9,nonMD,EO,PO8,177761.3,167671.1,181520.3,16512.41,2685.877
9,nonMD,EO,Oz,112388.5,95818.13,56578.6,9070.536,1728.863
9,nonMD,EO,P9,63199.5,62014.38,60208.35,7188.184,1702.237
9,nonMD,EO,P10,133780.4,121408.1,68497.6,11535.12,2464.333
9,nonMD,EO,TP9,133879.3,103975.5,80000.18,11346.12,2299.825
